X,Y,SAMPLEID,SAMPLETYPE,WAMEX_A_NO,COMPSAMPID,Ag_ppm,Al_ppm,Al2O3_pct,As_ppm,Au_ppm,B_ppm,Ba_ppm,BaO_ppm,Be_ppm,Bi_ppm,Br_ppm,C_ppm,Ca_ppm,CaO_pct,Cd_ppm,Ce_ppm,CeO2_ppm,Cl_ppm,Co_ppm,CO2_pct,Cr_ppm,Cr2O3_ppm,Cs_ppm,Cs2O_ppm,Cu_ppm,Dy_ppm,Dy2O3_ppm,Er_ppm,Er2O3_ppm,Eu_ppm,Eu2O3_ppm,F_ppm,Fe_ppm,Fe2O3_pct,Fe2O3T_pct,FeO_pct,Ga_ppm,Ga2O3_ppm,Gd_ppm,Gd2O3_ppm,Ge_ppm,H2Oneg_pct,H2Opos_pct,Hf_ppm,Hg_ppm,Ho_ppm,Ho2O3_ppm,I_ppm,In_ppm,Ir_ppb,K_ppm,K2O_pct,La_ppm,La2O3_ppm,LABnegNR_N,Li_ppm,Li2O_ppm,LOI_pct,Lu_ppm,Lu2O3_ppm,Mg_ppm,MgO_pct,Mn_ppm,MnO_pct,Mo_ppm,Na_ppm,Na2O_pct,Nb_ppm,Nb2O5_ppm,Nd_ppm,Nd2O3_ppm,Ni_ppm,Os_ppb,P_ppm,P2O5_pct,Pb_ppm,Pd_ppb,Pr_ppm,Pr2O3_ppm,Pt_ppb,Rb_ppm,Rb2O_ppm,Re_ppm,Rh_ppb,Ru_ppb,S_pct,Sb_ppm,Sb2O5_ppm,Sc_ppm,Se_ppm,Si_ppm,SiO2_pct,Sm_ppm,Sm2O3_ppm,Sn_ppm,SO3_pct,Sr_ppm,SrO_ppm,Ta_ppm,Ta2O5_ppm,Tb_ppm,Tb2O3_ppm,Te_ppm,Th_ppm,ThO2_ppm,Ti_ppm,TiO2_pct,Tl_ppm,Tm_ppm,Tm2O3_ppm,U_ppm,U3O8_ppm,V_ppm,V2O5_ppm,W_ppm,WO3_ppm,Y_ppm,Y2O3_ppm,Yb_ppm,Yb2O3_ppm,Zn_ppm,ZnO_ppm,Zr_ppm,ZrO2_ppm
120.09205314953,-33.5579343714207,"9926028",ROCKC,"101503",GSRK0136,-0.010000000000000,6480.000000000000000,1.224371800890000,1.200000000000000,0.015000000000000,-9999.000000000000000,149.000000000000000,166.357769689000008,0.200000000000000,0.010000000000000,-9999.000000000000000,-9999.000000000000000,300.000000000000000,0.041975595390000,0.100000000000000,59.000000000000000,72.475600000000000,-9999.000000000000000,79.900000000000006,-9999.000000000000000,96.000000000000000,140.309440778999999,1.000000000000000,1.060200000000000,175.699999999999989,3.310000000000000,3.798887000000000,1.000000000000000,1.143500000000000,1.300000000000000,1.505270000000000,-9999.000000000000000,13380.000000000000000,-9999.000000000000000,1.720668000000000,-9999.000000000000000,20.480000000000000,27.529216000000002,4.830000000000000,5.567058000000000,0.140000000000000,-9999.000000000000000,-9999.000000000000000,2.540000000000000,-9999.000000000000000,0.520000000000000,0.595660000000000,-9999.000000000000000,0.036000000000000,-9999.000000000000000,1730.000000000000000,0.208396826098000,33.200000000000003,38.936959999999999,-9999.000000000000000,50.700000000000003,109.141890000000004,-9999.000000000000000,0.240000000000000,0.272904000000000,3740.000000000000000,0.620195145909000,78.899994000000007,0.010187782407700,25.129999999999999,270.000000000000000,0.036395154322200,5.280000000000000,7.553040000000000,22.739999999999998,26.523935999999999,134.699999999999989,-9999.000000000000000,33.999997999999998,0.007790642063570,2.400000000000000,-9999.000000000000000,6.300000000000000,7.372890000000000,-9999.000000000000000,72.810000000000002,79.625016000000002,0.002000000000000,-9999.000000000000000,-9999.000000000000000,-0.010000000000000,0.060000000000000,0.079704000000000,14.199999999999999,-0.500000000000000,-9999.000000000000000,-9999.000000000000000,4.610000000000000,5.345756000000000,3.300000000000000,-9999.000000000000000,19.300000000000001,22.824165232799999,0.310000000000000,0.378541000000000,0.640000000000000,0.736640000000000,0.030000000000000,2.700000000000000,3.072330000000000,290.000000000000000,0.048372999192100,0.180000000000000,0.180000000000000,0.205578000000000,1.540000000000000,1.816033452750000,109.000000000000000,194.585176536999995,0.560000000000000,0.706160000000000,14.270000000000000,18.121473000000002,1.430000000000000,1.628341000000000,37.000000000000000,46.057600000000001,98.000000000000000,132.377156025000005
120.09205314953,-33.5579343714207,"12153506",ROCKC,"114345",GSRK0136,-0.010000000000000,6480.000000000000000,1.224371800890000,1.200000000000000,0.015000000000000,0.000000000000000,149.000000000000000,166.357769689000008,0.210000000000000,0.010000000000000,-9999.000000000000000,-9999.000000000000000,299.999979999999994,0.041975592591600,0.090000000000000,58.910004000000001,72.365048913600006,-9999.000000000000000,79.900000000000006,-9999.000000000000000,96.000000000000000,140.309440778999999,1.020000000000000,1.081404000000000,175.699999999999989,3.310000200000000,3.798887229540000,1.370000100000000,1.566595114350000,1.340000000000000,1.551586000000000,-9999.000000000000000,13380.000000000000000,-9999.000000000000000,1.720668000000000,-9999.000000000000000,20.480000000000000,27.529216000000002,4.830000400000000,5.567058461040000,0.140000000000000,-9999.000000000000000,-9999.000000000000000,2.540000000000000,0.000000000000000,0.520000040000000,0.595660045820000,-9999.000000000000000,0.036000000000000,-9999.000000000000000,1729.999900000000025,0.208396814052000,33.200000000000003,38.936959999999999,-9999.000000000000000,50.700000000000003,109.141890000000004,-9999.000000000000000,0.240000010000000,0.272904011371000,3740.000000000000000,0.620195145909000,78.899994000000007,0.010187782407700,25.129999999999999,269.999979999999994,0.036395151626300,5.280000000000000,7.553040000000000,22740.000000000000000,26523.936000000001513,134.699999999999989,-9999.000000000000000,33.999997999999998,0.007790642063570,2.400000000000000,0.000000000000000,6.300000000000000,7.372890000000000,0.000000000000000,72.810000000000002,79.625016000000002,0.002000000000000,-9999.000000000000000,-9999.000000000000000,0.000000000000000,0.060000000000000,0.079704000000000,14.199999999999999,-0.500000000000000,0.000000000000000,-9999.000000000000000,4.610000000000000,5.345756000000000,3.300000000000000,-9999.000000000000000,19.300000000000001,22.824165232799999,0.310000000000000,0.378541000000000,0.640000050000000,0.736640057550000,0.030000000000000,2.700000000000000,3.072330000000000,290.000000000000000,0.048372999192100,0.180000000000000,0.180000000000000,0.205578000000000,1.540000000000000,1.816033452750000,109.000000000000000,194.585176536999995,0.560000000000000,0.706160000000000,14.270000000000000,18.121473000000002,1.430000100000000,1.628341113870000,37.000000000000000,46.057600000000001,98.000000000000000,132.377156025000005
120.09312615125,-33.5570853722127,"9926029",ROCKC,"101503",GSRK0137,0.000000000000000,3480.000000000000000,0.657533004184000,-0.500000000000000,0.003000000000000,-9999.000000000000000,211.000000000000000,235.580465801999992,0.500000000000000,0.050000000000000,-9999.000000000000000,-9999.000000000000000,370.000000000000000,0.051769900981000,0.100000000000000,2.000000000000000,2.456800000000000,-9999.000000000000000,4.400000000000001,-9999.000000000000000,12.000000000000000,17.538680097400000,0.300000000000000,0.318060000000000,90.299999999999997,0.170000000000000,0.195109000000000,0.000000000000000,-9999.000000000000000,0.100000000000000,0.115790000000000,-9999.000000000000000,2010.000000000000000,-9999.000000000000000,0.258486000000000,-9999.000000000000000,19.350000000000001,26.010269999999998,0.190000000000000,0.218994000000000,-0.050000000000000,-9999.000000000000000,-9999.000000000000000,2.600000000000000,-9999.000000000000000,0.040000000000000,0.045820000000000,-9999.000000000000000,0.009000000000000,-9999.000000000000000,640.000000000000000,0.077094779596800,1.000000000000000,1.172800000000000,-9999.000000000000000,5.800000000000000,12.485659999999999,-9999.000000000000000,0.030000000000000,0.034113000000000,100.000000000000000,0.016582757912000,12.399998999999999,0.001601121689150,0.570000000000000,4440.000000000000000,0.598498093298000,2.230000000000000,3.190015000000000,0.720000000000000,0.839808000000000,8.699999999999999,-9999.000000000000000,8.199999999999999,0.001878919667030,2.400000000000000,-9999.000000000000000,0.190000000000000,0.222357000000000,-9999.000000000000000,13.199999999999999,14.435520000000000,0.001000000000000,-9999.000000000000000,-9999.000000000000000,0.010000000000000,0.070000000000000,0.092988000000000,1.200000000000000,-0.500000000000000,-9999.000000000000000,-9999.000000000000000,0.160000000000000,0.185536000000000,0.700000000000000,0.024971345381200,40.299999999999997,47.658749164800000,0.160000000000000,0.195376000000000,0.030000000000000,0.034530000000000,0.030000000000000,0.500000000000000,0.568950000000000,160.000000000000000,0.026688551278400,0.070000000000000,0.020000000000000,0.022842000000000,0.160000000000000,0.188678800286000,30.000000000000000,53.555553175299998,0.750000000000000,0.945750000000000,1.160000000000000,1.473084000000000,0.170000000000000,0.193579000000000,6.000000000000000,7.468800000000000,93.000000000000000,125.623219492999993
120.09312615125,-33.5570853722127,"12153507",ROCKC,"114345",GSRK0137,0.040000000000000,3480.000000000000000,0.657533004184000,-0.500000000000000,0.003000000000000,0.000000000000000,211.000000000000000,235.580465801999992,0.470000000000000,0.050000000000000,-9999.000000000000000,-9999.000000000000000,370.000000000000000,0.051769900981000,0.060000000000000,1.550000100000000,1.904020122840000,-9999.000000000000000,4.400000000000001,-9999.000000000000000,12.000000000000000,17.538680097400000,0.340000000000000,0.360468000000000,90.299999999999997,0.170000000000000,0.195109000000000,0.130000010000000,0.148655011435000,0.070000000000000,0.081053000000000,-9999.000000000000000,2010.000000000000000,-9999.000000000000000,0.258486000000000,-9999.000000000000000,19.350000000000001,26.010269999999998,0.190000010000000,0.218994011526000,-0.050000000000000,-9999.000000000000000,-9999.000000000000000,2.600000000000000,0.000000000000000,0.040000003000000,0.045820003436500,-9999.000000000000000,0.009000000000000,-9999.000000000000000,640.000000000000000,0.077094779596800,1.000000000000000,1.172800000000000,-9999.000000000000000,5.800000000000000,12.485659999999999,-9999.000000000000000,0.030000001000000,0.034113001137100,99.999994000000001,0.016582756917000,12.399998999999999,0.001601121689150,0.570000000000000,4440.000000000000000,0.598498093298000,2.230000000000000,3.190015000000000,720.000000000000000,839.807999999999993,8.699999999999999,-9999.000000000000000,8.199999999999999,0.001878919667030,2.400000000000000,0.000000000000000,0.190000010000000,0.222357011703000,0.000000000000000,13.199999999999999,14.435520000000000,0.001000000000000,-9999.000000000000000,-9999.000000000000000,0.010000000000000,0.070000000000000,0.092988000000000,1.200000000000000,-0.500000000000000,0.000000000000000,-9999.000000000000000,0.160000010000000,0.185536011596000,0.700000000000000,0.024971345381200,40.299999999999997,47.658749164800000,0.160000000000000,0.195376000000000,0.030000001000000,0.034530001151000,0.030000000000000,0.500000000000000,0.568950000000000,160.000000000000000,0.026688551278400,0.070000000000000,0.020000001000000,0.022842001142100,0.160000000000000,0.188678800286000,30.000000000000000,53.555553175299998,0.750000000000000,0.945750000000000,1.160000000000000,1.473084000000000,0.170000000000000,0.193579000000000,6.000000000000000,7.468800000000000,93.000000000000000,125.623219492999993
120.095894153822,-33.5570693731476,"9926000",ROCKC,"101503",GSRK0087,0.110000000000000,7410.000000000000000,1.400091827870000,2.900000000000000,0.004000000000000,-9999.000000000000000,160.000000000000000,178.639215774000007,0.280000000000000,0.060000000000000,-9999.000000000000000,-9999.000000000000000,6910.000000000000000,0.966837880483000,0.120000000000000,7.550000000000000,9.274419999999999,-9999.000000000000000,59.600000000000001,-9999.000000000000000,260.000000000000000,380.004735444000005,0.650000000000000,0.689130000000000,193.900000000000006,3.170000000000000,3.638209000000000,2.040000000000000,2.332740000000000,0.740000000000000,0.856846000000000,-9999.000000000000000,10010.000000000000000,-9999.000000000000000,1.287286000000000,-9999.000000000000000,15.750000000000000,21.171150000000001,2.790000000000000,3.215754000000000,0.180000000000000,-9999.000000000000000,-9999.000000000000000,0.880000000000000,-9999.000000000000000,0.690000000000000,0.790395000000000,-9999.000000000000000,0.059000000000000,-9999.000000000000000,670.000000000000000,0.080708597390400,2.600000000000000,3.049280000000000,-9999.000000000000000,13.400000000000000,28.846180000000000,-9999.000000000000000,0.300000000000000,0.341130000000000,5660.000000000000000,0.938584097819000,189.199999999999989,0.024430020001400,0.280000000000000,1240.000000000000000,0.167148116146000,1.910000000000000,2.732255000000000,5.420000000000000,6.321888000000000,197.099999999999994,-9999.000000000000000,19.100000000000001,0.004376508004920,1.900000000000000,-9999.000000000000000,1.110000000000000,1.299033000000000,-9999.000000000000000,29.399999999999999,32.151840000000000,0.003000000000000,-9999.000000000000000,-9999.000000000000000,0.010000000000000,0.330000000000000,0.438372000000000,43.600000000000001,0.700000000000000,-9999.000000000000000,-9999.000000000000000,1.950000000000000,2.261220000000000,0.600000000000000,0.024971345381200,88.599999999999994,104.778292207999996,0.150000000000000,0.183165000000000,0.460000000000000,0.529460000000000,0.060000000000000,0.300000000000000,0.341370000000000,480.000000000000000,0.080065653835200,0.190000000000000,0.300000000000000,0.342630000000000,0.060000000000000,0.070754550107200,288.000000000000000,514.133310482999946,0.520000000000000,0.655720000000000,17.879999999999999,22.705812000000002,2.010000000000000,2.288787000000000,101.000000000000000,125.724800000000002,25.899999999999999,34.985391235300000
120.095894153822,-33.5570693731476,"12153473",ROCKC,"114345",GSRK0087,0.110000000000000,7410.000000000000000,1.400091827870000,2.900000000000000,0.004000000000000,0.000000000000000,160.000000000000000,178.639215774000007,0.280000000000000,0.060000000000000,-9999.000000000000000,-9999.000000000000000,6910.000000000000000,0.966837880483000,0.120000000000000,7.550000000000000,9.274419999999999,-9999.000000000000000,59.600000000000001,-9999.000000000000000,260.000000000000000,380.004735444000005,0.650000000000000,0.689130000000000,193.900000000000006,3.170000000000000,3.638209000000000,2.040000200000000,2.332740228700000,0.740000000000000,0.856846000000000,-9999.000000000000000,10009.998999999999796,-9999.000000000000000,1.287285871400000,-9999.000000000000000,15.750000000000000,21.171150000000001,2.790000200000000,3.215754230520000,0.180000000000000,-9999.000000000000000,-9999.000000000000000,0.880000000000000,0.000000000000000,0.690000060000000,0.790395068730000,-9999.000000000000000,0.059000000000000,-9999.000000000000000,669.999959999999987,0.080708592572000,2.600000100000000,3.049280117280000,-9999.000000000000000,13.400000000000000,28.846180000000000,-9999.000000000000000,0.300000000000000,0.341130000000000,5660.000000000000000,0.938584097819000,189.199999999999989,0.024430020001400,0.280000000000000,1240.000000000000000,0.167148116146000,1.910000000000000,2.732255000000000,5420.000000000000000,6321.887999999999920,197.099999999999994,-9999.000000000000000,19.100000000000001,0.004376508004920,1.900000000000000,0.000000000000000,1.110000000000000,1.299033000000000,0.000000000000000,29.399999999999999,32.151840000000000,0.003000000000000,-9999.000000000000000,-9999.000000000000000,0.010000000000000,0.330000000000000,0.438372000000000,43.600000000000001,0.700000000000000,0.000000000000000,-9999.000000000000000,1.950000000000000,2.261220000000000,0.600000000000000,0.024971345381200,88.599999999999994,104.778292207999996,0.150000000000000,0.183165000000000,0.460000000000000,0.529460000000000,0.060000000000000,0.300000000000000,0.341370000000000,480.000000000000000,0.080065653835200,0.190000000000000,0.300000000000000,0.342630000000000,0.060000000000000,0.070754550107200,288.000000000000000,514.133310482999946,0.520000000000000,0.655720000000000,17.879999999999999,22.705812000000002,2.010000000000000,2.288787000000000,101.000000000000000,125.724800000000002,25.899999999999999,34.985391235300000
120.106847169336,-33.5569743711955,"9919985",ROCKC,"101425",GSRK0323,1.700000000000000,4690.000000000000000,0.886157985523000,5.600000000000000,2.477000000000000,-9999.000000000000000,86.000000000000000,96.018578478400002,0.400000000000000,6.700000000000000,-9999.000000000000000,-9999.000000000000000,2840.000000000000000,0.397368969692000,0.700000000000000,19.000000000000000,23.339600000000001,-9999.000000000000000,231.500000000000000,-9999.000000000000000,43.000000000000000,62.846937015700000,0.500000000000000,0.530100000000000,21710.000000000000000,1.420000000000000,1.629734000000000,1.000000000000000,1.143500000000000,0.500000000000000,0.578950000000000,-9999.000000000000000,7220.000000000000000,-9999.000000000000000,0.928492000000000,-9999.000000000000000,10.100000000000000,13.576420000000001,1.720000000000000,1.982472000000000,0.140000000000000,-9999.000000000000000,-9999.000000000000000,1.870000000000000,-9999.000000000000000,0.280000000000000,0.320740000000000,-9999.000000000000000,0.580000000000000,-9999.000000000000000,1140.000000000000000,0.137325076157000,14.300000000000001,16.771039999999999,-9999.000000000000000,12.000000000000000,25.832400000000000,-9999.000000000000000,0.140000000000000,0.159194000000000,3160.000000000000000,0.524015150019000,77.400000000000006,0.009994099091470,78.530000000000001,610.000000000000000,0.082226089394600,2.230000000000000,3.190015000000000,9.090000000000000,10.602575999999999,116.099999999999994,-9999.000000000000000,26.099999000000000,0.005980463589100,4.600000000000000,-9999.000000000000000,2.330000000000000,2.726799000000000,-9999.000000000000000,23.000000000000000,25.152799999999999,-0.001000000000000,-9999.000000000000000,-9999.000000000000000,0.010000000000000,0.750000000000000,0.996300000000000,5.100000000000000,0.800000000000000,-9999.000000000000000,-9999.000000000000000,1.760000000000000,2.040896000000000,6.400000000000000,0.024971345381200,25.699999999999999,30.392800335899999,0.240000000000000,0.293064000000000,0.230000000000000,0.264730000000000,1.500000000000000,2.300000000000000,2.617170000000000,140.000000000000000,0.023352482368600,0.090000000000000,0.130000000000000,0.148473000000000,1.060000000000000,1.249997051890000,50.000000000000000,89.259255292199995,8.980000000000000,11.323779999999999,8.330000000000000,10.578267000000000,0.880000000000000,1.002056000000000,38.000000000000000,47.302399999999999,74.000000000000000,99.958260672199998
120.106710169284,-33.5568903711743,"9919984",ROCKC,"101425",GSRK0322,3.700000000000000,880.000000000000000,0.166272713702000,2.600000000000000,0.269000000000000,-9999.000000000000000,9.000000000000000,10.048455887299999,0.100000000000000,3.190000000000000,-9999.000000000000000,-9999.000000000000000,1680.000000000000000,0.235063334184000,0.500000000000000,2.000000000000000,2.456800000000000,-9999.000000000000000,67.400000000000006,-9999.000000000000000,11.000000000000000,16.077123422600000,0.100000000000000,0.106020000000000,19006.000000000000000,0.470000000000000,0.539419000000000,0.000000000000000,-9999.000000000000000,0.100000000000000,0.115790000000000,-9999.000000000000000,2550.000000000000000,-9999.000000000000000,0.327930000000000,-9999.000000000000000,2.510000000000000,3.373942000000000,0.410000000000000,0.472566000000000,0.150000000000000,-9999.000000000000000,-9999.000000000000000,0.070000000000000,-9999.000000000000000,0.090000000000000,0.103095000000000,-9999.000000000000000,0.653000000000000,-9999.000000000000000,120.000000000000000,0.014455271174400,1.400000000000000,1.641920000000000,-9999.000000000000000,6.200000000000000,13.346740000000000,-9999.000000000000000,0.040000000000000,0.045484000000000,14410.000000000000000,2.389575415120000,16.800000000000001,0.002169261818300,6.280000000000000,70.000000000000000,0.009435780750200,0.270000000000000,0.386235000000000,1.070000000000000,1.248048000000000,56.500000000000000,-9999.000000000000000,3.799999800000000,0.000870718824261,8.000000000000000,-9999.000000000000000,53.000000000000000,62.025900000000000,-9999.000000000000000,3.290000000000000,3.597944000000000,-0.001000000000000,-9999.000000000000000,-9999.000000000000000,0.040000000000000,0.870000000000000,1.155708000000000,1.600000000000000,1.900000000000000,-9999.000000000000000,-9999.000000000000000,0.220000000000000,0.255112000000000,3.100000000000000,0.099885381524700,400.000000000000000,473.039693942999975,0.120000000000000,0.146532000000000,0.070000000000000,0.080570000000000,1.370000000000000,0.400000000000000,0.455160000000000,10.000000000000000,0.001668034454900,-0.020000000000000,0.040000000000000,0.045684000000000,0.300000000000000,0.353772750536000,20.000000000000000,35.703702116899997,0.770000000000000,0.970970000000000,2.550000000000000,3.238245000000000,0.270000000000000,0.307449000000000,17.000000000000000,21.161600000000000,2.700000000000000,3.647125727230000
120.096720155269,-33.5568273730466,"9925999",ROCKC,"101503",GSRK0086,0.370000000000000,6060.000000000000000,1.145014369350000,2.400000000000000,0.024000000000000,-9999.000000000000000,295.000000000000000,329.366054082999995,0.680000000000000,0.010000000000000,-9999.000000000000000,-9999.000000000000000,1000.000000000000000,0.139918651300000,0.100000000000000,22.640000000000001,27.810976000000000,-9999.000000000000000,90.400000000000006,-9999.000000000000000,22.000000000000000,32.154246845199999,2.050000000000000,2.173410000000000,1698.099999999999909,1.910000000000000,2.192107000000000,1.180000000000000,1.349330000000000,0.880000000000000,1.018952000000000,-9999.000000000000000,7370.000000000000000,-9999.000000000000000,0.947782000000000,-9999.000000000000000,17.199999999999999,23.120239999999999,2.500000000000000,2.881500000000000,0.210000000000000,-9999.000000000000000,-9999.000000000000000,3.370000000000000,-9999.000000000000000,0.370000000000000,0.423835000000000,-9999.000000000000000,0.027000000000000,-9999.000000000000000,1460.000000000000000,0.175872465955000,12.000000000000000,14.073600000000001,-9999.000000000000000,37.600000000000001,80.941519999999997,-9999.000000000000000,0.230000000000000,0.261533000000000,1340.000000000000000,0.222208956021000,23.100000000000001,0.002982735000170,1.420000000000000,3010.000000000000000,0.405738572259000,4.210000000000000,6.022405000000000,9.880000000000001,11.524032000000000,278.100000000000023,-9999.000000000000000,31.600000000000001,0.007240714814420,2.300000000000000,-9999.000000000000000,2.670000000000000,3.124701000000000,-9999.000000000000000,38.399999999999999,41.994239999999998,0.001000000000000,-9999.000000000000000,-9999.000000000000000,-0.010000000000000,-0.050000000000000,-9999.000000000000000,10.199999999999999,-0.500000000000000,-9999.000000000000000,-9999.000000000000000,2.360000000000000,2.736656000000000,2.200000000000000,-9999.000000000000000,132.099999999999994,156.221358925000004,0.400000000000000,0.488440000000000,0.330000000000000,0.379830000000000,0.040000000000000,3.300000000000000,3.755070000000000,300.000000000000000,0.050041033647000,0.280000000000000,0.190000000000000,0.216999000000000,1.660000000000000,1.957542552970000,133.000000000000000,237.429619077000012,1.460000000000000,1.841060000000000,11.420000000000000,14.502257999999999,1.320000000000000,1.503084000000000,55.000000000000000,68.463999999999999,129.900000000000006,175.467271098999987
120.096720155269,-33.5568273730466,"12153472",ROCKC,"114345",GSRK0086,0.370000000000000,6060.000000000000000,1.145014369350000,2.400000000000000,0.024000000000000,0.000000000000000,295.000000000000000,329.366054082999995,0.680000000000000,0.010000000000000,-9999.000000000000000,-9999.000000000000000,1000.000000000000000,0.139918651300000,0.100000000000000,22.640001000000002,27.810977228399999,-9999.000000000000000,90.400000000000006,-9999.000000000000000,22.000000000000000,32.154246845199999,2.050000000000000,2.173410000000000,1698.099999999999909,1.910000100000000,2.192107114770000,1.180000100000000,1.349330114350000,0.880000050000000,1.018952057890000,-9999.000000000000000,7370.000000000000000,-9999.000000000000000,0.947782000000000,-9999.000000000000000,17.199999999999999,23.120239999999999,2.500000000000000,2.881500000000000,0.210000000000000,-9999.000000000000000,-9999.000000000000000,3.370000000000000,0.000000000000000,0.370000000000000,0.423835000000000,-9999.000000000000000,0.027000000000000,-9999.000000000000000,1459.999900000000025,0.175872453909000,12.000000999999999,14.073601172800000,-9999.000000000000000,37.600000000000001,80.941519999999997,-9999.000000000000000,0.230000000000000,0.261533000000000,1339.999900000000025,0.222208939438000,23.100000000000001,0.002982735000170,1.420000000000000,3010.000000000000000,0.405738572259000,4.210000000000000,6.022405000000000,9880.000000000000000,11524.031999999999243,278.100000000000023,-9999.000000000000000,31.600000000000001,0.007240714814420,2.300000000000000,0.000000000000000,2.670000000000000,3.124701000000000,0.000000000000000,38.399999999999999,41.994239999999998,0.001000000000000,-9999.000000000000000,-9999.000000000000000,0.000000000000000,-0.050000000000000,-9999.000000000000000,10.199999999999999,-0.500000000000000,0.000000000000000,-9999.000000000000000,2.360000100000000,2.736656115960000,2.200000000000000,-9999.000000000000000,132.099999999999994,156.221358925000004,0.400000000000000,0.488440000000000,0.330000000000000,0.379830000000000,0.040000000000000,3.300000000000000,3.755070000000000,300.000000000000000,0.050041033647000,0.280000000000000,0.190000010000000,0.216999011421000,1.660000000000000,1.957542552970000,133.000000000000000,237.429619077000012,1.460000000000000,1.841060000000000,11.420000000000000,14.502257999999999,1.320000000000000,1.503084000000000,55.000000000000000,68.463999999999999,129.900000000000006,175.467271098999987
120.092751151418,-33.5567073720833,"12153508",ROCKC,"114345",GSRK0138,-0.010000000000000,6120.000000000000000,1.156351145290000,3.900000000000000,0.003000000000000,0.000000000000000,258.000000000000000,288.055735434999974,1.430000000000000,0.370000000000000,-9999.000000000000000,-9999.000000000000000,4190.000000000000000,0.586259148947000,0.050000000000000,23.740002000000000,29.162218456800002,-9999.000000000000000,13.000000000000000,-9999.000000000000000,55.000000000000000,80.385617113099997,0.340000000000000,0.360468000000000,25.199999999999999,2.360000100000000,2.708572114770000,1.470000000000000,1.680945000000000,0.590000030000000,0.683161034737000,-9999.000000000000000,3260.000000000000000,-9999.000000000000000,0.419236000000000,-9999.000000000000000,19.870000000000001,26.709254000000001,2.590000200000000,2.985234230520000,0.120000000000000,-9999.000000000000000,-9999.000000000000000,1.980000000000000,0.000000000000000,0.480000020000000,0.549840022910000,-9999.000000000000000,0.031000000000000,-9999.000000000000000,1729.999900000000025,0.208396814052000,13.000000999999999,15.246401172800001,-9999.000000000000000,7.900000000000000,17.006329999999998,-9999.000000000000000,0.230000000000000,0.261533000000000,1339.999900000000025,0.222208939438000,89.999995999999996,0.011621044938700,0.550000000000000,3470.000000000000000,0.467745131474000,6.530000000000000,9.341165000000000,10760.000000000000000,12550.463999999999942,61.700000000000003,-9999.000000000000000,29.199998999999998,0.006690786877860,2.500000000000000,0.000000000000000,2.890000000000000,3.382167000000000,0.000000000000000,37.909999999999997,41.458376000000001,0.002000000000000,-9999.000000000000000,-9999.000000000000000,0.020000000000000,0.500000000000000,0.664200000000000,7.200000000000000,-0.500000000000000,0.000000000000000,-9999.000000000000000,2.260000000000000,2.620696000000000,1.500000000000000,0.049942690762400,162.199999999999989,191.817595893999993,0.540000000000000,0.659394000000000,0.400000000000000,0.460400000000000,-0.010000000000000,4.000000000000000,4.551600000000000,310.000000000000000,0.051709068101900,0.280000000000000,0.200000000000000,0.228420000000000,0.830000000000000,0.978771276483000,74.000000000000000,132.103697831999995,0.550000000000000,0.693550000000000,13.640000000000001,17.321435999999999,1.480000000000000,1.685276000000000,25.000000000000000,31.120000000000001,52.899999999999999,71.456648507599994
120.10551616817,-33.556537371234,"9919968",ROCKC,"101425",GSRK0281,-0.010000000000000,6500.000000000000000,1.228150726200000,5.900000000000000,0.016000000000000,-9999.000000000000000,149.000000000000000,166.357769689000008,0.400000000000000,0.010000000000000,-9999.000000000000000,-9999.000000000000000,320.000000000000000,0.044773968416000,0.100000000000000,2.000000000000000,2.456800000000000,-9999.000000000000000,20.899999999999999,-9999.000000000000000,75.000000000000000,109.616750608999993,0.800000000000000,0.848160000000000,379.000000000000000,0.730000000000000,0.837821000000000,1.000000000000000,1.143500000000000,0.200000000000000,0.231580000000000,-9999.000000000000000,4430.000000000000000,-9999.000000000000000,0.569698000000000,-9999.000000000000000,16.020000000000000,21.534084000000000,0.550000000000000,0.633930000000000,0.200000000000000,-9999.000000000000000,-9999.000000000000000,3.620000000000000,-9999.000000000000000,0.150000000000000,0.171825000000000,-9999.000000000000000,0.023000000000000,-9999.000000000000000,1950.000000000000000,0.234898156584000,0.900000000000000,1.055520000000000,-9999.000000000000000,15.500000000000000,33.366849999999999,-9999.000000000000000,0.100000000000000,0.113710000000000,1370.000000000000000,0.227183783394000,37.799999999999997,0.004880839091180,1.820000000000000,700.000000000000000,0.094357807502000,5.230000000000000,7.481515000000000,1.400000000000000,1.632960000000000,62.100000000000001,-9999.000000000000000,6.100000000000000,0.001397732923040,1.800000000000000,-9999.000000000000000,0.270000000000000,0.315981000000000,-9999.000000000000000,65.489999999999995,71.619864000000007,-0.001000000000000,-9999.000000000000000,-9999.000000000000000,0.010000000000000,0.450000000000000,0.597780000000000,6.900000000000000,0.600000000000000,-9999.000000000000000,-9999.000000000000000,0.410000000000000,0.475436000000000,1.900000000000000,0.024971345381200,29.600000000000001,35.004937351800002,0.420000000000000,0.512862000000000,0.090000000000000,0.103590000000000,0.010000000000000,2.500000000000000,2.844750000000000,300.000000000000000,0.050041033647000,0.140000000000000,0.090000000000000,0.102789000000000,0.830000000000000,0.978771276483000,83.000000000000000,148.170363785000006,0.890000000000000,1.122290000000000,4.430000000000000,5.625657000000000,0.620000000000000,0.705994000000000,14.000000000000000,17.427199999999999,126.900000000000006,171.414909179999995
120.10550816829,-33.5564563711983,"9919967",ROCKC,"101425",GSRK0280,0.200000000000000,8490.000000000000000,1.604153794690000,4.100000000000000,0.078000000000000,-9999.000000000000000,379.000000000000000,423.151642363999997,0.700000000000000,-0.010000000000000,-9999.000000000000000,-9999.000000000000000,260.000000000000000,0.036378849338000,0.100000000000000,24.000000000000000,29.481600000000000,-9999.000000000000000,52.299999999999997,-9999.000000000000000,75.000000000000000,109.616750608999993,0.500000000000000,0.530100000000000,2310.000000000000000,2.440000000000000,2.800388000000000,1.000000000000000,1.143500000000000,0.800000000000000,0.926320000000000,-9999.000000000000000,8020.000000000000000,-9999.000000000000000,1.031372000000000,-9999.000000000000000,15.460000000000001,20.781331999999999,2.840000000000000,3.273384000000000,0.170000000000000,-9999.000000000000000,-9999.000000000000000,3.290000000000000,-9999.000000000000000,0.430000000000000,0.492565000000000,-9999.000000000000000,0.072000000000000,-9999.000000000000000,2190.000000000000000,0.263808698933000,11.000000000000000,12.900800000000000,-9999.000000000000000,15.000000000000000,32.290500000000002,-9999.000000000000000,0.210000000000000,0.238791000000000,1490.000000000000000,0.247083092889000,36.199998000000001,0.004674242469290,2.000000000000000,790.000000000000000,0.106489525609000,4.580000000000000,6.551690000000000,13.510000000000000,15.758063999999999,156.300000000000011,-9999.000000000000000,15.999999000000001,0.003666184487020,3.700000000000000,-9999.000000000000000,3.000000000000000,3.510900000000000,-9999.000000000000000,74.959999999999994,81.976256000000006,-0.001000000000000,-9999.000000000000000,-9999.000000000000000,0.010000000000000,0.280000000000000,0.371952000000000,6.700000000000000,0.600000000000000,-9999.000000000000000,-9999.000000000000000,3.010000000000000,3.490396000000000,3.100000000000000,0.024971345381200,49.299999999999997,58.302142278500000,0.330000000000000,0.402963000000000,0.390000000000000,0.448890000000000,0.010000000000000,2.800000000000000,3.186120000000000,250.000000000000000,0.041700861372500,0.200000000000000,0.200000000000000,0.228420000000000,1.380000000000000,1.627354652470000,70.000000000000000,124.962957408999998,1.120000000000000,1.412320000000000,11.210000000000001,14.235579000000000,1.410000000000000,1.605567000000000,20.000000000000000,24.896000000000001,123.700000000000003,167.092389798999989
120.105327168109,-33.5564073712158,"9919965",ROCKC,"101425",GSRK0278,0.200000000000000,5090.000000000000000,0.961736491751000,3.400000000000000,0.078000000000000,-9999.000000000000000,182.000000000000000,203.202107942999987,0.500000000000000,0.060000000000000,-9999.000000000000000,-9999.000000000000000,1980.000000000000000,0.277038929574000,0.100000000000000,4.000000000000000,4.913600000000000,-9999.000000000000000,32.600000000000001,-9999.000000000000000,63.000000000000000,92.078070511299998,0.800000000000000,0.848160000000000,1320.599999999999909,1.100000000000000,1.262470000000000,1.000000000000000,1.143500000000000,0.300000000000000,0.347370000000000,-9999.000000000000000,6040.000000000000000,-9999.000000000000000,0.776744000000000,-9999.000000000000000,21.000000000000000,28.228200000000001,0.900000000000000,1.037340000000000,0.160000000000000,-9999.000000000000000,-9999.000000000000000,3.220000000000000,-9999.000000000000000,0.230000000000000,0.263465000000000,-9999.000000000000000,0.100000000000000,-9999.000000000000000,2400.000000000000000,0.289105423488000,2.100000000000000,2.462880000000000,-9999.000000000000000,18.300000000000001,39.394410000000001,-9999.000000000000000,0.160000000000000,0.181936000000000,1440.000000000000000,0.238791713933000,54.799999999999997,0.007075925454940,1.360000000000000,560.000000000000000,0.075486246001600,4.230000000000001,6.051015000000000,2.540000000000000,2.962656000000000,66.799999999999997,-9999.000000000000000,45.199998000000001,0.010356971364900,2.200000000000000,-9999.000000000000000,0.520000000000000,0.608556000000000,-9999.000000000000000,49.890000000000001,54.559704000000004,-0.001000000000000,-9999.000000000000000,-9999.000000000000000,0.010000000000000,0.450000000000000,0.597780000000000,7.100000000000000,-0.500000000000000,-9999.000000000000000,-9999.000000000000000,0.740000000000000,0.858104000000000,2.800000000000000,0.024971345381200,47.799999999999997,56.528243426200000,0.320000000000000,0.390752000000000,0.140000000000000,0.161140000000000,0.130000000000000,1.000000000000000,1.137900000000000,270.000000000000000,0.045036930282300,0.240000000000000,0.130000000000000,0.148473000000000,1.020000000000000,1.202827351820000,100.000000000000000,178.518510584000012,0.650000000000000,0.819650000000000,6.310000000000000,8.013069000000000,0.940000000000000,1.070378000000000,26.000000000000000,32.364800000000002,117.599999999999994,158.852587230000012
120.10551016838,-33.5564023711731,"9919966",ROCKC,"101425",GSRK0279,0.100000000000000,6310.000000000000000,1.192250935750000,3.900000000000000,0.009000000000000,-9999.000000000000000,175.000000000000000,195.386642252999991,0.700000000000000,0.020000000000000,-9999.000000000000000,-9999.000000000000000,300.000000000000000,0.041975595390000,0.100000000000000,10.000000000000000,12.284000000000001,-9999.000000000000000,20.000000000000000,-9999.000000000000000,250.000000000000000,365.389168696000013,1.100000000000000,1.166220000000000,526.500000000000000,0.930000000000000,1.067361000000000,1.000000000000000,1.143500000000000,0.300000000000000,0.347370000000000,-9999.000000000000000,5100.000000000000000,-9999.000000000000000,0.655860000000000,-9999.000000000000000,14.050000000000001,18.886009999999999,1.160000000000000,1.337016000000000,0.200000000000000,-9999.000000000000000,-9999.000000000000000,3.250000000000000,-9999.000000000000000,0.180000000000000,0.206190000000000,-9999.000000000000000,0.046000000000000,-9999.000000000000000,2040.000000000000000,0.245739609965000,5.100000000000000,5.981280000000000,-9999.000000000000000,77.799999999999997,167.480060000000009,-9999.000000000000000,0.110000000000000,0.125081000000000,550.000000000000000,0.091205168516000,30.800000000000001,0.003976980000220,1.540000000000000,1220.000000000000000,0.164452178789000,4.970000000000000,7.109585000000000,6.110000000000000,7.126704000000000,74.099999999999994,-9999.000000000000000,14.199999999999999,0.003253738935590,1.600000000000000,-9999.000000000000000,1.330000000000000,1.556499000000000,-9999.000000000000000,72.420000000000002,79.198511999999994,-0.001000000000000,-9999.000000000000000,-9999.000000000000000,0.010000000000000,0.420000000000000,0.557928000000000,11.400000000000000,-0.500000000000000,-9999.000000000000000,-9999.000000000000000,1.400000000000000,1.623440000000000,2.000000000000000,0.024971345381200,45.700000000000003,54.044785032999997,0.290000000000000,0.354119000000000,0.150000000000000,0.172650000000000,0.020000000000000,0.900000000000000,1.024110000000000,530.000000000000000,0.088405826109700,0.180000000000000,0.090000000000000,0.102789000000000,0.750000000000000,0.884431876340000,134.000000000000000,239.214804183000012,1.270000000000000,1.601470000000000,4.420000000000000,5.612958000000000,0.650000000000000,0.740155000000000,29.000000000000000,36.099200000000003,123.299999999999997,166.552074876999995
120.105295168108,-33.5563793712105,"3763420",ROCKC,"92490",RVR1308,-9999.000000000000000,-9999.000000000000000,-9999.000000000000000,-9999.000000000000000,0.290000000000000,-9999.000000000000000,-9999.000000000000000,-9999.000000000000000,-9999.000000000000000,-9999.000000000000000,-9999.000000000000000,-9999.000000000000000,-9999.000000000000000,-9999.000000000000000,-9999.000000000000000,-9999.000000000000000,-9999.000000000000000,-9999.000000000000000,-9999.000000000000000,-9999.000000000000000,-9999.000000000000000,-9999.000000000000000,-9999.000000000000000,-9999.000000000000000,56600.000000000000000,-9999.000000000000000,-9999.000000000000000,-9999.000000000000000,-9999.000000000000000,-9999.000000000000000,-9999.000000000000000,-9999.000000000000000,-9999.000000000000000,-9999.000000000000000,-9999.000000000000000,-9999.000000000000000,-9999.000000000000000,-9999.000000000000000,-9999.000000000000000,-9999.000000000000000,-9999.000000000000000,-9999.000000000000000,-9999.000000000000000,-9999.000000000000000,-9999.000000000000000,-9999.000000000000000,-9999.000000000000000,-9999.000000000000000,-9999.000000000000000,-9999.000000000000000,-9999.000000000000000,-9999.000000000000000,-9999.000000000000000,-9999.000000000000000,-9999.000000000000000,-9999.000000000000000,-9999.000000000000000,-9999.000000000000000,-9999.000000000000000,-9999.000000000000000,-9999.000000000000000,-9999.000000000000000,-9999.000000000000000,-9999.000000000000000,-9999.000000000000000,-9999.000000000000000,-9999.000000000000000,-9999.000000000000000,-9999.000000000000000,-9999.000000000000000,-9999.000000000000000,-9999.000000000000000,-9999.000000000000000,-9999.000000000000000,-9999.000000000000000,32.000000000000000,-9999.000000000000000,-9999.000000000000000,-9999.000000000000000,-9999.000000000000000,-9999.000000000000000,-9999.000000000000000,-9999.000000000000000,-9999.000000000000000,-9999.000000000000000,-9999.000000000000000,-9999.000000000000000,-9999.000000000000000,-9999.000000000000000,-9999.000000000000000,-9999.000000000000000,-9999.000000000000000,-9999.000000000000000,-9999.000000000000000,-9999.000000000000000,-9999.000000000000000,-9999.000000000000000,-9999.000000000000000,-9999.000000000000000,-9999.000000000000000,-9999.000000000000000,-9999.000000000000000,-9999.000000000000000,-9999.000000000000000,-9999.000000000000000,-9999.000000000000000,-9999.000000000000000,-9999.000000000000000,-9999.000000000000000,-9999.000000000000000,-9999.000000000000000,-9999.000000000000000,-9999.000000000000000,-9999.000000000000000,-9999.000000000000000,-9999.000000000000000,-9999.000000000000000,-9999.000000000000000,-9999.000000000000000,-9999.000000000000000,49.000000000000000,60.995199999999997,-9999.000000000000000,-9999.000000000000000
120.104966167835,-33.5562543712313,"3763421",ROCKC,"92490",RVR1309,-9999.000000000000000,-9999.000000000000000,-9999.000000000000000,-9999.000000000000000,3.040000000000000,-9999.000000000000000,-9999.000000000000000,-9999.000000000000000,-9999.000000000000000,-9999.000000000000000,-9999.000000000000000,-9999.000000000000000,-9999.000000000000000,-9999.000000000000000,-9999.000000000000000,-9999.000000000000000,-9999.000000000000000,-9999.000000000000000,-9999.000000000000000,-9999.000000000000000,-9999.000000000000000,-9999.000000000000000,-9999.000000000000000,-9999.000000000000000,24600.000000000000000,-9999.000000000000000,-9999.000000000000000,-9999.000000000000000,-9999.000000000000000,-9999.000000000000000,-9999.000000000000000,-9999.000000000000000,-9999.000000000000000,-9999.000000000000000,-9999.000000000000000,-9999.000000000000000,-9999.000000000000000,-9999.000000000000000,-9999.000000000000000,-9999.000000000000000,-9999.000000000000000,-9999.000000000000000,-9999.000000000000000,-9999.000000000000000,-9999.000000000000000,-9999.000000000000000,-9999.000000000000000,-9999.000000000000000,-9999.000000000000000,-9999.000000000000000,-9999.000000000000000,-9999.000000000000000,-9999.000000000000000,-9999.000000000000000,-9999.000000000000000,-9999.000000000000000,-9999.000000000000000,-9999.000000000000000,-9999.000000000000000,-9999.000000000000000,-9999.000000000000000,-9999.000000000000000,-9999.000000000000000,-9999.000000000000000,-9999.000000000000000,-9999.000000000000000,-9999.000000000000000,-9999.000000000000000,-9999.000000000000000,-9999.000000000000000,-9999.000000000000000,-9999.000000000000000,-9999.000000000000000,-9999.000000000000000,-9999.000000000000000,17.000000000000000,-9999.000000000000000,-9999.000000000000000,-9999.000000000000000,-9999.000000000000000,-9999.000000000000000,-9999.000000000000000,-9999.000000000000000,-9999.000000000000000,-9999.000000000000000,-9999.000000000000000,-9999.000000000000000,-9999.000000000000000,-9999.000000000000000,-9999.000000000000000,-9999.000000000000000,-9999.000000000000000,-9999.000000000000000,-9999.000000000000000,-9999.000000000000000,-9999.000000000000000,-9999.000000000000000,-9999.000000000000000,-9999.000000000000000,-9999.000000000000000,-9999.000000000000000,-9999.000000000000000,-9999.000000000000000,-9999.000000000000000,-9999.000000000000000,-9999.000000000000000,-9999.000000000000000,-9999.000000000000000,-9999.000000000000000,-9999.000000000000000,-9999.000000000000000,-9999.000000000000000,-9999.000000000000000,-9999.000000000000000,-9999.000000000000000,-9999.000000000000000,-9999.000000000000000,-9999.000000000000000,-9999.000000000000000,-9999.000000000000000,22.000000000000000,27.385600000000000,-9999.000000000000000,-9999.000000000000000
120.10366616609,-33.5561703715057,"9919963",ROCKC,"101425",GSRK0276,0.200000000000000,6090.000000000000000,1.150682757320000,2.600000000000000,0.049000000000000,-9999.000000000000000,167.000000000000000,186.454681464000004,0.600000000000000,0.060000000000000,-9999.000000000000000,-9999.000000000000000,790.000000000000000,0.110535734527000,0.100000000000000,20.000000000000000,24.568000000000001,-9999.000000000000000,50.000000000000000,-9999.000000000000000,324.000000000000000,473.544362630000023,1.200000000000000,1.272240000000000,1155.799999999999955,1.550000000000000,1.778935000000000,1.000000000000000,1.143500000000000,0.600000000000000,0.694740000000000,-9999.000000000000000,9080.000000000000000,-9999.000000000000000,1.167688000000000,-9999.000000000000000,21.730000000000000,29.209465999999999,2.070000000000000,2.385882000000000,0.200000000000000,-9999.000000000000000,-9999.000000000000000,2.740000000000000,-9999.000000000000000,0.250000000000000,0.286375000000000,-9999.000000000000000,0.102000000000000,-9999.000000000000000,2910.000000000000000,0.350540325979000,10.400000000000000,12.197120000000000,-9999.000000000000000,28.600000000000001,61.567219999999999,-9999.000000000000000,0.130000000000000,0.147823000000000,2200.000000000000000,0.364820674064000,67.799999999999997,0.008754520909580,1.030000000000000,530.000000000000000,0.071442339965800,4.720000000000000,6.751960000000000,10.640000000000001,12.410496000000000,129.699999999999989,-9999.000000000000000,49.599997999999999,0.011365172161800,2.500000000000000,-9999.000000000000000,2.410000000000000,2.820423000000000,-9999.000000000000000,54.890000000000001,60.027704000000000,-0.001000000000000,-9999.000000000000000,-9999.000000000000000,-0.010000000000000,0.310000000000000,0.411804000000000,10.800000000000001,-0.500000000000000,-9999.000000000000000,-9999.000000000000000,2.550000000000000,2.956980000000000,4.600000000000000,-9999.000000000000000,23.899999999999999,28.264121713100000,0.380000000000000,0.464018000000000,0.280000000000000,0.322280000000000,0.140000000000000,1.100000000000000,1.251690000000000,290.000000000000000,0.048372999192100,0.310000000000000,0.100000000000000,0.114210000000000,0.570000000000000,0.672168226018000,115.000000000000000,205.296287172000007,1.000000000000000,1.261000000000000,5.720000000000000,7.263828000000000,0.750000000000000,0.854025000000000,28.000000000000000,34.854399999999998,104.799999999999997,141.562509709000011
120.10366616609,-33.5561703715057,"9919964",ROCKC,"101425",GSRK0277,10.400000000000000,3250.000000000000000,0.614075363102000,5.800000000000000,1.210000000000000,-9999.000000000000000,115.000000000000000,128.396936337000000,0.400000000000000,3.600000000000000,-9999.000000000000000,-9999.000000000000000,1010.000000000000000,0.141317837813000,0.700000000000000,24.000000000000000,29.481600000000000,-9999.000000000000000,274.300000000000011,-9999.000000000000000,29.000000000000000,42.385143568700002,0.700000000000000,0.742140000000000,132721.000000000000000,3.000000000000000,3.443100000000000,1.000000000000000,1.143500000000000,0.800000000000000,0.926320000000000,-9999.000000000000000,10350.000000000000000,-9999.000000000000000,1.331010000000000,-9999.000000000000000,7.100000000000000,9.543820000000000,3.770000000000000,4.345302000000000,0.240000000000000,-9999.000000000000000,-9999.000000000000000,0.570000000000000,-9999.000000000000000,0.470000000000000,0.538385000000000,-9999.000000000000000,4.055000000000000,-9999.000000000000000,1170.000000000000000,0.140938893950000,12.600000000000000,14.777279999999999,-9999.000000000000000,4.700000000000000,10.117690000000000,-9999.000000000000000,0.110000000000000,0.125081000000000,1450.000000000000000,0.240449989724000,74.999995999999996,0.009684204029510,57.180000000000000,290.000000000000000,0.039091091679400,0.970000000000000,1.387585000000000,13.600000000000000,15.863040000000000,412.899999999999977,-9999.000000000000000,260.800000000000011,0.059758810873400,9.300000000000001,-9999.000000000000000,2553.000000000000000,2987.775900000000092,-9999.000000000000000,35.670000000000002,39.008712000000003,-0.001000000000000,-9999.000000000000000,-9999.000000000000000,0.410000000000000,0.250000000000000,0.332100000000000,4.200000000000000,5.600000000000000,-9999.000000000000000,-9999.000000000000000,3.410000000000000,3.954236000000000,15.300000000000001,1.023825160630000,4300.000000000000000,5085.176709889999984,0.120000000000000,0.146532000000000,0.520000000000000,0.598520000000000,6.840000000000000,0.900000000000000,1.024110000000000,60.000000000000000,0.010008206729400,0.230000000000000,0.140000000000000,0.159894000000000,2.900000000000000,3.419803255180000,36.000000000000000,64.266663810400004,4.070000000000001,5.132270000000000,10.660000000000000,13.537134000000000,0.830000000000000,0.945121000000000,55.000000000000000,68.463999999999999,19.500000000000000,26.340352474399999
120.104355167088,-33.5561683713408,"3763422",ROCKC,"92490",RVR1310,-9999.000000000000000,-9999.000000000000000,-9999.000000000000000,-9999.000000000000000,1.250000000000000,-9999.000000000000000,-9999.000000000000000,-9999.000000000000000,-9999.000000000000000,-9999.000000000000000,-9999.000000000000000,-9999.000000000000000,-9999.000000000000000,-9999.000000000000000,-9999.000000000000000,-9999.000000000000000,-9999.000000000000000,-9999.000000000000000,-9999.000000000000000,-9999.000000000000000,-9999.000000000000000,-9999.000000000000000,-9999.000000000000000,-9999.000000000000000,31200.000000000000000,-9999.000000000000000,-9999.000000000000000,-9999.000000000000000,-9999.000000000000000,-9999.000000000000000,-9999.000000000000000,-9999.000000000000000,-9999.000000000000000,-9999.000000000000000,-9999.000000000000000,-9999.000000000000000,-9999.000000000000000,-9999.000000000000000,-9999.000000000000000,-9999.000000000000000,-9999.000000000000000,-9999.000000000000000,-9999.000000000000000,-9999.000000000000000,-9999.000000000000000,-9999.000000000000000,-9999.000000000000000,-9999.000000000000000,-9999.000000000000000,-9999.000000000000000,-9999.000000000000000,-9999.000000000000000,-9999.000000000000000,-9999.000000000000000,-9999.000000000000000,-9999.000000000000000,-9999.000000000000000,-9999.000000000000000,-9999.000000000000000,-9999.000000000000000,-9999.000000000000000,-9999.000000000000000,-9999.000000000000000,-9999.000000000000000,-9999.000000000000000,-9999.000000000000000,-9999.000000000000000,-9999.000000000000000,-9999.000000000000000,-9999.000000000000000,-9999.000000000000000,-9999.000000000000000,-9999.000000000000000,-9999.000000000000000,-9999.000000000000000,21.000000000000000,-9999.000000000000000,-9999.000000000000000,-9999.000000000000000,-9999.000000000000000,-9999.000000000000000,-9999.000000000000000,-9999.000000000000000,-9999.000000000000000,-9999.000000000000000,-9999.000000000000000,-9999.000000000000000,-9999.000000000000000,-9999.000000000000000,-9999.000000000000000,-9999.000000000000000,-9999.000000000000000,-9999.000000000000000,-9999.000000000000000,-9999.000000000000000,-9999.000000000000000,-9999.000000000000000,-9999.000000000000000,-9999.000000000000000,-9999.000000000000000,-9999.000000000000000,-9999.000000000000000,-9999.000000000000000,-9999.000000000000000,-9999.000000000000000,-9999.000000000000000,-9999.000000000000000,-9999.000000000000000,-9999.000000000000000,-9999.000000000000000,-9999.000000000000000,-9999.000000000000000,-9999.000000000000000,-9999.000000000000000,-9999.000000000000000,-9999.000000000000000,-9999.000000000000000,-9999.000000000000000,-9999.000000000000000,-9999.000000000000000,59.000000000000000,73.443200000000004,-9999.000000000000000,-9999.000000000000000
120.096033155475,-33.5558103734058,"9925997",ROCKC,"101503",GSRK0084,0.130000000000000,6890.000000000000000,1.301839769780000,1.300000000000000,0.001000000000000,-9999.000000000000000,252.000000000000000,281.356764843999997,0.640000000000000,0.010000000000000,-9999.000000000000000,-9999.000000000000000,1600.000000000000000,0.223869842080000,0.060000000000000,9.830000000000000,12.075172000000000,-9999.000000000000000,42.100000000000001,-9999.000000000000000,62.000000000000000,90.616513836600006,1.350000000000000,1.431270000000000,26.199999999999999,1.140000000000000,1.308378000000000,0.770000000000000,0.880495000000000,0.660000000000000,0.764214000000000,-9999.000000000000000,8810.000000000000000,-9999.000000000000000,1.132966000000000,-9999.000000000000000,23.219999999999999,31.212323999999999,1.160000000000000,1.337016000000000,0.280000000000000,-9999.000000000000000,-9999.000000000000000,2.540000000000000,-9999.000000000000000,0.250000000000000,0.286375000000000,-9999.000000000000000,0.018000000000000,-9999.000000000000000,2460.000000000000000,0.296333059075000,4.200000000000000,4.925760000000000,-9999.000000000000000,32.600000000000001,70.178020000000004,-9999.000000000000000,0.160000000000000,0.181936000000000,2300.000000000000000,0.381403431976000,37.799999999999997,0.004880839091180,2.840000000000000,2700.000000000000000,0.363951543222000,3.890000000000000,5.564645000000000,4.120000000000000,4.805568000000000,146.900000000000006,-9999.000000000000000,42.600000000000001,0.009761216806780,3.000000000000000,-9999.000000000000000,1.120000000000000,1.310736000000000,-9999.000000000000000,60.859999999999999,66.556495999999996,0.004000000000000,-9999.000000000000000,-9999.000000000000000,-0.010000000000000,-0.050000000000000,-9999.000000000000000,12.000000000000000,-0.500000000000000,-9999.000000000000000,-9999.000000000000000,1.070000000000000,1.240772000000000,3.100000000000000,-9999.000000000000000,55.200000000000003,65.279477764199996,0.320000000000000,0.390752000000000,0.190000000000000,0.218690000000000,0.020000000000000,1.700000000000000,1.934430000000000,280.000000000000000,0.046704964737200,0.220000000000000,0.130000000000000,0.148473000000000,0.640000000000000,0.754715201143000,112.000000000000000,199.940731854000006,0.580000000000000,0.731380000000000,5.730000000000000,7.276527000000000,0.940000000000000,1.070378000000000,56.000000000000000,69.708799999999997,94.599999999999994,127.784479184000006
120.096033155475,-33.5558103734058,"12153470",ROCKC,"114345",GSRK0084,0.130000000000000,6890.000000000000000,1.301839769780000,1.300000000000000,0.001000000000000,0.000000000000000,252.000000000000000,281.356764843999997,0.640000000000000,0.010000000000000,-9999.000000000000000,-9999.000000000000000,1599.999900000000025,0.223869828088000,0.060000000000000,9.830000999999999,12.075173228400001,-9999.000000000000000,42.100000000000001,-9999.000000000000000,62.000000000000000,90.616513836600006,1.350000000000000,1.431270000000000,26.199999999999999,1.140000100000000,1.308378114770000,0.770000040000000,0.880495045740000,0.660000000000000,0.764214000000000,-9999.000000000000000,8809.998999999999796,-9999.000000000000000,1.132965871400000,-9999.000000000000000,23.219999999999999,31.212323999999999,1.160000100000000,1.337016115260000,0.280000000000000,-9999.000000000000000,-9999.000000000000000,2.540000000000000,0.000000000000000,0.250000000000000,0.286375000000000,-9999.000000000000000,0.018000000000000,-9999.000000000000000,2460.000000000000000,0.296333059075000,4.200000300000000,4.925760351840000,-9999.000000000000000,32.600000000000001,70.178020000000004,-9999.000000000000000,0.160000010000000,0.181936011371000,2300.000000000000000,0.381403431976000,37.799999999999997,0.004880839091180,2.840000000000000,2700.000000000000000,0.363951543222000,3.890000000000000,5.564645000000000,4120.000000000000000,4805.568000000000211,146.900000000000006,-9999.000000000000000,42.600000000000001,0.009761216806780,3.000000000000000,0.000000000000000,1.120000000000000,1.310736000000000,0.000000000000000,60.859999999999999,66.556495999999996,0.004000000000000,-9999.000000000000000,-9999.000000000000000,0.000000000000000,-0.050000000000000,-9999.000000000000000,12.000000000000000,-0.500000000000000,0.000000000000000,-9999.000000000000000,1.070000000000000,1.240772000000000,3.100000000000000,-9999.000000000000000,55.200000000000003,65.279477764199996,0.320000000000000,0.390752000000000,0.190000010000000,0.218690011510000,0.020000000000000,1.700000000000000,1.934430000000000,280.000000000000000,0.046704964737200,0.220000000000000,0.130000010000000,0.148473011421000,0.640000000000000,0.754715201143000,112.000000000000000,199.940731854000006,0.580000000000000,0.731380000000000,5.730000000000000,7.276527000000000,0.940000060000000,1.070378068320000,56.000000000000000,69.708799999999997,94.599999999999994,127.784479184000006
120.096950156898,-33.5557423731741,"9925996",ROCKC,"101503",GSRK0083,0.520000000000000,7290.000000000000000,1.377418276010000,2.100000000000000,0.189000000000000,-9999.000000000000000,401.000000000000000,447.714534533000005,0.160000000000000,0.080000000000000,-9999.000000000000000,-9999.000000000000000,340.000000000000000,0.047572341442000,0.040000000000000,8.590000000000000,10.551956000000001,-9999.000000000000000,121.200000000000003,-9999.000000000000000,309.000000000000000,451.621012507999978,3.650000000000000,3.869730000000000,2737.199999999999818,1.070000000000000,1.228039000000000,0.630000000000000,0.720405000000000,0.320000000000000,0.370528000000000,-9999.000000000000000,13360.000000000000000,-9999.000000000000000,1.718096000000000,-9999.000000000000000,39.180000000000000,52.665756000000002,1.100000000000000,1.267860000000000,0.380000000000000,-9999.000000000000000,-9999.000000000000000,1.570000000000000,-9999.000000000000000,0.220000000000000,0.252010000000000,-9999.000000000000000,0.103000000000000,-9999.000000000000000,3800.000000000000000,0.457750253856000,4.800000000000000,5.629440000000000,-9999.000000000000000,40.899999999999999,88.045429999999996,-9999.000000000000000,0.100000000000000,0.113710000000000,2770.000000000000000,0.459342394162000,40.999997000000000,0.005294031431110,0.750000000000000,290.000000000000000,0.039091091679400,5.920000000000000,8.468560000000000,3.900000000000000,4.548960000000000,120.900000000000006,-9999.000000000000000,10.300000000000001,0.002360106411030,1.600000000000000,-9999.000000000000000,1.050000000000000,1.228815000000000,-9999.000000000000000,83.560000000000002,91.381215999999995,0.005000000000000,-9999.000000000000000,-9999.000000000000000,0.020000000000000,0.080000000000000,0.106272000000000,24.800000000000001,1.100000000000000,-9999.000000000000000,-9999.000000000000000,1.000000000000000,1.159600000000000,9.699999999999999,0.049942690762400,34.000000000000000,40.208373985199998,0.390000000000000,0.476229000000000,0.160000000000000,0.184160000000000,0.350000000000000,0.300000000000000,0.341370000000000,670.000000000000000,0.111758308478000,2.230000000000000,0.100000000000000,0.114210000000000,2.410000000000000,2.841974429310000,237.000000000000000,423.088870084999996,11.050000000000001,13.934049999999999,5.130000000000000,6.514587000000000,0.640000000000000,0.728768000000000,57.000000000000000,70.953599999999994,58.500000000000000,79.021057423299993
120.096950156898,-33.5557423731741,"12153469",ROCKC,"114345",GSRK0083,0.520000000000000,7290.000000000000000,1.377418276010000,2.100000000000000,0.189000000000000,0.000000000000000,401.000000000000000,447.714534533000005,0.160000000000000,0.080000000000000,-9999.000000000000000,-9999.000000000000000,340.000000000000000,0.047572341442000,0.040000000000000,8.590000000000000,10.551956000000001,-9999.000000000000000,121.200000000000003,-9999.000000000000000,309.000000000000000,451.621012507999978,3.650000000000000,3.869730000000000,2737.199999999999818,1.070000000000000,1.228039000000000,0.630000050000000,0.720405057175000,0.320000020000000,0.370528023158000,-9999.000000000000000,13360.000000000000000,-9999.000000000000000,1.718096000000000,-9999.000000000000000,39.180000000000000,52.665756000000002,1.100000000000000,1.267860000000000,0.380000000000000,-9999.000000000000000,-9999.000000000000000,1.570000000000000,0.000000000000000,0.220000010000000,0.252010011455000,-9999.000000000000000,0.103000000000000,-9999.000000000000000,3800.000000000000000,0.457750253856000,4.800000000000000,5.629440000000000,-9999.000000000000000,40.899999999999999,88.045429999999996,-9999.000000000000000,0.100000000000000,0.113710000000000,2770.000000000000000,0.459342394162000,40.999997000000000,0.005294031431110,0.750000000000000,290.000000000000000,0.039091091679400,5.920000000000000,8.468560000000000,3900.000000000000000,4548.960000000000036,120.900000000000006,-9999.000000000000000,10.300000000000001,0.002360106411030,1.600000000000000,0.000000000000000,1.050000100000000,1.228815117030000,0.000000000000000,83.560000000000002,91.381215999999995,0.005000000000000,-9999.000000000000000,-9999.000000000000000,0.020000000000000,0.080000000000000,0.106272000000000,24.800000000000001,1.100000000000000,0.000000000000000,-9999.000000000000000,1.000000000000000,1.159600000000000,9.699999999999999,0.049942690762400,34.000000000000000,40.208373985199998,0.390000000000000,0.476229000000000,0.160000010000000,0.184160011510000,0.350000000000000,0.300000000000000,0.341370000000000,670.000000000000000,0.111758308478000,2.230000000000000,0.100000000000000,0.114210000000000,2.410000000000000,2.841974429310000,237.000000000000000,423.088870084999996,11.050000000000001,13.934049999999999,5.130000000000000,6.514587000000000,0.640000050000000,0.728768056935000,57.000000000000000,70.953599999999994,58.500000000000000,79.021057423299993
120.08892415013,-33.5555533699634,"9926045",ROCKC,"101503",GSRK0253,0.100000000000000,6830.000000000000000,1.290502993840000,2.500000000000000,-0.001000000000000,-9999.000000000000000,231.000000000000000,257.910367773000019,0.700000000000000,0.010000000000000,-9999.000000000000000,-9999.000000000000000,930.000000000000000,0.130124345709000,0.000000000000000,15.000000000000000,18.425999999999998,-9999.000000000000000,5.400000000000000,-9999.000000000000000,18.000000000000000,26.308020146099999,0.200000000000000,0.212040000000000,8.400000000000000,0.770000000000000,0.883729000000000,0.000000000000000,-9999.000000000000000,0.300000000000000,0.347370000000000,-9999.000000000000000,2160.000000000000000,-9999.000000000000000,0.277776000000000,-9999.000000000000000,16.859999999999999,22.663212000000001,1.110000000000000,1.279386000000000,-0.050000000000000,-9999.000000000000000,-9999.000000000000000,2.650000000000000,-9999.000000000000000,0.140000000000000,0.160370000000000,-9999.000000000000000,0.007000000000000,-9999.000000000000000,830.000000000000000,0.099982292289600,7.800000000000000,9.147840000000000,-9999.000000000000000,10.900000000000000,23.464430000000000,-9999.000000000000000,0.060000000000000,0.068226000000000,500.000000000000000,0.082913789560000,29.600000000000001,0.003822032727490,0.440000000000000,3550.000000000000000,0.478528880903000,2.530000000000000,3.619165000000000,6.460000000000000,7.534944000000000,13.699999999999999,-9999.000000000000000,16.199999999999999,0.003712012025110,2.800000000000000,-9999.000000000000000,1.640000000000000,1.919292000000000,-9999.000000000000000,22.410000000000000,24.507576000000000,-0.001000000000000,-9999.000000000000000,-9999.000000000000000,-0.010000000000000,0.520000000000000,0.690768000000000,3.500000000000000,-0.500000000000000,-9999.000000000000000,-9999.000000000000000,1.340000000000000,1.553864000000000,0.700000000000000,-9999.000000000000000,105.799999999999997,125.118999048000006,0.270000000000000,0.329697000000000,0.130000000000000,0.149630000000000,-0.010000000000000,2.200000000000000,2.503380000000000,160.000000000000000,0.026688551278400,0.070000000000000,0.060000000000000,0.068526000000000,0.620000000000000,0.731130351108000,30.000000000000000,53.555553175299998,0.340000000000000,0.428740000000000,3.640000000000000,4.622436000000000,0.400000000000000,0.455480000000000,12.000000000000000,14.937600000000000,81.599999999999994,110.224244201000005
120.08892415013,-33.5555533699634,"12153524",ROCKC,"114345",GSRK0253,0.090000000000000,6830.000000000000000,1.290502993840000,2.500000000000000,0.000000000000000,0.000000000000000,231.000000000000000,257.910367773000019,0.700000000000000,0.010000000000000,-9999.000000000000000,-9999.000000000000000,929.999950000000013,0.130124338713000,0.030000000000000,15.340001000000001,18.843657228400001,-9999.000000000000000,5.400000000000000,-9999.000000000000000,18.000000000000000,26.308020146099999,0.190000000000000,0.201438000000000,8.400000000000000,0.770000040000000,0.883729045908000,0.390000020000000,0.445965022870000,0.330000000000000,0.382107000000000,-9999.000000000000000,2159.999800000000050,-9999.000000000000000,0.277775974280000,-9999.000000000000000,16.859999999999999,22.663212000000001,1.110000000000000,1.279386000000000,-0.050000000000000,-9999.000000000000000,-9999.000000000000000,2.650000000000000,0.000000000000000,0.140000000000000,0.160370000000000,-9999.000000000000000,0.007000000000000,-9999.000000000000000,830.000000000000000,0.099982292289600,7.800000000000000,9.147840000000000,-9999.000000000000000,10.900000000000000,23.464430000000000,-9999.000000000000000,0.060000002000000,0.068226002274200,500.000000000000000,0.082913789560000,29.600000000000001,0.003822032727490,0.440000000000000,3550.000000000000000,0.478528880903000,2.530000000000000,3.619165000000000,6460.000000000000000,7534.944000000000415,13.699999999999999,-9999.000000000000000,16.199999999999999,0.003712012025110,2.800000000000000,0.000000000000000,1.640000100000000,1.919292117030000,0.000000000000000,22.410000000000000,24.507576000000000,-0.001000000000000,-9999.000000000000000,-9999.000000000000000,0.000000000000000,0.520000000000000,0.690768000000000,3.500000000000000,-0.500000000000000,0.000000000000000,-9999.000000000000000,1.340000000000000,1.553864000000000,0.700000000000000,-9999.000000000000000,105.799999999999997,125.118999048000006,0.270000000000000,0.329697000000000,0.130000010000000,0.149630011510000,-0.010000000000000,2.200000000000000,2.503380000000000,160.000000000000000,0.026688551278400,0.070000000000000,0.060000002000000,0.068526002284200,0.620000000000000,0.731130351108000,30.000000000000000,53.555553175299998,0.340000000000000,0.428740000000000,3.640000000000000,4.622436000000000,0.400000000000000,0.455480000000000,12.000000000000000,14.937600000000000,81.599999999999994,110.224244201000005
120.097818158425,-33.5555373729599,"9925995",ROCKC,"101503",GSRK0082,0.050000000000000,7030.000000000000000,1.328292246960000,1.300000000000000,0.002000000000000,-9999.000000000000000,268.000000000000000,299.220686420999982,0.420000000000000,0.120000000000000,-9999.000000000000000,-9999.000000000000000,5940.000000000000000,0.831116788722000,0.110000000000000,7.820000000000000,9.606088000000000,-9999.000000000000000,51.299999999999997,-9999.000000000000000,211.000000000000000,308.388458378999985,1.760000000000000,1.865952000000000,161.599999999999994,3.970000000000000,4.556369000000000,2.620000000000000,2.995970000000000,0.870000000000000,1.007373000000000,-9999.000000000000000,10190.000000000000000,-9999.000000000000000,1.310434000000000,-9999.000000000000000,19.180000000000000,25.781756000000001,3.260000000000000,3.757476000000000,0.270000000000000,-9999.000000000000000,-9999.000000000000000,1.000000000000000,-9999.000000000000000,0.860000000000000,0.985130000000000,-9999.000000000000000,0.067000000000000,-9999.000000000000000,1180.000000000000000,0.142143499882000,3.500000000000000,4.104800000000000,-9999.000000000000000,30.199999999999999,65.011539999999997,-9999.000000000000000,0.340000000000000,0.386614000000000,4300.000000000000000,0.713058590216000,179.999989999999997,0.023242089619200,0.330000000000000,1590.000000000000000,0.214327019897000,2.660000000000000,3.805130000000000,6.790000000000000,7.919856000000000,134.400000000000006,-9999.000000000000000,30.599997999999999,0.007011577811380,2.100000000000000,-9999.000000000000000,1.320000000000000,1.544796000000000,-9999.000000000000000,41.159999999999997,45.012576000000003,0.003000000000000,-9999.000000000000000,-9999.000000000000000,-0.010000000000000,0.390000000000000,0.518076000000000,41.899999999999999,1.000000000000000,-9999.000000000000000,-9999.000000000000000,2.300000000000000,2.667080000000000,0.700000000000000,-9999.000000000000000,86.299999999999997,102.058313967999993,0.190000000000000,0.232009000000000,0.580000000000000,0.667580000000000,0.030000000000000,0.300000000000000,0.341370000000000,610.000000000000000,0.101750101749000,0.270000000000000,0.350000000000000,0.399735000000000,0.170000000000000,0.200471225304000,305.000000000000000,544.481457281999951,0.540000000000000,0.680940000000000,20.989999999999998,26.655201000000002,2.520000000000000,2.869524000000000,116.000000000000000,144.396800000000013,32.799999999999997,44.305823649300002
120.097818158425,-33.5555373729599,"12153468",ROCKC,"114345",GSRK0082,0.050000000000000,7029.999700000000303,1.328292190270000,1.300000000000000,0.002000000000000,0.000000000000000,268.000000000000000,299.220686420999982,0.420000000000000,0.120000000000000,-9999.000000000000000,-9999.000000000000000,5940.000000000000000,0.831116788722000,0.110000000000000,7.820000000000000,9.606088000000000,-9999.000000000000000,51.299999999999997,-9999.000000000000000,211.000000000000000,308.388458378999985,1.760000000000000,1.865952000000000,161.599999999999994,3.970000300000000,4.556369344310000,2.620000100000000,2.995970114350000,0.870000060000000,1.007373069470000,-9999.000000000000000,10190.000000000000000,-9999.000000000000000,1.310434000000000,-9999.000000000000000,19.180000000000000,25.781756000000001,3.260000200000000,3.757476230520000,0.270000000000000,-9999.000000000000000,-9999.000000000000000,1.000000000000000,0.000000000000000,0.860000000000000,0.985130000000000,-9999.000000000000000,0.067000000000000,-9999.000000000000000,1180.000000000000000,0.142143499882000,3.500000200000000,4.104800234560000,-9999.000000000000000,30.199999999999999,65.011539999999997,-9999.000000000000000,0.340000000000000,0.386614000000000,4299.999700000000303,0.713058540468000,179.999989999999997,0.023242089619200,0.330000000000000,1589.999900000000025,0.214327006418000,2.660000000000000,3.805130000000000,6790.000000000000000,7919.855999999999767,134.400000000000006,-9999.000000000000000,30.599997999999999,0.007011577811380,2.100000000000000,0.000000000000000,1.320000000000000,1.544796000000000,0.000000000000000,41.159999999999997,45.012576000000003,0.003000000000000,-9999.000000000000000,-9999.000000000000000,0.000000000000000,0.390000000000000,0.518076000000000,41.899999999999999,1.000000000000000,0.000000000000000,-9999.000000000000000,2.300000200000000,2.667080231920000,0.700000000000000,-9999.000000000000000,86.299999999999997,102.058313967999993,0.190000000000000,0.232009000000000,0.580000040000000,0.667580046040000,0.030000000000000,0.300000000000000,0.341370000000000,610.000000000000000,0.101750101749000,0.270000000000000,0.350000020000000,0.399735022842000,0.170000000000000,0.200471225304000,305.000000000000000,544.481457281999951,0.540000000000000,0.680940000000000,20.989999999999998,26.655201000000002,2.520000200000000,2.869524227740000,116.000000000000000,144.396800000000013,32.799999999999997,44.305823649300002
120.101757165047,-33.5549623717354,"12153559",ROCKC,"114345",MTM001,0.000000000000000,0.000000000000000,-9999.000000000000000,0.000000000000000,0.040000000000000,0.000000000000000,0.000000000000000,-9999.000000000000000,0.000000000000000,0.000000000000000,-9999.000000000000000,-9999.000000000000000,0.000000000000000,-9999.000000000000000,0.000000000000000,0.000000000000000,-9999.000000000000000,-9999.000000000000000,6.000000000000000,-9999.000000000000000,597.000000000000000,872.549334845999965,0.000000000000000,-9999.000000000000000,260.000000000000000,0.000000000000000,-9999.000000000000000,0.000000000000000,-9999.000000000000000,0.000000000000000,-9999.000000000000000,-9999.000000000000000,21800.000000000000000,-9999.000000000000000,2.803480000000000,-9999.000000000000000,0.000000000000000,-9999.000000000000000,0.000000000000000,-9999.000000000000000,0.000000000000000,-9999.000000000000000,-9999.000000000000000,0.000000000000000,0.000000000000000,0.000000000000000,-9999.000000000000000,-9999.000000000000000,0.000000000000000,-9999.000000000000000,0.000000000000000,-9999.000000000000000,0.000000000000000,-9999.000000000000000,-9999.000000000000000,0.000000000000000,-9999.000000000000000,-9999.000000000000000,0.000000000000000,-9999.000000000000000,0.000000000000000,-9999.000000000000000,5.699999600000000,0.000735999493847,0.000000000000000,0.000000000000000,-9999.000000000000000,0.000000000000000,-9999.000000000000000,0.000000000000000,-9999.000000000000000,24.000000000000000,-9999.000000000000000,0.000000000000000,-9999.000000000000000,23.000000000000000,0.000000000000000,0.000000000000000,-9999.000000000000000,0.000000000000000,0.000000000000000,-9999.000000000000000,0.000000000000000,-9999.000000000000000,-9999.000000000000000,0.223000000000000,0.000000000000000,-9999.000000000000000,0.000000000000000,0.000000000000000,0.000000000000000,-9999.000000000000000,0.000000000000000,-9999.000000000000000,0.000000000000000,0.556861002000000,0.000000000000000,-9999.000000000000000,0.000000000000000,-9999.000000000000000,0.000000000000000,-9999.000000000000000,0.000000000000000,0.000000000000000,-9999.000000000000000,0.000000000000000,-9999.000000000000000,0.000000000000000,0.000000000000000,-9999.000000000000000,0.000000000000000,-9999.000000000000000,0.000000000000000,-9999.000000000000000,0.000000000000000,-9999.000000000000000,0.000000000000000,-9999.000000000000000,0.000000000000000,-9999.000000000000000,17.000000000000000,21.161600000000000,0.000000000000000,-9999.000000000000000
120.101591164942,-33.5547783717799,"9925986",ROCKC,"101503",GSRK0073,0.090000000000000,5190.000000000000000,0.980631118308000,0.700000000000000,0.011000000000000,-9999.000000000000000,333.000000000000000,371.792867828999988,0.460000000000000,0.020000000000000,-9999.000000000000000,-9999.000000000000000,510.000000000000000,0.071358512163000,0.090000000000000,63.060000000000002,77.462903999999995,-9999.000000000000000,43.000000000000000,-9999.000000000000000,97.000000000000000,141.770997453999996,2.590000000000000,2.745918000000000,118.099999999999994,3.180000000000000,3.649686000000000,1.420000000000000,1.623770000000000,1.010000000000000,1.169479000000000,-9999.000000000000000,7640.000000000000000,-9999.000000000000000,0.982504000000000,-9999.000000000000000,19.190000000000001,25.795197999999999,4.900000000000000,5.647740000000000,0.390000000000000,-9999.000000000000000,-9999.000000000000000,2.940000000000000,-9999.000000000000000,0.540000000000000,0.618570000000000,-9999.000000000000000,0.032000000000000,-9999.000000000000000,2560.000000000000000,0.308379118387000,30.600000000000001,35.887680000000003,-9999.000000000000000,18.100000000000001,38.963870000000000,-9999.000000000000000,0.190000000000000,0.216049000000000,1020.000000000000000,0.169144130702000,22.000000000000000,0.002840700000160,0.240000000000000,2240.000000000000000,0.301944984006000,5.280000000000000,7.553040000000000,26.199999999999999,30.559680000000000,98.200000000000003,-9999.000000000000000,15.400000000000000,0.003528702789300,2.300000000000000,-9999.000000000000000,6.890000000000000,8.063367000000000,-9999.000000000000000,141.469999999999999,154.711591999999996,0.002000000000000,-9999.000000000000000,-9999.000000000000000,0.010000000000000,0.070000000000000,0.092988000000000,10.800000000000001,1.400000000000000,-9999.000000000000000,-9999.000000000000000,5.470000000000000,6.343012000000000,4.700000000000000,0.024971345381200,74.799999999999997,88.458422767399995,0.400000000000000,0.488440000000000,0.650000000000000,0.748150000000000,0.040000000000000,1.800000000000000,2.048220000000000,340.000000000000000,0.056713171466600,0.750000000000000,0.180000000000000,0.205578000000000,1.600000000000000,1.886788002860000,87.000000000000000,155.311104207999989,1.790000000000000,2.257190000000000,12.190000000000000,15.480081000000000,1.340000000000000,1.525858000000000,56.000000000000000,69.708799999999997,122.400000000000006,165.336366300999998
120.101591164942,-33.5547783717799,"9925987",ROCKC,"101503",GSRK0074,5.180000000000000,280.000000000000000,0.052904954359600,0.500000000000000,2.155000000000000,-9999.000000000000000,10.000000000000000,11.164950985899999,-0.050000000000000,0.970000000000000,-9999.000000000000000,-9999.000000000000000,50.000000000000000,0.006995932565000,0.180000000000000,1.130000000000000,1.388092000000000,-9999.000000000000000,15.600000000000000,-9999.000000000000000,14.000000000000000,20.461793447000002,0.140000000000000,0.148428000000000,10000.000000000000000,0.080000000000000,0.091816000000000,0.050000000000000,0.057175000000000,0.020000000000000,0.023158000000000,-9999.000000000000000,2680.000000000000000,-9999.000000000000000,0.344648000000000,-9999.000000000000000,1.100000000000000,1.478620000000000,0.090000000000000,0.103734000000000,0.440000000000000,-9999.000000000000000,-9999.000000000000000,0.080000000000000,-9999.000000000000000,0.020000000000000,0.022910000000000,-9999.000000000000000,0.759000000000000,-9999.000000000000000,60.000000000000000,0.007227635587200,0.600000000000000,0.703680000000000,-9999.000000000000000,1.600000000000000,3.444320000000000,-9999.000000000000000,-0.010000000000000,-9999.000000000000000,60.000000000000000,0.009949654747200,6.700000000000000,0.000865122272776,4.400000000000001,80.000000000000000,0.010783749428800,0.190000000000000,0.271795000000000,0.430000000000000,0.501552000000000,27.800000000000001,-9999.000000000000000,17.600000000000001,0.004032803187780,2.800000000000000,-9999.000000000000000,172.000000000000000,201.291599999999988,-9999.000000000000000,2.660000000000000,2.908976000000000,0.006000000000000,-9999.000000000000000,-9999.000000000000000,1.720000000000000,0.120000000000000,0.159408000000000,0.700000000000000,1.900000000000000,-9999.000000000000000,-9999.000000000000000,0.080000000000000,0.092768000000000,3.200000000000000,4.295071405560000,16100.000000000000000,19039.847681200000807,0.010000000000000,0.012211000000000,0.010000000000000,0.011510000000000,3.020000000000000,-0.100000000000000,-9999.000000000000000,10.000000000000000,0.001668034454900,0.160000000000000,-0.010000000000000,-9999.000000000000000,0.140000000000000,0.165093950250000,3.000000000000000,5.355555317530000,1.160000000000000,1.462760000000000,0.450000000000000,0.571455000000000,0.050000000000000,0.056935000000000,21.000000000000000,26.140799999999999,5.700000000000000,7.699487646370000
120.101591164942,-33.5547783717799,"9926013",ROCKC,"101503",GSRK0116,2.740000000000000,4090.000000000000000,0.772790226181000,1.800000000000000,0.471000000000000,-9999.000000000000000,163.000000000000000,181.988701069999991,0.340000000000000,0.400000000000000,-9999.000000000000000,-9999.000000000000000,460.000000000000000,0.064362579598000,0.680000000000000,15.830000000000000,19.445571999999999,-9999.000000000000000,48.100000000000001,-9999.000000000000000,40.000000000000000,58.462266991299998,0.680000000000000,0.720936000000000,10000.000000000000000,1.400000000000000,1.606780000000000,0.920000000000000,1.052020000000000,0.380000000000000,0.440002000000000,-9999.000000000000000,4210.000000000000000,-9999.000000000000000,0.541406000000000,-9999.000000000000000,13.170000000000000,17.703113999999999,1.500000000000000,1.728900000000000,0.360000000000000,-9999.000000000000000,-9999.000000000000000,2.860000000000000,-9999.000000000000000,0.300000000000000,0.343650000000000,-9999.000000000000000,1.086000000000000,-9999.000000000000000,1520.000000000000000,0.183100101542000,8.300000000000002,9.734240000000000,-9999.000000000000000,10.800000000000001,23.249160000000000,-9999.000000000000000,0.150000000000000,0.170565000000000,1500.000000000000000,0.248741368680000,26.300000000000001,0.003395927727460,2.920000000000000,1120.000000000000000,0.150972492003000,3.330000000000000,4.763565000000000,6.450000000000000,7.523280000000000,77.799999999999997,-9999.000000000000000,30.800000000000001,0.007057405578610,2.300000000000000,-9999.000000000000000,1.770000000000000,2.071431000000000,-9999.000000000000000,47.219999999999999,51.639792000000000,0.001000000000000,-9999.000000000000000,-9999.000000000000000,0.210000000000000,-0.050000000000000,-9999.000000000000000,7.100000000000000,0.900000000000000,-9999.000000000000000,-9999.000000000000000,1.420000000000000,1.646632000000000,4.600000000000000,0.524398253005000,24.199999999999999,28.618901483599998,0.290000000000000,0.354119000000000,0.220000000000000,0.253220000000000,1.070000000000000,1.800000000000000,2.048220000000000,190.000000000000000,0.031692654643100,0.220000000000000,0.140000000000000,0.159894000000000,2.360000000000000,2.783012304220000,74.000000000000000,132.103697831999995,1.310000000000000,1.651910000000000,8.140000000000002,10.336986000000000,0.940000000000000,1.070378000000000,36.000000000000000,44.812800000000003,114.799999999999997,155.070382773000006
120.101591164942,-33.5547783717799,"12153459",ROCKC,"114345",GSRK0073,0.090000000000000,5190.000000000000000,0.980631118308000,0.700000000000000,0.011000000000000,0.000000000000000,333.000000000000000,371.792867828999988,0.460000000000000,0.020000000000000,-9999.000000000000000,-9999.000000000000000,510.000000000000000,0.071358512163000,0.090000000000000,63.060000000000002,77.462903999999995,-9999.000000000000000,43.000000000000000,-9999.000000000000000,97.000000000000000,141.770997453999996,2.590000000000000,2.745918000000000,118.099999999999994,3.180000000000000,3.649686000000000,1.420000100000000,1.623770114350000,1.010000000000000,1.169479000000000,-9999.000000000000000,7640.000000000000000,-9999.000000000000000,0.982504000000000,-9999.000000000000000,19.190000000000001,25.795197999999999,4.900000000000000,5.647740000000000,0.390000000000000,-9999.000000000000000,-9999.000000000000000,2.940000000000000,0.000000000000000,0.540000000000000,0.618570000000000,-9999.000000000000000,0.032000000000000,-9999.000000000000000,2560.000000000000000,0.308379118387000,30.600002000000000,35.887682345599998,-9999.000000000000000,18.100000000000001,38.963870000000000,-9999.000000000000000,0.190000010000000,0.216049011371000,1020.000000000000000,0.169144130702000,22.000000000000000,0.002840700000160,0.240000000000000,2240.000000000000000,0.301944984006000,5.280000000000000,7.553040000000000,26200.000000000000000,30559.680000000000291,98.200000000000003,-9999.000000000000000,15.400000000000000,0.003528702789300,2.300000000000000,0.000000000000000,6.890000300000000,8.063367351089999,0.000000000000000,141.469999999999999,154.711591999999996,0.002000000000000,-9999.000000000000000,-9999.000000000000000,0.010000000000000,0.070000000000000,0.092988000000000,10.800000000000001,1.400000000000000,0.000000000000000,-9999.000000000000000,5.470000300000000,6.343012347880000,4.700000000000000,0.024971345381200,74.799999999999997,88.458422767399995,0.400000000000000,0.488440000000000,0.650000040000000,0.748150046040000,0.040000000000000,1.800000000000000,2.048220000000000,340.000000000000000,0.056713171466600,0.750000000000000,0.180000000000000,0.205578000000000,1.600000000000000,1.886788002860000,87.000000000000000,155.311104207999989,1.790000000000000,2.257190000000000,12.190000000000000,15.480081000000000,1.340000000000000,1.525858000000000,56.000000000000000,69.708799999999997,122.400000000000006,165.336366300999998
120.101591164942,-33.5547783717799,"12153460",ROCKC,"114345",GSRK0074,5.180000000000000,280.000000000000000,0.052904954359600,0.500000000000000,2.155000000000000,0.000000000000000,10.000000000000000,11.164950985899999,-0.050000000000000,0.970000000000000,-9999.000000000000000,-9999.000000000000000,49.999997000000000,0.006995932145240,0.180000000000000,1.130000000000000,1.388092000000000,-9999.000000000000000,15.600000000000000,-9999.000000000000000,14.000000000000000,20.461793447000002,0.140000000000000,0.148428000000000,10000.000000000000000,0.080000006000000,0.091816006886200,0.050000000000000,0.057175000000000,0.020000001000000,0.023158001157900,-9999.000000000000000,2679.999800000000050,-9999.000000000000000,0.344647974280000,-9999.000000000000000,1.100000000000000,1.478620000000000,0.090000000000000,0.103734000000000,0.440000000000000,-9999.000000000000000,-9999.000000000000000,0.080000000000000,0.000000000000000,0.020000001000000,0.022910001145500,-9999.000000000000000,0.759000000000000,-9999.000000000000000,60.000000000000000,0.007227635587200,0.600000000000000,0.703680000000000,-9999.000000000000000,1.600000000000000,3.444320000000000,-9999.000000000000000,-0.010000001000000,-9999.000000000000000,60.000000000000000,0.009949654747200,6.700000000000000,0.000865122272776,4.400000000000001,80.000000000000000,0.010783749428800,0.190000000000000,0.271795000000000,430.000000000000000,501.552000000000021,27.800000000000001,-9999.000000000000000,17.600000000000001,0.004032803187780,2.800000000000000,0.000000000000000,0.120000005000000,0.140436005852000,0.000000000000000,2.660000000000000,2.908976000000000,0.006000000000000,-9999.000000000000000,-9999.000000000000000,1.720000000000000,0.120000000000000,0.159408000000000,0.700000000000000,1.900000000000000,0.000000000000000,-9999.000000000000000,0.080000006000000,0.092768006957600,3.200000000000000,4.295071405560000,4.300000000000000,5.085176709890000,0.010000000000000,0.012211000000000,0.010000001000000,0.011510001151000,3.020000000000000,-0.100000000000000,-9999.000000000000000,10.000000000000000,0.001668034454900,0.160000000000000,-0.010000001000000,-9999.000000000000000,0.140000000000000,0.165093950250000,3.000000000000000,5.355555317530000,1.160000000000000,1.462760000000000,0.450000000000000,0.571455000000000,0.050000000000000,0.056935000000000,21.000000000000000,26.140799999999999,5.700000000000000,7.699487646370000
120.101591164942,-33.5547783717799,"12153486",ROCKC,"114345",GSRK0116,0.000000000000000,0.000000000000000,-9999.000000000000000,0.000000000000000,0.000000000000000,0.000000000000000,0.000000000000000,-9999.000000000000000,0.000000000000000,0.000000000000000,-9999.000000000000000,-9999.000000000000000,0.000000000000000,-9999.000000000000000,0.000000000000000,0.000000000000000,-9999.000000000000000,-9999.000000000000000,0.000000000000000,-9999.000000000000000,0.000000000000000,-9999.000000000000000,0.000000000000000,-9999.000000000000000,0.000000000000000,0.000000000000000,-9999.000000000000000,0.000000000000000,-9999.000000000000000,0.000000000000000,-9999.000000000000000,-9999.000000000000000,0.000000000000000,-9999.000000000000000,-9999.000000000000000,-9999.000000000000000,0.000000000000000,-9999.000000000000000,0.000000000000000,-9999.000000000000000,0.000000000000000,-9999.000000000000000,-9999.000000000000000,0.000000000000000,0.000000000000000,0.000000000000000,-9999.000000000000000,-9999.000000000000000,0.000000000000000,-9999.000000000000000,0.000000000000000,-9999.000000000000000,0.000000000000000,-9999.000000000000000,-9999.000000000000000,0.000000000000000,-9999.000000000000000,-9999.000000000000000,0.000000000000000,-9999.000000000000000,0.000000000000000,-9999.000000000000000,0.000000000000000,-9999.000000000000000,0.000000000000000,0.000000000000000,-9999.000000000000000,0.000000000000000,-9999.000000000000000,0.000000000000000,-9999.000000000000000,0.000000000000000,-9999.000000000000000,0.000000000000000,-9999.000000000000000,0.000000000000000,0.000000000000000,0.000000000000000,-9999.000000000000000,0.000000000000000,0.000000000000000,-9999.000000000000000,0.000000000000000,-9999.000000000000000,-9999.000000000000000,0.000000000000000,0.000000000000000,-9999.000000000000000,0.000000000000000,0.000000000000000,0.000000000000000,-9999.000000000000000,0.000000000000000,-9999.000000000000000,0.000000000000000,-9999.000000000000000,0.000000000000000,-9999.000000000000000,0.000000000000000,-9999.000000000000000,0.000000000000000,-9999.000000000000000,0.000000000000000,0.000000000000000,-9999.000000000000000,0.000000000000000,-9999.000000000000000,0.000000000000000,0.000000000000000,-9999.000000000000000,0.000000000000000,-9999.000000000000000,0.000000000000000,-9999.000000000000000,0.000000000000000,-9999.000000000000000,0.000000000000000,-9999.000000000000000,0.000000000000000,-9999.000000000000000,0.000000000000000,-9999.000000000000000,0.000000000000000,-9999.000000000000000
120.096643157757,-33.5546173733091,"9925998",ROCKC,"101503",GSRK0085,0.220000000000000,7140.000000000000000,1.349076336170000,1.100000000000000,0.312000000000000,-9999.000000000000000,288.000000000000000,321.550588392999998,0.750000000000000,-0.010000000000000,-9999.000000000000000,-9999.000000000000000,600.000000000000000,0.083951190780000,0.050000000000000,35.500000000000000,43.608199999999997,-9999.000000000000000,109.000000000000000,-9999.000000000000000,44.000000000000000,64.308493690500001,2.530000000000000,2.682306000000000,798.399999999999977,2.390000000000000,2.743003000000000,1.340000000000000,1.532290000000000,0.900000000000000,1.042110000000000,-9999.000000000000000,4530.000000000000000,-9999.000000000000000,0.582558000000000,-9999.000000000000000,21.449999999999999,28.833089999999999,3.130000000000000,3.607638000000000,0.240000000000000,-9999.000000000000000,-9999.000000000000000,3.530000000000000,-9999.000000000000000,0.470000000000000,0.538385000000000,-9999.000000000000000,0.020000000000000,-9999.000000000000000,1800.000000000000000,0.216829067616000,19.800000000000001,23.221440000000001,-9999.000000000000000,20.199999999999999,43.484540000000003,-9999.000000000000000,0.210000000000000,0.238791000000000,2140.000000000000000,0.354871019317000,31.999998000000001,0.004131927014710,0.950000000000000,1020.000000000000000,0.137492805217000,4.700000000000000,6.723350000000000,14.440000000000000,16.842815999999999,95.500000000000000,-9999.000000000000000,18.800000000000001,0.004307767041490,3.800000000000000,-9999.000000000000000,4.040000000000000,4.728012000000000,-9999.000000000000000,64.420000000000002,70.449712000000005,0.002000000000000,-9999.000000000000000,-9999.000000000000000,-0.010000000000000,-0.050000000000000,-9999.000000000000000,11.600000000000000,-0.500000000000000,-9999.000000000000000,-9999.000000000000000,3.000000000000000,3.478800000000000,1.700000000000000,-9999.000000000000000,32.000000000000000,37.843175515500000,0.380000000000000,0.464018000000000,0.470000000000000,0.540970000000000,0.010000000000000,3.800000000000000,4.324020000000000,230.000000000000000,0.038364792462700,0.230000000000000,0.190000000000000,0.216999000000000,0.960000000000000,1.132072801720000,65.000000000000000,116.037031880000001,2.270000000000000,2.862470000000000,12.690000000000000,16.115030999999998,1.370000000000000,1.560019000000000,33.000000000000000,41.078400000000002,137.099999999999994,185.192939704999986
120.096643157757,-33.5546173733091,"12153471",ROCKC,"114345",GSRK0085,0.220000000000000,7140.000000000000000,1.349076336170000,1.100000000000000,0.312000000000000,0.000000000000000,288.000000000000000,321.550588392999998,0.750000000000000,-0.010000000000000,-9999.000000000000000,-9999.000000000000000,599.999959999999987,0.083951185183300,0.050000000000000,35.500000000000000,43.608199999999997,-9999.000000000000000,109.000000000000000,-9999.000000000000000,44.000000000000000,64.308493690500001,2.530000000000000,2.682306000000000,798.399999999999977,2.390000000000000,2.743003000000000,1.340000000000000,1.532290000000000,0.900000040000000,1.042110046320000,-9999.000000000000000,4529.999700000000303,-9999.000000000000000,0.582557961420000,-9999.000000000000000,21.449999999999999,28.833089999999999,3.130000000000000,3.607638000000000,0.240000000000000,-9999.000000000000000,-9999.000000000000000,3.530000000000000,0.000000000000000,0.470000030000000,0.538385034365000,-9999.000000000000000,0.020000000000000,-9999.000000000000000,1800.000000000000000,0.216829067616000,19.800001000000002,23.221441172799999,-9999.000000000000000,20.199999999999999,43.484540000000003,-9999.000000000000000,0.210000010000000,0.238791011371000,2139.999899999999798,0.354871002734000,31.999998000000001,0.004131927014710,0.950000000000000,1020.000000000000000,0.137492805217000,4.700000000000000,6.723350000000000,14440.000000000000000,16842.815999999998894,95.500000000000000,-9999.000000000000000,18.800000000000001,0.004307767041490,3.800000000000000,0.000000000000000,4.040000000000000,4.728012000000000,0.000000000000000,64.420000000000002,70.449712000000005,0.002000000000000,-9999.000000000000000,-9999.000000000000000,0.000000000000000,-0.050000000000000,-9999.000000000000000,11.600000000000000,-0.500000000000000,0.000000000000000,-9999.000000000000000,3.000000200000000,3.478800231920000,1.700000000000000,-9999.000000000000000,32.000000000000000,37.843175515500000,0.380000000000000,0.464018000000000,0.470000030000000,0.540970034530000,0.010000000000000,3.800000000000000,4.324020000000000,230.000000000000000,0.038364792462700,0.230000000000000,0.190000010000000,0.216999011421000,0.960000000000000,1.132072801720000,65.000000000000000,116.037031880000001,2.270000000000000,2.862470000000000,12.690000000000000,16.115030999999998,1.370000100000000,1.560019113870000,33.000000000000000,41.078400000000002,137.099999999999994,185.192939704999986
120.100294163156,-33.5546123721743,"9925994",ROCKC,"101503",GSRK0081,0.110000000000000,6770.000000000000000,1.279166217910000,1.100000000000000,0.063000000000000,-9999.000000000000000,303.000000000000000,338.298014872000010,0.440000000000000,0.200000000000000,-9999.000000000000000,-9999.000000000000000,100.000000000000000,0.013991865130000,0.050000000000000,19.109999999999999,23.474723999999998,-9999.000000000000000,22.100000000000001,-9999.000000000000000,15.000000000000000,21.923350121700000,0.400000000000000,0.424080000000000,970.600000000000023,0.920000000000000,1.055884000000000,0.470000000000000,0.537445000000000,0.450000000000000,0.521055000000000,-9999.000000000000000,1080.000000000000000,-9999.000000000000000,0.138888000000000,-9999.000000000000000,20.770000000000000,27.919034000000000,1.360000000000000,1.567536000000000,0.330000000000000,-9999.000000000000000,-9999.000000000000000,2.410000000000000,-9999.000000000000000,0.170000000000000,0.194735000000000,-9999.000000000000000,0.037000000000000,-9999.000000000000000,3230.000000000000000,0.389087715778000,10.900000000000000,12.783519999999999,-9999.000000000000000,6.800000000000000,14.638360000000000,-9999.000000000000000,0.060000000000000,0.068226000000000,170.000000000000000,0.028190688450400,13.599999000000000,0.001756068961880,1.790000000000000,460.000000000000000,0.062006559215600,3.710000000000000,5.307155000000000,8.270000000000000,9.646127999999999,14.800000000000001,-9999.000000000000000,18.500000000000000,0.004239026078060,1.900000000000000,-9999.000000000000000,2.180000000000000,2.551254000000000,-9999.000000000000000,66.390000000000001,72.604104000000007,0.003000000000000,-9999.000000000000000,-9999.000000000000000,-0.010000000000000,0.110000000000000,0.146124000000000,4.000000000000000,0.600000000000000,-9999.000000000000000,-9999.000000000000000,1.570000000000000,1.820572000000000,1.900000000000000,-9999.000000000000000,32.600000000000001,38.552735056400003,0.350000000000000,0.427385000000000,0.170000000000000,0.195670000000000,0.370000000000000,2.000000000000000,2.275800000000000,190.000000000000000,0.031692654643100,0.100000000000000,0.060000000000000,0.068526000000000,0.480000000000000,0.566036400858000,38.000000000000000,67.837034022099999,15.910000000000000,20.062510000000000,4.080000000000000,5.181192000000000,0.420000000000000,0.478254000000000,22.000000000000000,27.385600000000000,93.000000000000000,125.623219492999993
120.100294163156,-33.5546123721743,"12153467",ROCKC,"114345",GSRK0081,0.110000000000000,6770.000000000000000,1.279166217910000,1.100000000000000,0.063000000000000,0.000000000000000,303.000000000000000,338.298014872000010,0.440000000000000,0.200000000000000,-9999.000000000000000,-9999.000000000000000,99.999994000000001,0.013991864290500,0.050000000000000,19.109999999999999,23.474723999999998,-9999.000000000000000,22.100000000000001,-9999.000000000000000,15.000000000000000,21.923350121700000,0.400000000000000,0.424080000000000,970.600000000000023,0.920000000000000,1.055884000000000,0.470000030000000,0.537445034305000,0.450000020000000,0.521055023158000,-9999.000000000000000,1079.999900000000025,-9999.000000000000000,0.138887987140000,-9999.000000000000000,20.770000000000000,27.919034000000000,1.360000000000000,1.567536000000000,0.330000000000000,-9999.000000000000000,-9999.000000000000000,2.410000000000000,0.000000000000000,0.170000000000000,0.194735000000000,-9999.000000000000000,0.037000000000000,-9999.000000000000000,3230.000000000000000,0.389087715778000,10.900001000000000,12.783521172800000,-9999.000000000000000,6.800000000000000,14.638360000000000,-9999.000000000000000,0.060000002000000,0.068226002274200,170.000000000000000,0.028190688450400,13.599999000000000,0.001756068961880,1.790000000000000,459.999979999999994,0.062006556519700,3.710000000000000,5.307155000000000,8270.000000000000000,9646.128000000000611,14.800000000000001,-9999.000000000000000,18.500000000000000,0.004239026078060,1.900000000000000,0.000000000000000,2.180000000000000,2.551254000000000,0.000000000000000,66.390000000000001,72.604104000000007,0.003000000000000,-9999.000000000000000,-9999.000000000000000,0.000000000000000,0.110000000000000,0.146124000000000,4.000000000000000,0.600000000000000,0.000000000000000,-9999.000000000000000,1.570000000000000,1.820572000000000,1.900000000000000,-9999.000000000000000,32.600000000000001,38.552735056400003,0.350000000000000,0.427385000000000,0.170000000000000,0.195670000000000,0.370000000000000,2.000000000000000,2.275800000000000,190.000000000000000,0.031692654643100,0.100000000000000,0.060000002000000,0.068526002284200,0.480000000000000,0.566036400858000,38.000000000000000,67.837034022099999,15.910000000000000,20.062510000000000,4.080000000000000,5.181192000000000,0.420000020000000,0.478254022774000,22.000000000000000,27.385600000000000,93.000000000000000,125.623219492999993
120.097197159068,-33.5541613730424,"9926001",ROCKC,"101503",GSRK0088,0.130000000000000,4370.000000000000000,0.825695180541000,-0.500000000000000,0.011000000000000,-9999.000000000000000,198.000000000000000,221.066029520000001,1.030000000000000,0.030000000000000,-9999.000000000000000,-9999.000000000000000,930.000000000000000,0.130124345709000,0.070000000000000,29.899999999999999,36.729160000000000,-9999.000000000000000,29.600000000000001,-9999.000000000000000,30.000000000000000,43.846700243500003,0.700000000000000,0.742140000000000,268.000000000000000,1.690000000000000,1.939613000000000,1.240000000000000,1.417940000000000,0.650000000000000,0.752635000000000,-9999.000000000000000,4500.000000000000000,-9999.000000000000000,0.578700000000000,-9999.000000000000000,17.280000000000001,23.227775999999999,2.140000000000000,2.466564000000000,0.170000000000000,-9999.000000000000000,-9999.000000000000000,4.670000000000000,-9999.000000000000000,0.360000000000000,0.412380000000000,-9999.000000000000000,0.017000000000000,-9999.000000000000000,1480.000000000000000,0.178281677818000,14.400000000000000,16.888320000000000,-9999.000000000000000,21.100000000000001,45.421970000000002,-9999.000000000000000,0.290000000000000,0.329759000000000,960.000000000000000,0.159194475955000,16.600000000000001,0.002143437272850,3.670000000000000,2540.000000000000000,0.342384044364000,6.920000000000000,9.899060000000000,10.760000000000000,12.550464000000000,94.099999999999994,-9999.000000000000000,38.000000000000000,0.008707188700880,5.000000000000000,-9999.000000000000000,3.120000000000000,3.651336000000000,-9999.000000000000000,41.560000000000002,45.450015999999998,0.002000000000000,-9999.000000000000000,-9999.000000000000000,-0.010000000000000,-0.050000000000000,-9999.000000000000000,5.800000000000000,-0.500000000000000,-9999.000000000000000,-9999.000000000000000,2.280000000000000,2.643888000000000,1.800000000000000,-9999.000000000000000,47.200000000000003,55.818683885299997,0.660000000000000,0.805926000000000,0.280000000000000,0.322280000000000,0.060000000000000,5.800000000000000,6.599820000000000,260.000000000000000,0.043368895827400,0.110000000000000,0.220000000000000,0.251262000000000,2.630000000000000,3.101407779700000,48.000000000000000,85.688885080500000,3.720000000000000,4.690920000000000,10.460000000000001,13.283154000000000,1.620000000000000,1.844694000000000,26.000000000000000,32.364800000000002,167.500000000000000,226.256873818999992
120.097197159068,-33.5541613730424,"12153474",ROCKC,"114345",GSRK0088,0.130000000000000,4370.000000000000000,0.825695180541000,-0.500000000000000,0.011000000000000,0.000000000000000,198.000000000000000,221.066029520000001,1.030000000000000,0.030000000000000,-9999.000000000000000,-9999.000000000000000,929.999950000000013,0.130124338713000,0.070000000000000,29.900002000000001,36.729162456799997,-9999.000000000000000,29.600000000000001,-9999.000000000000000,30.000000000000000,43.846700243500003,0.700000000000000,0.742140000000000,268.000000000000000,1.690000000000000,1.939613000000000,1.240000000000000,1.417940000000000,0.650000040000000,0.752635046316000,-9999.000000000000000,4500.000000000000000,-9999.000000000000000,0.578700000000000,-9999.000000000000000,17.280000000000001,23.227775999999999,2.140000000000000,2.466564000000000,0.170000000000000,-9999.000000000000000,-9999.000000000000000,4.670000000000000,0.000000000000000,0.360000000000000,0.412380000000000,-9999.000000000000000,0.017000000000000,-9999.000000000000000,1480.000000000000000,0.178281677818000,14.400001000000000,16.888321172800001,-9999.000000000000000,21.100000000000001,45.421970000000002,-9999.000000000000000,0.290000020000000,0.329759022742000,960.000000000000000,0.159194475955000,16.600000000000001,0.002143437272850,3.670000000000000,2540.000000000000000,0.342384044364000,6.920000000000000,9.899060000000000,10760.000000000000000,12550.463999999999942,94.099999999999994,-9999.000000000000000,38.000000000000000,0.008707188700880,5.000000000000000,0.000000000000000,3.120000100000000,3.651336117030000,0.000000000000000,41.560000000000002,45.450015999999998,0.002000000000000,-9999.000000000000000,-9999.000000000000000,0.000000000000000,-0.050000000000000,-9999.000000000000000,5.800000000000000,-0.500000000000000,0.000000000000000,-9999.000000000000000,2.280000200000000,2.643888231920000,1.800000000000000,-9999.000000000000000,47.200000000000003,55.818683885299997,0.660000000000000,0.805926000000000,0.280000000000000,0.322280000000000,0.060000000000000,5.800000000000000,6.599820000000000,260.000000000000000,0.043368895827400,0.110000000000000,0.220000010000000,0.251262011421000,2.630000000000000,3.101407779700000,48.000000000000000,85.688885080500000,3.720000000000000,4.690920000000000,10.460000000000001,13.283154000000000,1.620000100000000,1.844694113870000,26.000000000000000,32.364800000000002,167.500000000000000,226.256873818999992
120.106828173069,-33.5539993702302,"9926065",ROCKC,"101503",GSRK0287,0.000000000000000,270.000000000000000,0.051015491703900,90.299999999999997,0.002000000000000,-9999.000000000000000,6.000000000000000,6.698970591520000,-0.050000000000000,0.030000000000000,-9999.000000000000000,-9999.000000000000000,20.000000000000000,0.002798373026000,-0.010000000000000,1.000000000000000,1.228400000000000,-9999.000000000000000,0.800000000000000,-9999.000000000000000,47.000000000000000,68.693163714799994,-0.050000000000000,-9999.000000000000000,27.199999999999999,0.050000000000000,0.057385000000000,0.000000000000000,-9999.000000000000000,0.000000000000000,-9999.000000000000000,-9999.000000000000000,1870.000000000000000,-9999.000000000000000,0.240482000000000,-9999.000000000000000,1.300000000000000,1.747460000000000,0.060000000000000,0.069156000000000,0.130000000000000,-9999.000000000000000,-9999.000000000000000,0.240000000000000,-9999.000000000000000,0.010000000000000,0.011455000000000,-9999.000000000000000,0.015000000000000,-9999.000000000000000,20.000000000000000,0.002409211862400,0.400000000000000,0.469120000000000,-9999.000000000000000,2.300000000000000,4.951210000000000,-9999.000000000000000,-0.010000000000000,-9999.000000000000000,10.000000000000000,0.001658275791200,6.100000000000000,0.000787648636408,1.660000000000000,20.000000000000000,0.002695937357200,0.260000000000000,0.371930000000000,0.320000000000000,0.373248000000000,4.000000000000000,-9999.000000000000000,-1.999999900000000,-9999.000000000000000,2.700000000000000,-9999.000000000000000,0.070000000000000,0.081921000000000,-9999.000000000000000,1.100000000000000,1.202960000000000,-0.001000000000000,-9999.000000000000000,-9999.000000000000000,0.010000000000000,0.780000000000000,1.036152000000000,0.700000000000000,-0.500000000000000,-9999.000000000000000,-9999.000000000000000,0.070000000000000,0.081172000000000,0.500000000000000,0.024971345381200,1.000000000000000,1.182599234860000,0.010000000000000,0.012211000000000,-0.010000000000000,-9999.000000000000000,0.010000000000000,0.600000000000000,0.682740000000000,20.000000000000000,0.003336068909800,-0.020000000000000,-0.010000000000000,-9999.000000000000000,0.130000000000000,0.153301525232000,13.000000000000000,23.207406376000002,0.380000000000000,0.479180000000000,0.330000000000000,0.419067000000000,0.050000000000000,0.056935000000000,2.000000000000000,2.489600000000000,9.300000000000001,12.562321949299999
120.106828173069,-33.5539993702302,"12153551",ROCKC,"114345",GSRK0287,0.030000000000000,269.999979999999994,0.051015487925000,90.299999999999997,0.002000000000000,0.000000000000000,6.000000000000000,6.698970591520000,-0.050000000000000,0.030000000000000,-9999.000000000000000,-9999.000000000000000,20.000000000000000,0.002798373026000,-0.010000000000000,0.670000000000000,0.823028000000000,-9999.000000000000000,0.800000000000000,-9999.000000000000000,47.000000000000000,68.693163714799994,-0.050000000000000,-9999.000000000000000,27.199999999999999,0.050000000000000,0.057385000000000,0.040000003000000,0.045740003430500,0.020000001000000,0.023158001157900,-9999.000000000000000,1870.000000000000000,-9999.000000000000000,0.240482000000000,-9999.000000000000000,1.300000000000000,1.747460000000000,0.060000002000000,0.069156002305200,0.130000000000000,-9999.000000000000000,-9999.000000000000000,0.240000000000000,0.000000000000000,0.010000001000000,0.011455001145500,-9999.000000000000000,0.015000000000000,-9999.000000000000000,20.000000000000000,0.002409211862400,0.400000000000000,0.469120000000000,-9999.000000000000000,2.300000000000000,4.951210000000000,-9999.000000000000000,-0.010000001000000,-9999.000000000000000,10.000000000000000,0.001658275791200,6.100000000000000,0.000787648636408,1.660000000000000,20.000000000000000,0.002695937357200,0.260000000000000,0.371930000000000,320.000000000000000,373.247999999999990,4.000000000000000,-9999.000000000000000,-1.999999900000000,-9999.000000000000000,2.700000000000000,0.000000000000000,0.070000000000000,0.081921000000000,0.000000000000000,1.100000000000000,1.202960000000000,-0.001000000000000,-9999.000000000000000,-9999.000000000000000,0.010000000000000,0.780000000000000,1.036152000000000,0.700000000000000,-0.500000000000000,0.000000000000000,-9999.000000000000000,0.070000000000000,0.081172000000000,0.500000000000000,0.024971345381200,1.000000000000000,1.182599234860000,0.010000000000000,0.012211000000000,-0.010000001000000,-9999.000000000000000,0.010000000000000,0.600000000000000,0.682740000000000,20.000000000000000,0.003336068909800,-0.020000000000000,-0.010000001000000,-9999.000000000000000,0.130000000000000,0.153301525232000,13.000000000000000,23.207406376000002,0.380000000000000,0.479180000000000,0.330000000000000,0.419067000000000,0.050000000000000,0.056935000000000,2.000000000000000,2.489600000000000,9.300000000000001,12.562321949299999
120.092607154624,-33.5539183721559,"9926037",ROCKC,"101503",GSRK0146,-0.010000000000000,3230.000000000000000,0.610296437791000,3.100000000000000,-0.001000000000000,-9999.000000000000000,185.000000000000000,206.551593238999999,0.700000000000000,0.020000000000000,-9999.000000000000000,-9999.000000000000000,470.000000000000000,0.065761766111000,0.000000000000000,19.000000000000000,23.339600000000001,-9999.000000000000000,2.500000000000000,-9999.000000000000000,7.000000000000000,10.230896723500001,0.400000000000000,0.424080000000000,15.600000000000000,0.950000000000000,1.090315000000000,1.000000000000000,1.143500000000000,0.200000000000000,0.231580000000000,-9999.000000000000000,830.000000000000000,-9999.000000000000000,0.106738000000000,-9999.000000000000000,12.949999999999999,17.407389999999999,1.160000000000000,1.337016000000000,-0.050000000000000,-9999.000000000000000,-9999.000000000000000,3.220000000000000,-9999.000000000000000,0.190000000000000,0.217645000000000,-9999.000000000000000,0.007000000000000,-9999.000000000000000,1270.000000000000000,0.152984953262000,7.500000000000000,8.795999999999999,-9999.000000000000000,5.800000000000000,12.485659999999999,-9999.000000000000000,0.130000000000000,0.147823000000000,210.000000000000000,0.034823791615200,13.800000000000001,0.001781893636460,0.290000000000000,2440.000000000000000,0.328904357578000,6.380000000000000,9.126590000000000,6.350000000000000,7.406640000000000,6.100000000000000,-9999.000000000000000,3.300000000000000,0.000756150597708,7.700000000000000,-9999.000000000000000,41.000000000000000,47.982300000000002,-9999.000000000000000,24.600000000000001,26.902560000000001,0.003000000000000,-9999.000000000000000,-9999.000000000000000,-0.010000000000000,0.180000000000000,0.239112000000000,1.000000000000000,-0.500000000000000,-9999.000000000000000,-9999.000000000000000,1.320000000000000,1.530672000000000,0.800000000000000,-9999.000000000000000,34.000000000000000,40.208373985199998,1.030000000000000,1.257733000000000,0.170000000000000,0.195670000000000,-0.010000000000000,10.500000000000000,11.947950000000001,50.000000000000000,0.008340172274500,0.070000000000000,0.090000000000000,0.102789000000000,1.190000000000000,1.403298577130000,6.000000000000000,10.711110635100001,0.410000000000000,0.517010000000000,5.180000000000000,6.578082000000000,0.740000000000000,0.842638000000000,8.000000000000000,9.958399999999999,68.200000000000003,92.123694295199996
120.092607154624,-33.5539183721559,"12153516",ROCKC,"114345",GSRK0146,-0.010000000000000,3230.000000000000000,0.610296437791000,3.100000000000000,0.000000000000000,0.000000000000000,185.000000000000000,206.551593238999999,0.690000000000000,0.020000000000000,-9999.000000000000000,-9999.000000000000000,470.000000000000000,0.065761766111000,0.030000000000000,19.210000999999998,23.597565228400001,-9999.000000000000000,2.500000000000000,-9999.000000000000000,7.000000000000000,10.230896723500001,0.420000000000000,0.445284000000000,15.600000000000000,0.950000050000000,1.090315057390000,0.610000000000000,0.697535000000000,0.220000010000000,0.254738011579000,-9999.000000000000000,830.000000000000000,-9999.000000000000000,0.106738000000000,-9999.000000000000000,12.949999999999999,17.407389999999999,1.160000100000000,1.337016115260000,-0.050000000000000,-9999.000000000000000,-9999.000000000000000,3.220000000000000,0.000000000000000,0.190000010000000,0.217645011455000,-9999.000000000000000,0.007000000000000,-9999.000000000000000,1270.000000000000000,0.152984953262000,7.500000500000000,8.796000586400000,-9999.000000000000000,5.800000000000000,12.485659999999999,-9999.000000000000000,0.130000010000000,0.147823011371000,210.000000000000000,0.034823791615200,13.800000000000001,0.001781893636460,0.290000000000000,2440.000000000000000,0.328904357578000,6.380000000000000,9.126590000000000,6350.000000000000000,7406.640000000000327,6.100000000000000,-9999.000000000000000,3.300000000000000,0.000756150597708,7.700000000000000,0.000000000000000,1.840000000000000,2.153352000000000,0.000000000000000,24.600000000000001,26.902560000000001,0.003000000000000,-9999.000000000000000,-9999.000000000000000,0.000000000000000,0.180000000000000,0.239112000000000,1.000000000000000,-0.500000000000000,0.000000000000000,-9999.000000000000000,1.320000000000000,1.530672000000000,0.800000000000000,-9999.000000000000000,34.000000000000000,40.208373985199998,1.030000000000000,1.257733000000000,0.170000000000000,0.195670000000000,-0.010000000000000,10.500000000000000,11.947950000000001,50.000000000000000,0.008340172274500,0.070000000000000,0.090000000000000,0.102789000000000,1.190000000000000,1.403298577130000,6.000000000000000,10.711110635100001,0.410000000000000,0.517010000000000,5.180000000000000,6.578082000000000,0.740000000000000,0.842638000000000,8.000000000000000,9.958399999999999,68.200000000000003,92.123694295199996
120.09383215573,-33.55367637284,"9926040",ROCKC,"101503",GSRK0149,3.400000000000000,2320.000000000000000,0.438355336122000,36.000000000000000,1.113000000000000,-9999.000000000000000,11.000000000000000,12.281446084500001,0.400000000000000,0.520000000000000,-9999.000000000000000,-9999.000000000000000,1930.000000000000000,0.270042997009000,0.100000000000000,11.000000000000000,13.512400000000000,-9999.000000000000000,118.099999999999994,-9999.000000000000000,239.000000000000000,349.312045273000024,0.200000000000000,0.212040000000000,10000.000000000000000,1.160000000000000,1.331332000000000,1.000000000000000,1.143500000000000,0.400000000000000,0.463160000000000,-9999.000000000000000,25770.000000000000000,-9999.000000000000000,3.314022000000000,-9999.000000000000000,21.480000000000000,28.873415999999999,1.230000000000000,1.417698000000000,-0.050000000000000,-9999.000000000000000,-9999.000000000000000,1.110000000000000,-9999.000000000000000,0.270000000000000,0.309285000000000,-9999.000000000000000,0.530000000000000,-9999.000000000000000,210.000000000000000,0.025296724555200,7.200000000000000,8.444160000000000,-9999.000000000000000,4.300000000000000,9.256610000000000,-9999.000000000000000,0.190000000000000,0.216049000000000,1580.000000000000000,0.262007575010000,121.900000000000006,0.015740060455400,16.820000000000000,220.000000000000000,0.029655310929200,4.040000000000000,5.779220000000000,5.420000000000000,6.321888000000000,123.200000000000003,-9999.000000000000000,16.199999999999999,0.003712012025110,6.400000000000000,-9999.000000000000000,1.450000000000000,1.696935000000000,-9999.000000000000000,6.300000000000000,6.889680000000000,0.001000000000000,-9999.000000000000000,-9999.000000000000000,0.010000000000000,0.170000000000000,0.225828000000000,20.600000000000001,2.400000000000000,-9999.000000000000000,-9999.000000000000000,1.080000000000000,1.252368000000000,5.400000000000000,0.024971345381200,12.199999999999999,14.427710665299999,0.430000000000000,0.525073000000000,0.180000000000000,0.207180000000000,1.690000000000000,4.100000000000000,4.665390000000000,700.000000000000000,0.116762411843000,0.040000000000000,0.130000000000000,0.148473000000000,2.680000000000000,3.160369904790000,249.000000000000000,444.511091355000019,2.040000000000000,2.572440000000000,7.540000000000000,9.575046000000000,1.070000000000000,1.218409000000000,48.000000000000000,59.750399999999999,25.199999999999999,34.039840120800001
120.09383215573,-33.55367637284,"12153519",ROCKC,"114345",GSRK0149,3.430000000000000,2320.000000000000000,0.438355336122000,36.000000000000000,1.113000000000000,0.000000000000000,11.000000000000000,12.281446084500001,0.410000000000000,0.520000000000000,-9999.000000000000000,-9999.000000000000000,1930.000000000000000,0.270042997009000,0.060000000000000,11.440001000000001,14.052897228400001,-9999.000000000000000,118.099999999999994,-9999.000000000000000,239.000000000000000,349.312045273000024,0.200000000000000,0.212040000000000,10000.000000000000000,1.160000100000000,1.331332114770000,0.870000060000000,0.994845068610000,0.410000030000000,0.474739034737000,-9999.000000000000000,25769.998999999999796,-9999.000000000000000,3.314021871400000,-9999.000000000000000,21.480000000000000,28.873415999999999,1.230000000000000,1.417698000000000,-0.050000000000000,-9999.000000000000000,-9999.000000000000000,1.110000000000000,0.000000000000000,0.270000000000000,0.309285000000000,-9999.000000000000000,0.530000000000000,-9999.000000000000000,210.000000000000000,0.025296724555200,7.200000300000000,8.444160351840003,-9999.000000000000000,4.300000000000000,9.256610000000000,-9999.000000000000000,0.190000010000000,0.216049011371000,1579.999900000000025,0.262007558427000,121.900000000000006,0.015740060455400,16.820000000000000,220.000000000000000,0.029655310929200,4.040000000000000,5.779220000000000,5420.000000000000000,6321.887999999999920,123.200000000000003,-9999.000000000000000,16.199999999999999,0.003712012025110,6.400000000000000,0.000000000000000,1.450000000000000,1.696935000000000,0.000000000000000,6.300000000000000,6.889680000000000,0.001000000000000,-9999.000000000000000,-9999.000000000000000,0.010000000000000,0.170000000000000,0.225828000000000,20.600000000000001,2.400000000000000,0.000000000000000,-9999.000000000000000,1.080000000000000,1.252368000000000,5.400000000000000,0.024971345381200,12.199999999999999,14.427710665299999,0.430000000000000,0.525073000000000,0.180000000000000,0.207180000000000,1.690000000000000,4.100000000000000,4.665390000000000,700.000000000000000,0.116762411843000,0.040000000000000,0.130000010000000,0.148473011421000,2.680000000000000,3.160369904790000,249.000000000000000,444.511091355000019,2.040000000000000,2.572440000000000,7.540000000000000,9.575046000000000,1.070000000000000,1.218409000000000,48.000000000000000,59.750399999999999,25.199999999999999,34.039840120800001
120.106549172816,-33.5536683703532,"9926061",ROCKC,"101503",GSRK0282,0.000000000000000,870.000000000000000,0.164383251046000,367.899999999999977,0.003000000000000,-9999.000000000000000,16.000000000000000,17.863921577399999,0.500000000000000,-0.010000000000000,-9999.000000000000000,-9999.000000000000000,50.000000000000000,0.006995932565000,0.100000000000000,16.000000000000000,19.654399999999999,-9999.000000000000000,54.200000000000003,-9999.000000000000000,235.000000000000000,343.465818574000025,0.100000000000000,0.106020000000000,148.500000000000000,3.600000000000000,4.131720000000000,2.000000000000000,2.287000000000000,0.900000000000000,1.042110000000000,-9999.000000000000000,58220.000000000000000,-9999.000000000000000,7.487092000000000,-9999.000000000000000,11.800000000000001,15.861560000000001,3.450000000000000,3.976470000000000,0.310000000000000,-9999.000000000000000,-9999.000000000000000,0.710000000000000,-9999.000000000000000,0.690000000000000,0.790395000000000,-9999.000000000000000,0.064000000000000,-9999.000000000000000,90.000000000000000,0.010841453380800,5.400000000000000,6.333120000000000,-9999.000000000000000,0.600000000000000,1.291620000000000,-9999.000000000000000,0.200000000000000,0.227420000000000,30.000000000000000,0.004974827373600,131.499989999999997,0.016979637346100,0.650000000000000,30.000000000000000,0.004043906035800,1.550000000000000,2.217275000000000,10.640000000000001,12.410496000000000,84.400000000000006,-9999.000000000000000,38.299999999999997,0.008775929664310,20.899999999999999,-9999.000000000000000,367.000000000000000,429.500099999999975,-9999.000000000000000,3.260000000000000,3.565136000000000,-0.001000000000000,-9999.000000000000000,-9999.000000000000000,0.140000000000000,0.530000000000000,0.704052000000000,14.500000000000000,2.000000000000000,-9999.000000000000000,-9999.000000000000000,2.370000000000000,2.748252000000000,1.000000000000000,0.349598835336000,1500.000000000000000,1773.898852289999923,0.120000000000000,0.146532000000000,0.510000000000000,0.587010000000000,0.030000000000000,1.800000000000000,2.048220000000000,280.000000000000000,0.046704964737200,0.090000000000000,0.250000000000000,0.285525000000000,0.440000000000000,0.518866700786000,426.000000000000000,760.488855089000026,0.180000000000000,0.226980000000000,18.760000000000002,23.823324000000000,1.430000000000000,1.628341000000000,327.000000000000000,407.049599999999998,26.000000000000000,35.120469965900000
120.106549172816,-33.5536683703532,"12153547",ROCKC,"114345",GSRK0282,0.020000000000000,870.000000000000000,0.164383251046000,367.899999999999977,0.003000000000000,0.000000000000000,16.000000000000000,17.863921577399999,0.490000000000000,-0.010000000000000,-9999.000000000000000,-9999.000000000000000,49.999997000000000,0.006995932145240,0.130000000000000,15.630001000000000,19.199893228400001,-9999.000000000000000,54.200000000000003,-9999.000000000000000,235.000000000000000,343.465818574000025,0.110000000000000,0.116622000000000,148.500000000000000,3.600000100000000,4.131720114770000,1.880000100000000,2.149780114350000,0.930000070000000,1.076847081050000,-9999.000000000000000,58219.997000000003027,-9999.000000000000000,7.487091614200000,-9999.000000000000000,11.800000000000001,15.861560000000001,3.450000000000000,3.976470000000000,0.310000000000000,-9999.000000000000000,-9999.000000000000000,0.710000000000000,0.000000000000000,0.690000060000000,0.790395068730000,-9999.000000000000000,0.064000000000000,-9999.000000000000000,89.999995999999996,0.010841452899000,5.400000000000000,6.333120000000000,-9999.000000000000000,0.600000000000000,1.291620000000000,-9999.000000000000000,0.200000000000000,0.227420000000000,30.000000000000000,0.004974827373600,131.499989999999997,0.016979637346100,0.650000000000000,30.000000000000000,0.004043906035800,1.550000000000000,2.217275000000000,10640.000000000000000,12410.495999999999185,84.400000000000006,-9999.000000000000000,38.299999999999997,0.008775929664310,20.899999999999999,0.000000000000000,2.200000000000000,2.574660000000000,0.000000000000000,3.260000000000000,3.565136000000000,-0.001000000000000,-9999.000000000000000,-9999.000000000000000,0.140000000000000,0.530000000000000,0.704052000000000,14.500000000000000,2.000000000000000,0.000000000000000,-9999.000000000000000,2.370000100000000,2.748252115960000,1.000000000000000,0.349598835336000,9.800000000000001,11.589472501600000,0.120000000000000,0.146532000000000,0.510000050000000,0.587010057550000,0.030000000000000,1.800000000000000,2.048220000000000,280.000000000000000,0.046704964737200,0.090000000000000,0.250000000000000,0.285525000000000,0.440000000000000,0.518866700786000,426.000000000000000,760.488855089000026,0.180000000000000,0.226980000000000,18.760000000000002,23.823324000000000,1.430000100000000,1.628341113870000,327.000000000000000,407.049599999999998,26.000000000000000,35.120469965900000
120.086321150976,-33.5535633683271,"9926047",ROCKC,"101503",GSRK0255,0.100000000000000,7530.000000000000000,1.422765379740000,3.500000000000000,-0.001000000000000,-9999.000000000000000,238.000000000000000,265.725833464000004,0.900000000000000,0.480000000000000,-9999.000000000000000,-9999.000000000000000,860.000000000000000,0.120330040118000,0.100000000000000,44.000000000000000,54.049599999999998,-9999.000000000000000,6.600000000000000,-9999.000000000000000,17.000000000000000,24.846463471300002,1.200000000000000,1.272240000000000,37.700000000000003,3.650000000000000,4.189105000000000,2.000000000000000,2.287000000000000,0.900000000000000,1.042110000000000,-9999.000000000000000,2730.000000000000000,-9999.000000000000000,0.351078000000000,-9999.000000000000000,14.920000000000000,20.055464000000001,4.070000000000001,4.691082000000000,-0.050000000000000,-9999.000000000000000,-9999.000000000000000,4.460000000000000,-9999.000000000000000,0.700000000000000,0.801850000000000,-9999.000000000000000,0.022000000000000,-9999.000000000000000,710.000000000000000,0.085527021115200,21.899999999999999,25.684320000000000,-9999.000000000000000,9.600000000000000,20.665920000000000,-9999.000000000000000,0.320000000000000,0.363872000000000,400.000000000000000,0.066331031648000,36.199998000000001,0.004674242469290,0.750000000000000,3660.000000000000000,0.493356536368000,7.390000000000000,10.571395000000001,21.250000000000000,24.786000000000001,13.000000000000000,-9999.000000000000000,18.899999999999999,0.004330680695960,4.100000000000000,-9999.000000000000000,5.070000000000000,5.933421000000000,-9999.000000000000000,23.820000000000000,26.049551999999998,-0.001000000000000,-9999.000000000000000,-9999.000000000000000,0.010000000000000,0.450000000000000,0.597780000000000,7.600000000000000,-0.500000000000000,-9999.000000000000000,-9999.000000000000000,4.390000000000000,5.090644000000000,1.200000000000000,0.024971345381200,83.200000000000003,98.392256340200007,0.580000000000000,0.708238000000000,0.590000000000000,0.679090000000000,0.030000000000000,7.300000000000000,8.306670000000000,220.000000000000000,0.036696758007800,0.070000000000000,0.300000000000000,0.342630000000000,1.110000000000000,1.308959176980000,24.000000000000000,42.844442540199999,0.860000000000000,1.084460000000000,18.129999999999999,23.023287000000000,2.080000000000000,2.368496000000000,20.000000000000000,24.896000000000001,162.800000000000011,219.908173478999998
120.086321150976,-33.5535633683271,"12153526",ROCKC,"114345",GSRK0255,0.100000000000000,7529.999700000000303,1.422765323060000,3.500000000000000,0.000000000000000,0.000000000000000,238.000000000000000,265.725833464000004,0.900000000000000,0.480000000000000,-9999.000000000000000,-9999.000000000000000,859.999950000000013,0.120330033122000,0.060000000000000,43.620002999999997,53.582811685199999,-9999.000000000000000,6.600000000000000,-9999.000000000000000,17.000000000000000,24.846463471300002,1.200000000000000,1.272240000000000,37.700000000000003,3.650000000000000,4.189105000000000,2.020000000000000,2.309870000000000,0.870000060000000,1.007373069470000,-9999.000000000000000,2730.000000000000000,-9999.000000000000000,0.351078000000000,-9999.000000000000000,14.920000000000000,20.055464000000001,4.070000000000001,4.691082000000000,-0.050000000000000,-9999.000000000000000,-9999.000000000000000,4.460000000000000,0.000000000000000,0.700000050000000,0.801850057275000,-9999.000000000000000,0.022000000000000,-9999.000000000000000,710.000000000000000,0.085527021115200,21.900002000000001,25.684322345599998,-9999.000000000000000,9.600000000000000,20.665920000000000,-9999.000000000000000,0.320000020000000,0.363872022742000,399.999979999999994,0.066331028331400,36.199998000000001,0.004674242469290,0.750000000000000,3659.999800000000050,0.493356509408000,7.390000000000000,10.571395000000001,21250.000000000000000,24786.000000000000000,13.000000000000000,-9999.000000000000000,18.899999999999999,0.004330680695960,4.100000000000000,0.000000000000000,5.070000000000000,5.933421000000000,0.000000000000000,23.820000000000000,26.049551999999998,-0.001000000000000,-9999.000000000000000,-9999.000000000000000,0.010000000000000,0.450000000000000,0.597780000000000,7.600000000000000,-0.500000000000000,0.000000000000000,-9999.000000000000000,4.390000300000000,5.090644347880000,1.200000000000000,0.024971345381200,83.200000000000003,98.392256340200007,0.580000000000000,0.708238000000000,0.590000030000000,0.679090034530000,0.030000000000000,7.300000000000000,8.306670000000000,220.000000000000000,0.036696758007800,0.070000000000000,0.300000000000000,0.342630000000000,1.110000000000000,1.308959176980000,24.000000000000000,42.844442540199999,0.860000000000000,1.084460000000000,18.129999999999999,23.023287000000000,2.080000200000000,2.368496227740000,20.000000000000000,24.896000000000001,162.800000000000011,219.908173478999998
120.092566155077,-33.5535383720506,"9926038",ROCKC,"101503",GSRK0147,-0.010000000000000,2810.000000000000000,0.530939006252000,1.200000000000000,0.001000000000000,-9999.000000000000000,181.000000000000000,202.085612843999996,0.700000000000000,0.010000000000000,-9999.000000000000000,-9999.000000000000000,490.000000000000000,0.068560139137000,0.000000000000000,13.000000000000000,15.969200000000001,-9999.000000000000000,3.300000000000000,-9999.000000000000000,12.000000000000000,17.538680097400000,0.200000000000000,0.212040000000000,106.299999999999997,0.760000000000000,0.872252000000000,0.000000000000000,-9999.000000000000000,0.100000000000000,0.115790000000000,-9999.000000000000000,910.000000000000000,-9999.000000000000000,0.117026000000000,-9999.000000000000000,12.990000000000000,17.461158000000001,0.890000000000000,1.025814000000000,-0.050000000000000,-9999.000000000000000,-9999.000000000000000,2.180000000000000,-9999.000000000000000,0.150000000000000,0.171825000000000,-9999.000000000000000,0.005000000000000,-9999.000000000000000,490.000000000000000,0.059025690628800,6.800000000000000,7.975040000000000,-9999.000000000000000,4.100000000000000,8.826070000000000,-9999.000000000000000,0.090000000000000,0.102339000000000,180.000000000000000,0.029848964241600,11.699999999999999,0.001510735909180,0.440000000000000,3420.000000000000000,0.461005288081000,4.940000000000000,7.066670000000000,4.560000000000000,5.318784000000000,6.400000000000000,-9999.000000000000000,5.600000000000000,0.001283164650660,5.000000000000000,-9999.000000000000000,1.400000000000000,1.638420000000000,-9999.000000000000000,12.990000000000000,14.205864000000000,0.003000000000000,-9999.000000000000000,-9999.000000000000000,-0.010000000000000,0.070000000000000,0.092988000000000,1.100000000000000,-0.500000000000000,-9999.000000000000000,-9999.000000000000000,0.940000000000000,1.090024000000000,0.700000000000000,-9999.000000000000000,24.300000000000001,28.737161407100000,0.790000000000000,0.964669000000000,0.130000000000000,0.149630000000000,-0.010000000000000,5.000000000000000,5.689500000000000,40.000000000000000,0.006672137819600,0.040000000000000,0.070000000000000,0.079947000000000,0.560000000000000,0.660375801000000,8.000000000000000,14.281480846699999,0.900000000000000,1.134900000000000,4.060000000000000,5.155794000000000,0.570000000000000,0.649059000000000,6.000000000000000,7.468800000000000,51.500000000000000,69.565546278599996
120.092566155077,-33.5535383720506,"12153517",ROCKC,"114345",GSRK0147,-0.010000000000000,2810.000000000000000,0.530939006252000,1.200000000000000,0.001000000000000,0.000000000000000,181.000000000000000,202.085612843999996,0.740000000000000,0.010000000000000,-9999.000000000000000,-9999.000000000000000,489.999979999999994,0.068560136338600,0.020000000000000,12.920000999999999,15.870929228400000,-9999.000000000000000,3.300000000000000,-9999.000000000000000,12.000000000000000,17.538680097400000,0.150000000000000,0.159030000000000,106.299999999999997,0.760000050000000,0.872252057385000,0.460000000000000,0.526010000000000,0.110000010000000,0.127369011579000,-9999.000000000000000,909.999969999999962,-9999.000000000000000,0.117025996142000,-9999.000000000000000,12.990000000000000,17.461158000000001,0.890000050000000,1.025814057630000,-0.050000000000000,-9999.000000000000000,-9999.000000000000000,2.180000000000000,0.000000000000000,0.150000000000000,0.171825000000000,-9999.000000000000000,0.005000000000000,-9999.000000000000000,489.999979999999994,0.059025688219600,6.800000000000000,7.975040000000000,-9999.000000000000000,4.100000000000000,8.826070000000000,-9999.000000000000000,0.090000000000000,0.102339000000000,179.999989999999997,0.029848962583300,11.699999999999999,0.001510735909180,0.440000000000000,3419.999800000000050,0.461005261122000,4.940000000000000,7.066670000000000,4560.000000000000000,5318.783999999999651,6.400000000000000,-9999.000000000000000,5.600000000000000,0.001283164650660,5.000000000000000,0.000000000000000,1.400000100000000,1.638420117030000,0.000000000000000,12.990000000000000,14.205864000000000,0.003000000000000,-9999.000000000000000,-9999.000000000000000,0.000000000000000,0.070000000000000,0.092988000000000,1.100000000000000,-0.500000000000000,0.000000000000000,-9999.000000000000000,0.940000060000000,1.090024069580000,0.700000000000000,-9999.000000000000000,24.300000000000001,28.737161407100000,0.790000000000000,0.964669000000000,0.130000010000000,0.149630011510000,-0.010000000000000,5.000000000000000,5.689500000000000,40.000000000000000,0.006672137819600,0.040000000000000,0.070000000000000,0.079947000000000,0.560000000000000,0.660375801000000,8.000000000000000,14.281480846699999,0.900000000000000,1.134900000000000,4.060000000000000,5.155794000000000,0.570000050000000,0.649059056935000,6.000000000000000,7.468800000000000,51.500000000000000,69.565546278599996
120.086483151127,-33.5535303684229,"9926048",ROCKC,"101503",GSRK0256,-0.010000000000000,8140.000000000000000,1.538022601740000,1.800000000000000,0.002000000000000,-9999.000000000000000,166.000000000000000,185.338186365000013,1.200000000000000,0.010000000000000,-9999.000000000000000,-9999.000000000000000,970.000000000000000,0.135721091761000,0.000000000000000,36.000000000000000,44.222400000000000,-9999.000000000000000,24.600000000000001,-9999.000000000000000,49.000000000000000,71.616277064399995,0.500000000000000,0.530100000000000,15.900000000000000,1.930000000000000,2.215061000000000,1.000000000000000,1.143500000000000,0.700000000000000,0.810530000000000,-9999.000000000000000,4210.000000000000000,-9999.000000000000000,0.541406000000000,-9999.000000000000000,17.030000000000001,22.891725999999998,2.670000000000000,3.077442000000000,-0.050000000000000,-9999.000000000000000,-9999.000000000000000,2.020000000000000,-9999.000000000000000,0.340000000000000,0.389470000000000,-9999.000000000000000,0.025000000000000,-9999.000000000000000,410.000000000000000,0.049388843179200,18.300000000000001,21.462240000000001,-9999.000000000000000,29.800000000000001,64.150459999999995,-9999.000000000000000,0.160000000000000,0.181936000000000,3280.000000000000000,0.543914459514000,47.100000000000001,0.006081680454890,0.410000000000000,2800.000000000000000,0.377431230008000,3.220000000000000,4.606210000000000,15.340000000000000,17.892575999999998,61.399999999999999,-9999.000000000000000,5.000000000000000,0.001145682723800,4.500000000000000,-9999.000000000000000,3.760000000000000,4.400328000000000,-9999.000000000000000,22.640000000000001,24.759104000000001,-0.001000000000000,-9999.000000000000000,-9999.000000000000000,-0.010000000000000,0.590000000000000,0.783756000000000,10.300000000000001,-0.500000000000000,-9999.000000000000000,-9999.000000000000000,3.290000000000000,3.815084000000000,1.100000000000000,-9999.000000000000000,69.500000000000000,82.190646822700003,0.350000000000000,0.427385000000000,0.320000000000000,0.368320000000000,-0.010000000000000,3.400000000000000,3.868860000000000,260.000000000000000,0.043368895827400,0.060000000000000,0.150000000000000,0.171315000000000,0.450000000000000,0.530659125804000,73.000000000000000,130.318512727000012,0.740000000000000,0.933140000000000,10.279999999999999,13.054572000000000,0.970000000000000,1.104539000000000,50.000000000000000,62.240000000000002,63.200000000000003,85.369757763300001
120.086483151127,-33.5535303684229,"12153527",ROCKC,"114345",GSRK0256,-0.010000000000000,8139.998999999999796,1.538022412790000,1.800000000000000,0.002000000000000,0.000000000000000,166.000000000000000,185.338186365000013,1.190000000000000,0.010000000000000,-9999.000000000000000,-9999.000000000000000,969.999969999999962,0.135721087563000,0.030000000000000,35.880000000000003,44.074992000000002,-9999.000000000000000,24.600000000000001,-9999.000000000000000,49.000000000000000,71.616277064399995,0.450000000000000,0.477090000000000,15.900000000000000,1.930000100000000,2.215061114770000,1.030000100000000,1.177805114350000,0.710000040000000,0.822109046316000,-9999.000000000000000,4210.000000000000000,-9999.000000000000000,0.541406000000000,-9999.000000000000000,17.030000000000001,22.891725999999998,2.670000000000000,3.077442000000000,-0.050000000000000,-9999.000000000000000,-9999.000000000000000,2.020000000000000,0.000000000000000,0.340000000000000,0.389470000000000,-9999.000000000000000,0.025000000000000,-9999.000000000000000,410.000000000000000,0.049388843179200,18.300001000000002,21.462241172799999,-9999.000000000000000,29.800000000000001,64.150459999999995,-9999.000000000000000,0.160000010000000,0.181936011371000,3280.000000000000000,0.543914459514000,47.100000000000001,0.006081680454890,0.410000000000000,2800.000000000000000,0.377431230008000,3.220000000000000,4.606210000000000,15340.000000000000000,17892.576000000000931,61.399999999999999,-9999.000000000000000,5.000000000000000,0.001145682723800,4.500000000000000,0.000000000000000,3.760000200000000,4.400328234060000,0.000000000000000,22.640000000000001,24.759104000000001,-0.001000000000000,-9999.000000000000000,-9999.000000000000000,0.000000000000000,0.590000000000000,0.783756000000000,10.300000000000001,-0.500000000000000,0.000000000000000,-9999.000000000000000,3.290000200000000,3.815084231920000,1.100000000000000,-9999.000000000000000,69.500000000000000,82.190646822700003,0.350000000000000,0.427385000000000,0.320000020000000,0.368320023020000,-0.010000000000000,3.400000000000000,3.868860000000000,260.000000000000000,0.043368895827400,0.060000000000000,0.150000000000000,0.171315000000000,0.450000000000000,0.530659125804000,73.000000000000000,130.318512727000012,0.740000000000000,0.933140000000000,10.279999999999999,13.054572000000000,0.970000000000000,1.104539000000000,50.000000000000000,62.240000000000002,63.200000000000003,85.369757763300001
120.086494151144,-33.5535223684292,"9926046",ROCKC,"101503",GSRK0254,0.100000000000000,6730.000000000000000,1.271608367290000,3.000000000000000,-0.001000000000000,-9999.000000000000000,99.000000000000000,110.533014760000000,0.800000000000000,0.030000000000000,-9999.000000000000000,-9999.000000000000000,940.000000000000000,0.131523532222000,0.000000000000000,15.000000000000000,18.425999999999998,-9999.000000000000000,2.000000000000000,-9999.000000000000000,13.000000000000000,19.000236772200001,0.200000000000000,0.212040000000000,14.900000000000000,1.140000000000000,1.308378000000000,1.000000000000000,1.143500000000000,0.400000000000000,0.463160000000000,-9999.000000000000000,710.000000000000000,-9999.000000000000000,0.091306000000000,-9999.000000000000000,10.340000000000000,13.899027999999999,1.310000000000000,1.509906000000000,-0.050000000000000,-9999.000000000000000,-9999.000000000000000,1.840000000000000,-9999.000000000000000,0.210000000000000,0.240555000000000,-9999.000000000000000,-0.005000000000000,-9999.000000000000000,220.000000000000000,0.026501330486400,8.100000000000000,9.499680000000000,-9999.000000000000000,2.600000000000000,5.597020000000000,-9999.000000000000000,0.120000000000000,0.136452000000000,120.000000000000000,0.019899309494400,7.400000000000000,0.000955508181872,0.420000000000000,3590.000000000000000,0.483920755617000,3.850000000000000,5.507425000000000,7.280000000000000,8.491391999999999,8.300000000000002,-9999.000000000000000,-1.999999900000000,-9999.000000000000000,3.800000000000000,-9999.000000000000000,1.750000000000000,2.048025000000000,-9999.000000000000000,8.490000000000000,9.284663999999999,-0.001000000000000,-9999.000000000000000,-9999.000000000000000,-0.010000000000000,0.540000000000000,0.717336000000000,1.800000000000000,-0.500000000000000,-9999.000000000000000,-9999.000000000000000,1.510000000000000,1.750996000000000,0.500000000000000,-9999.000000000000000,55.399999999999999,65.515997611100005,0.990000000000000,1.208889000000000,0.180000000000000,0.207180000000000,-0.010000000000000,5.700000000000000,6.486030000000000,20.000000000000000,0.003336068909800,-0.020000000000000,0.100000000000000,0.114210000000000,0.660000000000000,0.778300051179000,6.000000000000000,10.711110635100001,0.250000000000000,0.315250000000000,6.040000000000000,7.670196000000000,0.730000000000000,0.831251000000000,4.000000000000000,4.979200000000000,31.500000000000000,42.549800150999999
120.086494151144,-33.5535223684292,"12153525",ROCKC,"114345",GSRK0254,0.060000000000000,6730.000000000000000,1.271608367290000,3.000000000000000,0.000000000000000,0.000000000000000,99.000000000000000,110.533014760000000,0.770000000000000,0.030000000000000,-9999.000000000000000,-9999.000000000000000,940.000000000000000,0.131523532222000,0.010000000000000,15.000000999999999,18.426001228400001,-9999.000000000000000,2.000000000000000,-9999.000000000000000,13.000000000000000,19.000236772200001,0.200000000000000,0.212040000000000,14.900000000000000,1.140000100000000,1.308378114770000,0.630000050000000,0.720405057175000,0.350000020000000,0.405265023158000,-9999.000000000000000,710.000000000000000,-9999.000000000000000,0.091306000000000,-9999.000000000000000,10.340000000000000,13.899027999999999,1.310000100000000,1.509906115260000,-0.050000000000000,-9999.000000000000000,-9999.000000000000000,1.840000000000000,0.000000000000000,0.210000010000000,0.240555011455000,-9999.000000000000000,-0.005000000000000,-9999.000000000000000,220.000000000000000,0.026501330486400,8.100000000000000,9.499680000000000,-9999.000000000000000,2.600000000000000,5.597020000000000,-9999.000000000000000,0.120000005000000,0.136452005686000,120.000000000000000,0.019899309494400,7.400000000000000,0.000955508181872,0.420000000000000,3590.000000000000000,0.483920755617000,3.850000000000000,5.507425000000000,7280.000000000000000,8491.391999999999825,8.300000000000002,-9999.000000000000000,-1.999999900000000,-9999.000000000000000,3.800000000000000,0.000000000000000,1.750000100000000,2.048025117030000,0.000000000000000,8.490000000000000,9.284663999999999,-0.001000000000000,-9999.000000000000000,-9999.000000000000000,0.000000000000000,0.540000000000000,0.717336000000000,1.800000000000000,-0.500000000000000,0.000000000000000,-9999.000000000000000,1.510000100000000,1.750996115960000,0.500000000000000,-9999.000000000000000,55.399999999999999,65.515997611100005,0.990000000000000,1.208889000000000,0.180000000000000,0.207180000000000,-0.010000000000000,5.700000000000000,6.486030000000000,20.000000000000000,0.003336068909800,-0.020000000000000,0.100000000000000,0.114210000000000,0.660000000000000,0.778300051179000,6.000000000000000,10.711110635100001,0.250000000000000,0.315250000000000,6.040000000000000,7.670196000000000,0.730000000000000,0.831251000000000,4.000000000000000,4.979200000000000,31.500000000000000,42.549800150999999
120.095270157076,-33.5535033734276,"9926031",ROCKC,"101503",GSRK0140,-0.010000000000000,4500.000000000000000,0.850258195065000,1.100000000000000,0.004000000000000,-9999.000000000000000,184.000000000000000,205.435098140000008,0.600000000000000,0.010000000000000,-9999.000000000000000,-9999.000000000000000,1670.000000000000000,0.233664147671000,0.100000000000000,12.000000000000000,14.740800000000000,-9999.000000000000000,13.199999999999999,-9999.000000000000000,45.000000000000000,65.770050365200007,0.400000000000000,0.424080000000000,16.199999999999999,1.280000000000000,1.469056000000000,1.000000000000000,1.143500000000000,0.400000000000000,0.463160000000000,-9999.000000000000000,3400.000000000000000,-9999.000000000000000,0.437240000000000,-9999.000000000000000,18.230000000000000,24.504766000000000,1.320000000000000,1.521432000000000,-0.050000000000000,-9999.000000000000000,-9999.000000000000000,3.050000000000000,-9999.000000000000000,0.260000000000000,0.297830000000000,-9999.000000000000000,0.023000000000000,-9999.000000000000000,1220.000000000000000,0.146961923606000,6.400000000000000,7.505920000000000,-9999.000000000000000,8.199999999999999,17.652139999999999,-9999.000000000000000,0.120000000000000,0.136452000000000,1210.000000000000000,0.200651370735000,38.799996999999998,0.005009961431100,2.830000000000000,3220.000000000000000,0.434045914509000,4.010000000000000,5.736305000000000,5.100000000000000,5.948640000000000,44.200000000000003,-9999.000000000000000,29.500000000000000,0.006759528070420,1.800000000000000,-9999.000000000000000,1.330000000000000,1.556499000000000,-9999.000000000000000,44.250000000000000,48.391800000000003,0.002000000000000,-9999.000000000000000,-9999.000000000000000,-0.010000000000000,-0.050000000000000,-9999.000000000000000,5.700000000000000,-0.500000000000000,-9999.000000000000000,-9999.000000000000000,1.130000000000000,1.310348000000000,1.400000000000000,-9999.000000000000000,100.000000000000000,118.259923486000005,0.310000000000000,0.378541000000000,0.200000000000000,0.230200000000000,-0.010000000000000,1.400000000000000,1.593060000000000,280.000000000000000,0.046704964737200,0.100000000000000,0.100000000000000,0.114210000000000,0.730000000000000,0.860847026304000,66.000000000000000,117.822216986000001,0.190000000000000,0.239590000000000,7.020000000000000,8.914698000000000,0.790000000000000,0.899573000000000,17.000000000000000,21.161600000000000,114.700000000000003,154.935304042000013
120.095270157076,-33.5535033734276,"12153510",ROCKC,"114345",GSRK0140,-0.010000000000000,4500.000000000000000,0.850258195065000,1.100000000000000,0.004000000000000,0.000000000000000,184.000000000000000,205.435098140000008,0.600000000000000,0.010000000000000,-9999.000000000000000,-9999.000000000000000,1670.000000000000000,0.233664147671000,0.080000000000000,12.190001000000001,14.974197228400000,-9999.000000000000000,13.199999999999999,-9999.000000000000000,45.000000000000000,65.770050365200007,0.380000000000000,0.402876000000000,16.199999999999999,1.280000100000000,1.469056114770000,0.770000040000000,0.880495045740000,0.380000030000000,0.440002034737000,-9999.000000000000000,3399.999899999999798,-9999.000000000000000,0.437239987140000,-9999.000000000000000,18.230000000000000,24.504766000000000,1.320000000000000,1.521432000000000,-0.050000000000000,-9999.000000000000000,-9999.000000000000000,3.050000000000000,0.000000000000000,0.260000020000000,0.297830022910000,-9999.000000000000000,0.023000000000000,-9999.000000000000000,1220.000000000000000,0.146961923606000,6.400000000000000,7.505920000000000,-9999.000000000000000,8.199999999999999,17.652139999999999,-9999.000000000000000,0.120000005000000,0.136452005686000,1209.999900000000025,0.200651354152000,38.799996999999998,0.005009961431100,2.830000000000000,3220.000000000000000,0.434045914509000,4.010000000000000,5.736305000000000,5100.000000000000000,5948.640000000000327,44.200000000000003,-9999.000000000000000,29.500000000000000,0.006759528070420,1.800000000000000,0.000000000000000,1.330000000000000,1.556499000000000,0.000000000000000,44.250000000000000,48.391800000000003,0.002000000000000,-9999.000000000000000,-9999.000000000000000,0.000000000000000,-0.050000000000000,-9999.000000000000000,5.700000000000000,-0.500000000000000,0.000000000000000,-9999.000000000000000,1.130000000000000,1.310348000000000,1.400000000000000,-9999.000000000000000,100.000000000000000,118.259923486000005,0.310000000000000,0.378541000000000,0.200000000000000,0.230200000000000,-0.010000000000000,1.400000000000000,1.593060000000000,280.000000000000000,0.046704964737200,0.100000000000000,0.100000000000000,0.114210000000000,0.730000000000000,0.860847026304000,66.000000000000000,117.822216986000001,0.190000000000000,0.239590000000000,7.020000000000000,8.914698000000000,0.790000000000000,0.899573000000000,17.000000000000000,21.161600000000000,114.700000000000003,154.935304042000013
120.094066156178,-33.5534383729194,"9926039",ROCKC,"101503",GSRK0148,-0.010000000000000,2950.000000000000000,0.557391483432000,0.900000000000000,-0.001000000000000,-9999.000000000000000,172.000000000000000,192.037156957000008,0.600000000000000,-0.010000000000000,-9999.000000000000000,-9999.000000000000000,620.000000000000000,0.086749563806000,0.100000000000000,8.000000000000000,9.827199999999999,-9999.000000000000000,25.000000000000000,-9999.000000000000000,105.000000000000000,153.463450851999994,0.500000000000000,0.530100000000000,8.600000000000000,0.490000000000000,0.562373000000000,0.000000000000000,-9999.000000000000000,0.200000000000000,0.231580000000000,-9999.000000000000000,4700.000000000000000,-9999.000000000000000,0.604420000000000,-9999.000000000000000,16.699999999999999,22.448139999999999,0.740000000000000,0.852924000000000,-0.050000000000000,-9999.000000000000000,-9999.000000000000000,2.470000000000000,-9999.000000000000000,0.120000000000000,0.137460000000000,-9999.000000000000000,0.012000000000000,-9999.000000000000000,1780.000000000000000,0.214419855754000,4.100000000000000,4.808480000000000,-9999.000000000000000,20.199999999999999,43.484540000000003,-9999.000000000000000,0.060000000000000,0.068226000000000,1000.000000000000000,0.165827579120000,20.399999000000001,0.002634103507390,0.810000000000000,3470.000000000000000,0.467745131474000,3.500000000000000,5.006750000000000,3.880000000000000,4.525632000000000,43.399999999999999,-9999.000000000000000,29.800000000000001,0.006828269033850,1.300000000000000,-9999.000000000000000,0.980000000000000,1.146894000000000,-9999.000000000000000,44.070000000000000,48.194952000000001,0.003000000000000,-9999.000000000000000,-9999.000000000000000,-0.010000000000000,-0.050000000000000,-9999.000000000000000,5.300000000000000,-0.500000000000000,-9999.000000000000000,-9999.000000000000000,0.800000000000000,0.927680000000000,0.900000000000000,-9999.000000000000000,44.700000000000003,52.862185798200002,0.250000000000000,0.305275000000000,0.100000000000000,0.115100000000000,0.010000000000000,1.000000000000000,1.137900000000000,410.000000000000000,0.068389412650900,0.110000000000000,0.040000000000000,0.045684000000000,0.530000000000000,0.624998525947000,125.000000000000000,223.148138230000001,0.420000000000000,0.529620000000000,2.150000000000000,2.730285000000000,0.310000000000000,0.352997000000000,11.000000000000000,13.692800000000000,90.099999999999994,121.705936304999994
120.094066156178,-33.5534383729194,"12153518",ROCKC,"114345",GSRK0148,-0.010000000000000,2949.999800000000050,0.557391445642000,0.900000000000000,0.000000000000000,0.000000000000000,172.000000000000000,192.037156957000008,0.550000000000000,-0.010000000000000,-9999.000000000000000,-9999.000000000000000,620.000000000000000,0.086749563806000,0.050000000000000,8.330000000000000,10.232571999999999,-9999.000000000000000,25.000000000000000,-9999.000000000000000,105.000000000000000,153.463450851999994,0.540000000000000,0.572508000000000,8.600000000000000,0.490000000000000,0.562373000000000,0.280000000000000,0.320180000000000,0.240000010000000,0.277896011579000,-9999.000000000000000,4700.000000000000000,-9999.000000000000000,0.604420000000000,-9999.000000000000000,16.699999999999999,22.448139999999999,0.740000000000000,0.852924000000000,-0.050000000000000,-9999.000000000000000,-9999.000000000000000,2.470000000000000,0.000000000000000,0.120000005000000,0.137460005728000,-9999.000000000000000,0.012000000000000,-9999.000000000000000,1780.000000000000000,0.214419855754000,4.100000400000000,4.808480469120000,-9999.000000000000000,20.199999999999999,43.484540000000003,-9999.000000000000000,0.060000002000000,0.068226002274200,1000.000000000000000,0.165827579120000,20.399999000000001,0.002634103507390,0.810000000000000,3470.000000000000000,0.467745131474000,3.500000000000000,5.006750000000000,3880.000000000000000,4525.631999999999607,43.399999999999999,-9999.000000000000000,29.800000000000001,0.006828269033850,1.300000000000000,0.000000000000000,0.980000000000000,1.146894000000000,0.000000000000000,44.070000000000000,48.194952000000001,0.003000000000000,-9999.000000000000000,-9999.000000000000000,0.000000000000000,-0.050000000000000,-9999.000000000000000,5.300000000000000,-0.500000000000000,0.000000000000000,-9999.000000000000000,0.800000000000000,0.927680000000000,0.900000000000000,-9999.000000000000000,44.700000000000003,52.862185798200002,0.250000000000000,0.305275000000000,0.100000000000000,0.115100000000000,0.010000000000000,1.000000000000000,1.137900000000000,410.000000000000000,0.068389412650900,0.110000000000000,0.040000003000000,0.045684003426300,0.530000000000000,0.624998525947000,125.000000000000000,223.148138230000001,0.420000000000000,0.529620000000000,2.150000000000000,2.730285000000000,0.310000000000000,0.352997000000000,11.000000000000000,13.692800000000000,90.099999999999994,121.705936304999994
120.101323165616,-33.5534373717851,"9925988",ROCKC,"101503",GSRK0075,3.070000000000000,5070.000000000000000,0.957957566440000,1.400000000000000,0.076000000000000,-9999.000000000000000,193.000000000000000,215.483554026999997,0.370000000000000,0.120000000000000,-9999.000000000000000,-9999.000000000000000,880.000000000000000,0.123128413144000,0.120000000000000,10.480000000000000,12.873632000000001,-9999.000000000000000,68.799999999999997,-9999.000000000000000,117.000000000000000,171.002130950000009,1.050000000000000,1.113210000000000,2470.199999999999818,1.990000000000000,2.283923000000000,1.200000000000000,1.372200000000000,0.380000000000000,0.440002000000000,-9999.000000000000000,10280.000000000000000,-9999.000000000000000,1.322008000000000,-9999.000000000000000,20.399999999999999,27.421679999999999,1.560000000000000,1.798056000000000,0.400000000000000,-9999.000000000000000,-9999.000000000000000,2.460000000000000,-9999.000000000000000,0.420000000000000,0.481110000000000,-9999.000000000000000,0.118000000000000,-9999.000000000000000,1790.000000000000000,0.215624461685000,5.300000000000000,6.215840000000000,-9999.000000000000000,21.699999999999999,46.713590000000003,-9999.000000000000000,0.140000000000000,0.159194000000000,2100.000000000000000,0.348237916152000,37.000000000000000,0.004777540909360,1.080000000000000,1040.000000000000000,0.140188742574000,5.830000000000000,8.339815000000000,5.100000000000000,5.948640000000000,120.299999999999997,-9999.000000000000000,52.500000000000000,0.012029668599900,2.200000000000000,-9999.000000000000000,1.260000000000000,1.474578000000000,-9999.000000000000000,42.369999999999997,46.335832000000003,0.002000000000000,-9999.000000000000000,-9999.000000000000000,0.010000000000000,0.070000000000000,0.092988000000000,17.500000000000000,1.000000000000000,-9999.000000000000000,-9999.000000000000000,1.160000000000000,1.345136000000000,4.400000000000001,0.024971345381200,37.399999999999999,44.229211383699997,0.430000000000000,0.525073000000000,0.280000000000000,0.322280000000000,0.300000000000000,1.700000000000000,1.934430000000000,290.000000000000000,0.048372999192100,0.280000000000000,0.160000000000000,0.182736000000000,0.750000000000000,0.884431876340000,114.000000000000000,203.511102066000007,5.710000000000000,7.200310000000000,9.090000000000000,11.543391000000000,1.090000000000000,1.241183000000000,47.000000000000000,58.505600000000001,103.200000000000003,139.401250019000003
120.101323165616,-33.5534373717851,"12153461",ROCKC,"114345",GSRK0075,3.070000000000000,5069.999700000000303,0.957957509756000,1.400000000000000,0.076000000000000,0.000000000000000,193.000000000000000,215.483554026999997,0.370000000000000,0.120000000000000,-9999.000000000000000,-9999.000000000000000,880.000000000000000,0.123128413144000,0.120000000000000,10.480000499999999,12.873632614200000,-9999.000000000000000,68.799999999999997,-9999.000000000000000,117.000000000000000,171.002130950000009,1.050000000000000,1.113210000000000,2470.199999999999818,1.990000100000000,2.283923114770000,1.200000000000000,1.372200000000000,0.380000030000000,0.440002034737000,-9999.000000000000000,10280.000000000000000,-9999.000000000000000,1.322008000000000,-9999.000000000000000,20.399999999999999,27.421679999999999,1.560000100000000,1.798056115260000,0.400000000000000,-9999.000000000000000,-9999.000000000000000,2.460000000000000,0.000000000000000,0.420000020000000,0.481110022910000,-9999.000000000000000,0.118000000000000,-9999.000000000000000,1790.000000000000000,0.215624461685000,5.300000000000000,6.215840000000000,-9999.000000000000000,21.699999999999999,46.713590000000003,-9999.000000000000000,0.140000000000000,0.159194000000000,2100.000000000000000,0.348237916152000,37.000000000000000,0.004777540909360,1.080000000000000,1040.000000000000000,0.140188742574000,5.830000000000000,8.339815000000000,5100.000000000000000,5948.640000000000327,120.299999999999997,-9999.000000000000000,52.500000000000000,0.012029668599900,2.200000000000000,0.000000000000000,1.260000100000000,1.474578117030000,0.000000000000000,42.369999999999997,46.335832000000003,0.002000000000000,-9999.000000000000000,-9999.000000000000000,0.010000000000000,0.070000000000000,0.092988000000000,17.500000000000000,1.000000000000000,0.000000000000000,-9999.000000000000000,1.160000100000000,1.345136115960000,4.400000000000001,0.024971345381200,37.399999999999999,44.229211383699997,0.430000000000000,0.525073000000000,0.280000000000000,0.322280000000000,0.300000000000000,1.700000000000000,1.934430000000000,290.000000000000000,0.048372999192100,0.280000000000000,0.160000010000000,0.182736011421000,0.750000000000000,0.884431876340000,114.000000000000000,203.511102066000007,5.710000000000000,7.200310000000000,9.090000000000000,11.543391000000000,1.090000000000000,1.241183000000000,47.000000000000000,58.505600000000001,103.200000000000003,139.401250019000003
120.090278153785,-33.5533853706645,"9926049",ROCKC,"101503",GSRK0257,0.100000000000000,7900.000000000000000,1.492675498000000,7.900000000000000,0.002000000000000,-9999.000000000000000,320.000000000000000,357.278431548000015,0.400000000000000,0.190000000000000,-9999.000000000000000,-9999.000000000000000,270.000000000000000,0.037778035851000,0.000000000000000,17.000000000000000,20.882800000000000,-9999.000000000000000,167.800000000000011,-9999.000000000000000,238.000000000000000,347.850488598000027,3.500000000000000,3.710700000000000,286.300000000000011,1.510000000000000,1.733027000000000,1.000000000000000,1.143500000000000,0.400000000000000,0.463160000000000,-9999.000000000000000,20060.000000000000000,-9999.000000000000000,2.579716000000000,-9999.000000000000000,18.050000000000001,24.262810000000002,1.550000000000000,1.786530000000000,0.140000000000000,-9999.000000000000000,-9999.000000000000000,1.430000000000000,-9999.000000000000000,0.310000000000000,0.355105000000000,-9999.000000000000000,0.077000000000000,-9999.000000000000000,3380.000000000000000,0.407156804746000,8.800000000000002,10.320639999999999,-9999.000000000000000,48.000000000000000,103.329599999999999,-9999.000000000000000,0.140000000000000,0.159194000000000,2920.000000000000000,0.484216531030000,63.099995000000000,0.008147643445750,1.850000000000000,580.000000000000000,0.078182183358800,2.410000000000000,3.447505000000000,7.360000000000000,8.584704000000000,100.099999999999994,-9999.000000000000000,21.699998999999998,0.004972262792160,3.500000000000000,-9999.000000000000000,1.820000000000000,2.129946000000000,-9999.000000000000000,158.370000000000005,173.193432000000001,-0.001000000000000,-9999.000000000000000,-9999.000000000000000,0.250000000000000,0.480000000000000,0.637632000000000,42.799999999999997,-0.500000000000000,-9999.000000000000000,-9999.000000000000000,1.650000000000000,1.913340000000000,3.500000000000000,0.624283634529000,18.600000000000001,21.996345768400001,0.280000000000000,0.341908000000000,0.220000000000000,0.253220000000000,0.050000000000000,0.300000000000000,0.341370000000000,540.000000000000000,0.090073860564600,0.740000000000000,0.140000000000000,0.159894000000000,1.030000000000000,1.214619776840000,270.000000000000000,481.999978578000025,6.470000000000000,8.158670000000003,8.320000000000000,10.565568000000001,0.900000000000000,1.024830000000000,49.000000000000000,60.995199999999997,47.200000000000003,63.757160861199999
120.090278153785,-33.5533853706645,"9926050",ROCKC,"101503",GSRK0258,0.400000000000000,700.000000000000000,0.132262385899000,12.800000000000001,0.092000000000000,-9999.000000000000000,5.000000000000000,5.582475492930000,-0.050000000000000,0.150000000000000,-9999.000000000000000,-9999.000000000000000,30.000000000000000,0.004197559539000,0.000000000000000,15.000000000000000,18.425999999999998,-9999.000000000000000,232.000000000000000,-9999.000000000000000,5.000000000000000,7.307783373920000,0.100000000000000,0.106020000000000,162.500000000000000,0.780000000000000,0.895206000000000,0.000000000000000,-9999.000000000000000,0.300000000000000,0.347370000000000,-9999.000000000000000,66810.000000000000000,-9999.000000000000000,8.591766000000000,-9999.000000000000000,19.050000000000001,25.607009999999999,1.250000000000000,1.440750000000000,0.230000000000000,-9999.000000000000000,-9999.000000000000000,0.080000000000000,-9999.000000000000000,0.130000000000000,0.148915000000000,-9999.000000000000000,0.167000000000000,-9999.000000000000000,30.000000000000000,0.003613817793600,7.900000000000000,9.265120000000000,-9999.000000000000000,1.500000000000000,3.229050000000000,-9999.000000000000000,0.030000000000000,0.034113000000000,190.000000000000000,0.031507240032800,39.200000000000003,0.005061610909380,8.869999999999999,40.000000000000000,0.005391874714400,1.010000000000000,1.444805000000000,6.760000000000000,7.884864000000000,12.199999999999999,-9999.000000000000000,8.599999000000000,0.001970574055800,3.900000000000000,-9999.000000000000000,77.000000000000000,90.113100000000003,-9999.000000000000000,1.910000000000000,2.088776000000000,-0.001000000000000,-9999.000000000000000,-9999.000000000000000,0.090000000000000,0.470000000000000,0.624348000000000,2.900000000000000,-0.500000000000000,-9999.000000000000000,-9999.000000000000000,1.730000000000000,2.006108000000000,7.100000000000000,0.224742108431000,1000.000000000000000,1182.599234860000024,0.130000000000000,0.158743000000000,0.150000000000000,0.172650000000000,0.290000000000000,0.100000000000000,0.113790000000000,30.000000000000000,0.005004103364700,0.030000000000000,0.040000000000000,0.045684000000000,1.210000000000000,1.426883427160000,34.000000000000000,60.696293598700002,107.420000000000002,135.456619999999987,2.540000000000000,3.225546000000000,0.220000000000000,0.250514000000000,35.000000000000000,43.567999999999998,2.700000000000000,3.647125727230000
120.090278153785,-33.5533853706645,"12153528",ROCKC,"114345",GSRK0257,0.120000000000000,7899.999600000000100,1.492675422420000,7.900000000000000,0.002000000000000,0.000000000000000,320.000000000000000,357.278431548000015,0.370000000000000,0.190000000000000,-9999.000000000000000,-9999.000000000000000,269.999979999999994,0.037778033052600,0.020000000000000,16.609999999999999,20.403724000000000,-9999.000000000000000,167.800000000000011,-9999.000000000000000,238.000000000000000,347.850488598000027,3.480000000000000,3.689496000000000,286.300000000000011,1.510000100000000,1.733027114770000,1.000000000000000,1.143500000000000,0.410000030000000,0.474739034737000,-9999.000000000000000,20060.000000000000000,-9999.000000000000000,2.579716000000000,-9999.000000000000000,18.050000000000001,24.262810000000002,1.550000100000000,1.786530115260000,0.140000000000000,-9999.000000000000000,-9999.000000000000000,1.430000000000000,0.000000000000000,0.310000000000000,0.355105000000000,-9999.000000000000000,0.077000000000000,-9999.000000000000000,3379.999899999999798,0.407156792700000,8.800000000000002,10.320639999999999,-9999.000000000000000,48.000000000000000,103.329599999999999,-9999.000000000000000,0.140000000000000,0.159194000000000,2919.999800000000050,0.484216497865000,63.099995000000000,0.008147643445750,1.850000000000000,580.000000000000000,0.078182183358800,2.410000000000000,3.447505000000000,7360.000000000000000,8584.703999999999724,100.099999999999994,-9999.000000000000000,21.699998999999998,0.004972262792160,3.500000000000000,0.000000000000000,1.820000000000000,2.129946000000000,0.000000000000000,158.370000000000005,173.193432000000001,-0.001000000000000,-9999.000000000000000,-9999.000000000000000,0.250000000000000,0.480000000000000,0.637632000000000,42.799999999999997,-0.500000000000000,0.000000000000000,-9999.000000000000000,1.650000100000000,1.913340115960000,3.500000000000000,0.624283634529000,18.600000000000001,21.996345768400001,0.280000000000000,0.341908000000000,0.220000010000000,0.253220011510000,0.050000000000000,0.300000000000000,0.341370000000000,540.000000000000000,0.090073860564600,0.740000000000000,0.140000000000000,0.159894000000000,1.030000000000000,1.214619776840000,270.000000000000000,481.999978578000025,6.470000000000000,8.158670000000003,8.320000000000000,10.565568000000001,0.900000040000000,1.024830045550000,49.000000000000000,60.995199999999997,47.200000000000003,63.757160861199999
120.090278153785,-33.5533853706645,"12153529",ROCKC,"114345",GSRK0258,0.360000000000000,700.000000000000000,0.132262385899000,12.800000000000001,0.092000000000000,0.000000000000000,5.000000000000000,5.582475492930000,-0.050000000000000,0.150000000000000,-9999.000000000000000,-9999.000000000000000,30.000000000000000,0.004197559539000,0.020000000000000,14.720000000000001,18.082048000000000,-9999.000000000000000,232.000000000000000,-9999.000000000000000,5.000000000000000,7.307783373920000,0.140000000000000,0.148428000000000,162.500000000000000,0.780000030000000,0.895206034431000,0.310000000000000,0.354485000000000,0.300000000000000,0.347370000000000,-9999.000000000000000,66810.000000000000000,-9999.000000000000000,8.591766000000000,-9999.000000000000000,19.050000000000001,25.607009999999999,1.250000000000000,1.440750000000000,0.230000000000000,-9999.000000000000000,-9999.000000000000000,0.080000000000000,0.000000000000000,0.130000010000000,0.148915011455000,-9999.000000000000000,0.167000000000000,-9999.000000000000000,30.000000000000000,0.003613817793600,7.900000600000000,9.265120703679999,-9999.000000000000000,1.500000000000000,3.229050000000000,-9999.000000000000000,0.030000001000000,0.034113001137100,190.000000000000000,0.031507240032800,39.200000000000003,0.005061610909380,8.869999999999999,40.000000000000000,0.005391874714400,1.010000000000000,1.444805000000000,6760.000000000000000,7884.863999999999578,12.199999999999999,-9999.000000000000000,8.599999000000000,0.001970574055800,3.900000000000000,0.000000000000000,1.600000000000000,1.872480000000000,0.000000000000000,1.910000000000000,2.088776000000000,-0.001000000000000,-9999.000000000000000,-9999.000000000000000,0.090000000000000,0.470000000000000,0.624348000000000,2.900000000000000,-0.500000000000000,0.000000000000000,-9999.000000000000000,1.730000100000000,2.006108115960000,7.100000000000000,0.224742108431000,1.500000000000000,1.773898852290000,0.130000000000000,0.158743000000000,0.150000000000000,0.172650000000000,0.290000000000000,0.100000000000000,0.113790000000000,30.000000000000000,0.005004103364700,0.030000000000000,0.040000003000000,0.045684003426300,1.210000000000000,1.426883427160000,34.000000000000000,60.696293598700002,107.420000000000002,135.456619999999987,2.540000000000000,3.225546000000000,0.220000010000000,0.250514011387000,35.000000000000000,43.567999999999998,2.700000000000000,3.647125727230000
120.093392155906,-33.553305372488,"9926041",ROCKC,"101503",GSRK0150,-0.010000000000000,1890.000000000000000,0.357108441927000,3.800000000000000,0.003000000000000,-9999.000000000000000,68.000000000000000,75.921666703900001,1.100000000000000,0.030000000000000,-9999.000000000000000,-9999.000000000000000,940.000000000000000,0.131523532222000,0.000000000000000,8.000000000000000,9.827199999999999,-9999.000000000000000,1.900000000000000,-9999.000000000000000,5.000000000000000,7.307783373920000,0.100000000000000,0.106020000000000,74.599999999999994,0.660000000000000,0.757482000000000,0.000000000000000,-9999.000000000000000,0.200000000000000,0.231580000000000,-9999.000000000000000,450.000000000000000,-9999.000000000000000,0.057870000000000,-9999.000000000000000,13.230000000000000,17.783766000000000,0.850000000000000,0.979710000000000,-0.050000000000000,-9999.000000000000000,-9999.000000000000000,3.470000000000000,-9999.000000000000000,0.130000000000000,0.148915000000000,-9999.000000000000000,-0.005000000000000,-9999.000000000000000,790.000000000000000,0.095163868564800,4.400000000000001,5.160320000000000,-9999.000000000000000,5.300000000000000,11.409310000000000,-9999.000000000000000,0.080000000000000,0.090968000000000,20.000000000000000,0.003316551582400,6.199999700000000,0.000800560870399,0.710000000000000,4010.000000000000000,0.540535440119000,1.280000000000000,1.831040000000000,4.030000000000000,4.700592000000000,4.300000000000000,-9999.000000000000000,8.400000000000000,0.001924746975980,6.000000000000000,-9999.000000000000000,1.080000000000000,1.263924000000000,-9999.000000000000000,20.020000000000000,21.893872000000002,0.002000000000000,-9999.000000000000000,-9999.000000000000000,-0.010000000000000,0.110000000000000,0.146124000000000,0.300000000000000,-0.500000000000000,-9999.000000000000000,-9999.000000000000000,0.880000000000000,1.020448000000000,0.300000000000000,-9999.000000000000000,41.000000000000000,48.486568629200001,0.410000000000000,0.500651000000000,0.120000000000000,0.138120000000000,-0.010000000000000,4.600000000000000,5.234340000000000,20.000000000000000,0.003336068909800,0.070000000000000,0.060000000000000,0.068526000000000,0.560000000000000,0.660375801000000,5.000000000000000,8.925925529220002,0.440000000000000,0.554840000000000,3.170000000000000,4.025583000000000,0.470000000000000,0.535189000000000,5.000000000000000,6.224000000000000,70.700000000000003,95.500662561200002
120.093392155906,-33.553305372488,"9926042",ROCKC,"101503",GSRK0151,-0.010000000000000,5210.000000000000000,0.984410043620000,1.200000000000000,0.006000000000000,-9999.000000000000000,183.000000000000000,204.318603040999989,0.600000000000000,0.010000000000000,-9999.000000000000000,-9999.000000000000000,1270.000000000000000,0.177696687151000,0.100000000000000,13.000000000000000,15.969200000000001,-9999.000000000000000,26.899999999999999,-9999.000000000000000,35.000000000000000,51.154483617399997,0.800000000000000,0.848160000000000,373.899999999999977,1.300000000000000,1.492010000000000,1.000000000000000,1.143500000000000,0.600000000000000,0.694740000000000,-9999.000000000000000,5500.000000000000000,-9999.000000000000000,0.707300000000000,-9999.000000000000000,17.160000000000000,23.066472000000001,1.610000000000000,1.855686000000000,-0.050000000000000,-9999.000000000000000,-9999.000000000000000,2.720000000000000,-9999.000000000000000,0.240000000000000,0.274920000000000,-9999.000000000000000,0.016000000000000,-9999.000000000000000,1990.000000000000000,0.239716580309000,6.000000000000000,7.036800000000000,-9999.000000000000000,26.500000000000000,57.046550000000003,-9999.000000000000000,0.120000000000000,0.136452000000000,1440.000000000000000,0.238791713933000,28.299997999999999,0.003654172923780,0.380000000000000,3510.000000000000000,0.473137006189000,3.540000000000000,5.063970000000000,6.950000000000000,8.106479999999999,44.100000000000001,-9999.000000000000000,41.500000000000000,0.009509166607540,1.900000000000000,-9999.000000000000000,1.700000000000000,1.989510000000000,-9999.000000000000000,51.619999999999997,56.451631999999996,0.003000000000000,-9999.000000000000000,-9999.000000000000000,-0.010000000000000,0.050000000000000,0.066420000000000,8.199999999999999,-0.500000000000000,-9999.000000000000000,-9999.000000000000000,1.550000000000000,1.797380000000000,1.400000000000000,-9999.000000000000000,87.099999999999994,103.004393355999994,0.300000000000000,0.366330000000000,0.230000000000000,0.264730000000000,0.020000000000000,1.800000000000000,2.048220000000000,350.000000000000000,0.058381205921500,0.140000000000000,0.100000000000000,0.114210000000000,0.610000000000000,0.719337926090000,120.000000000000000,214.222212700999989,0.560000000000000,0.706160000000000,6.250000000000000,7.936875000000000,0.780000000000000,0.888186000000000,14.000000000000000,17.427199999999999,103.299999999999997,139.536328749000006
120.093392155906,-33.553305372488,"12153520",ROCKC,"114345",GSRK0150,-0.010000000000000,1890.000000000000000,0.357108441927000,3.800000000000000,0.003000000000000,0.000000000000000,68.000000000000000,75.921666703900001,1.090000000000000,0.030000000000000,-9999.000000000000000,-9999.000000000000000,940.000000000000000,0.131523532222000,0.040000000000000,8.490000999999999,10.429117228400001,-9999.000000000000000,1.900000000000000,-9999.000000000000000,5.000000000000000,7.307783373920000,0.140000000000000,0.148428000000000,74.599999999999994,0.660000000000000,0.757482000000000,0.390000020000000,0.445965022870000,0.210000010000000,0.243159011579000,-9999.000000000000000,450.000000000000000,-9999.000000000000000,0.057870000000000,-9999.000000000000000,13.230000000000000,17.783766000000000,0.850000000000000,0.979710000000000,-0.050000000000000,-9999.000000000000000,-9999.000000000000000,3.470000000000000,0.000000000000000,0.130000010000000,0.148915011455000,-9999.000000000000000,-0.005000000000000,-9999.000000000000000,789.999959999999987,0.095163863746400,4.400000000000001,5.160320000000000,-9999.000000000000000,5.300000000000000,11.409310000000000,-9999.000000000000000,0.080000006000000,0.090968006822600,20.000000000000000,0.003316551582400,6.199999700000000,0.000800560870399,0.710000000000000,4009.999800000000050,0.540535413159000,1.280000000000000,1.831040000000000,4030.000000000000000,4700.591999999999643,4.300000000000000,-9999.000000000000000,8.400000000000000,0.001924746975980,6.000000000000000,0.000000000000000,1.080000000000000,1.263924000000000,0.000000000000000,20.020000000000000,21.893872000000002,0.002000000000000,-9999.000000000000000,-9999.000000000000000,0.000000000000000,0.110000000000000,0.146124000000000,0.300000000000000,-0.500000000000000,0.000000000000000,-9999.000000000000000,0.880000050000000,1.020448057980000,0.300000000000000,-9999.000000000000000,41.000000000000000,48.486568629200001,0.410000000000000,0.500651000000000,0.120000005000000,0.138120005755000,-0.010000000000000,4.600000000000000,5.234340000000000,20.000000000000000,0.003336068909800,0.070000000000000,0.060000002000000,0.068526002284200,0.560000000000000,0.660375801000000,5.000000000000000,8.925925529220002,0.440000000000000,0.554840000000000,3.170000000000000,4.025583000000000,0.470000030000000,0.535189034161000,5.000000000000000,6.224000000000000,70.700000000000003,95.500662561200002
120.093392155906,-33.553305372488,"12153521",ROCKC,"114345",GSRK0151,-0.010000000000000,5210.000000000000000,0.984410043620000,1.200000000000000,0.006000000000000,0.000000000000000,183.000000000000000,204.318603040999989,0.560000000000000,0.010000000000000,-9999.000000000000000,-9999.000000000000000,1270.000000000000000,0.177696687151000,0.050000000000000,13.040001000000000,16.018337228400000,-9999.000000000000000,26.899999999999999,-9999.000000000000000,35.000000000000000,51.154483617399997,0.780000000000000,0.826956000000000,373.899999999999977,1.300000100000000,1.492010114770000,0.710000040000000,0.811885045740000,0.610000000000000,0.706319000000000,-9999.000000000000000,5500.000000000000000,-9999.000000000000000,0.707300000000000,-9999.000000000000000,17.160000000000000,23.066472000000001,1.610000100000000,1.855686115260000,-0.050000000000000,-9999.000000000000000,-9999.000000000000000,2.720000000000000,0.000000000000000,0.240000010000000,0.274920011455000,-9999.000000000000000,0.016000000000000,-9999.000000000000000,1989.999900000000025,0.239716568263000,6.000000500000000,7.036800586400000,-9999.000000000000000,26.500000000000000,57.046550000000003,-9999.000000000000000,0.120000005000000,0.136452005686000,1439.999900000000025,0.238791697350000,28.299997999999999,0.003654172923780,0.380000000000000,3510.000000000000000,0.473137006189000,3.540000000000000,5.063970000000000,6950.000000000000000,8106.479999999999563,44.100000000000001,-9999.000000000000000,41.500000000000000,0.009509166607540,1.900000000000000,0.000000000000000,1.700000000000000,1.989510000000000,0.000000000000000,51.619999999999997,56.451631999999996,0.003000000000000,-9999.000000000000000,-9999.000000000000000,0.000000000000000,0.050000000000000,0.066420000000000,8.199999999999999,-0.500000000000000,0.000000000000000,-9999.000000000000000,1.550000100000000,1.797380115960000,1.400000000000000,-9999.000000000000000,87.099999999999994,103.004393355999994,0.300000000000000,0.366330000000000,0.230000000000000,0.264730000000000,0.020000000000000,1.800000000000000,2.048220000000000,350.000000000000000,0.058381205921500,0.140000000000000,0.100000000000000,0.114210000000000,0.610000000000000,0.719337926090000,120.000000000000000,214.222212700999989,0.560000000000000,0.706160000000000,6.250000000000000,7.936875000000000,0.780000030000000,0.888186034161000,14.000000000000000,17.427199999999999,103.299999999999997,139.536328749000006
120.107423174197,-33.5532913701715,"9926062",ROCKC,"101503",GSRK0283,-0.010000000000000,10000.000000000000000,1.889462655700000,71.599999999999994,0.003000000000000,-9999.000000000000000,205.000000000000000,228.881495209999997,0.900000000000000,0.440000000000000,-9999.000000000000000,-9999.000000000000000,30.000000000000000,0.004197559539000,0.000000000000000,9.000000000000000,11.055600000000000,-9999.000000000000000,1.000000000000000,-9999.000000000000000,538.000000000000000,786.317491033000010,3.200000000000000,3.392640000000000,123.400000000000006,0.670000000000000,0.768959000000000,0.000000000000000,-9999.000000000000000,0.500000000000000,0.578950000000000,-9999.000000000000000,10320.000000000000000,-9999.000000000000000,1.327152000000000,-9999.000000000000000,24.620000000000001,33.094203999999998,0.660000000000000,0.760716000000000,0.230000000000000,-9999.000000000000000,-9999.000000000000000,3.060000000000000,-9999.000000000000000,0.140000000000000,0.160370000000000,-9999.000000000000000,0.057000000000000,-9999.000000000000000,3690.000000000000000,0.444499588613000,4.100000000000000,4.808480000000000,-9999.000000000000000,11.400000000000000,24.540780000000002,-9999.000000000000000,0.100000000000000,0.113710000000000,300.000000000000000,0.049748273736000,12.999999000000001,0.001678595325520,2.390000000000000,150.000000000000000,0.020219530179000,4.010000000000000,5.736305000000000,4.400000000000001,5.132160000000000,5.200000000000000,-9999.000000000000000,3.700000000000000,0.000847805215612,7.000000000000000,-9999.000000000000000,1.060000000000000,1.240518000000000,-9999.000000000000000,65.939999999999998,72.111984000000007,-0.001000000000000,-9999.000000000000000,-9999.000000000000000,0.050000000000000,4.240000000000000,5.632416000000000,13.800000000000001,3.200000000000000,-9999.000000000000000,-9999.000000000000000,0.910000000000000,1.055236000000000,1.800000000000000,0.124856726906000,26.500000000000000,31.338879723700000,0.310000000000000,0.378541000000000,0.090000000000000,0.103590000000000,0.240000000000000,3.200000000000000,3.641280000000000,320.000000000000000,0.053377102556800,10.119999999999999,0.080000000000000,0.091368000000000,0.700000000000000,0.825469751251000,206.000000000000000,367.748131804000025,1.020000000000000,1.286220000000000,3.500000000000000,4.444650000000000,0.650000000000000,0.740155000000000,4.000000000000000,4.979200000000000,108.099999999999994,146.020107819999993
120.107423174197,-33.5532913701715,"12153548",ROCKC,"114345",GSRK0283,-0.010000000000000,10000.000000000000000,1.889462655700000,71.599999999999994,0.003000000000000,0.000000000000000,205.000000000000000,228.881495209999997,0.880000000000000,0.440000000000000,-9999.000000000000000,-9999.000000000000000,30.000000000000000,0.004197559539000,0.040000000000000,9.160000999999999,11.252145228400000,-9999.000000000000000,1.000000000000000,-9999.000000000000000,538.000000000000000,786.317491033000010,3.200000000000000,3.392640000000000,123.400000000000006,0.670000000000000,0.768959000000000,0.470000030000000,0.537445034305000,0.460000000000000,0.532634000000000,-9999.000000000000000,10320.000000000000000,-9999.000000000000000,1.327152000000000,-9999.000000000000000,24.620000000000001,33.094203999999998,0.660000000000000,0.760716000000000,0.230000000000000,-9999.000000000000000,-9999.000000000000000,3.060000000000000,0.000000000000000,0.140000000000000,0.160370000000000,-9999.000000000000000,0.057000000000000,-9999.000000000000000,3689.999800000000050,0.444499564521000,4.100000400000000,4.808480469120000,-9999.000000000000000,11.400000000000000,24.540780000000002,-9999.000000000000000,0.100000000000000,0.113710000000000,299.999979999999994,0.049748270419400,12.999999000000001,0.001678595325520,2.390000000000000,149.999989999999997,0.020219528831000,4.010000000000000,5.736305000000000,4400.000000000000000,5132.159999999999854,5.200000000000000,-9999.000000000000000,3.700000000000000,0.000847805215612,7.000000000000000,0.000000000000000,1.060000100000000,1.240518117030000,0.000000000000000,65.939999999999998,72.111984000000007,-0.001000000000000,-9999.000000000000000,-9999.000000000000000,0.050000000000000,4.240000000000000,5.632416000000000,13.800000000000001,3.200000000000000,0.000000000000000,-9999.000000000000000,0.910000000000000,1.055236000000000,1.800000000000000,0.124856726906000,26.500000000000000,31.338879723700000,0.310000000000000,0.378541000000000,0.090000000000000,0.103590000000000,0.240000000000000,3.200000000000000,3.641280000000000,320.000000000000000,0.053377102556800,10.119999999999999,0.080000006000000,0.091368006852600,0.700000000000000,0.825469751251000,206.000000000000000,367.748131804000025,1.020000000000000,1.286220000000000,3.500000000000000,4.444650000000000,0.650000040000000,0.740155045548000,4.000000000000000,4.979200000000000,108.099999999999994,146.020107819999993
120.096214158654,-33.5532813731182,"9926005",ROCKC,"101503",GSRK0092,0.110000000000000,4690.000000000000000,0.886157985523000,1.500000000000000,0.002000000000000,-9999.000000000000000,220.000000000000000,245.628921689000009,0.780000000000000,0.010000000000000,-9999.000000000000000,-9999.000000000000000,1430.000000000000000,0.200083671359000,0.060000000000000,13.050000000000001,16.030619999999999,-9999.000000000000000,23.399999999999999,-9999.000000000000000,31.000000000000000,45.308256918300003,0.690000000000000,0.731538000000000,29.600000000000001,1.170000000000000,1.342809000000000,0.660000000000000,0.754710000000000,0.580000000000000,0.671582000000000,-9999.000000000000000,5110.000000000000000,-9999.000000000000000,0.657146000000000,-9999.000000000000000,18.140000000000001,24.383787999999999,1.500000000000000,1.728900000000000,0.150000000000000,-9999.000000000000000,-9999.000000000000000,3.630000000000000,-9999.000000000000000,0.220000000000000,0.252010000000000,-9999.000000000000000,0.026000000000000,-9999.000000000000000,1580.000000000000000,0.190327737130000,6.200000000000000,7.271360000000000,-9999.000000000000000,21.000000000000000,45.206699999999998,-9999.000000000000000,0.140000000000000,0.159194000000000,1100.000000000000000,0.182410337032000,20.699999999999999,0.002672840454700,0.550000000000000,2940.000000000000000,0.396302791508000,5.210000000000000,7.452905000000000,5.510000000000000,6.426864000000000,51.799999999999997,-9999.000000000000000,51.000000000000000,0.011685963782800,2.600000000000000,-9999.000000000000000,1.440000000000000,1.685232000000000,-9999.000000000000000,36.640000000000001,40.069504000000002,0.002000000000000,-9999.000000000000000,-9999.000000000000000,-0.010000000000000,-0.050000000000000,-9999.000000000000000,7.000000000000000,-0.500000000000000,-9999.000000000000000,-9999.000000000000000,1.400000000000000,1.623440000000000,1.800000000000000,-9999.000000000000000,85.000000000000000,100.520934963000002,0.480000000000000,0.586128000000000,0.220000000000000,0.253220000000000,0.010000000000000,2.200000000000000,2.503380000000000,370.000000000000000,0.061717274831300,0.130000000000000,0.110000000000000,0.125631000000000,1.120000000000000,1.320751602000000,101.000000000000000,180.303695690000012,0.490000000000000,0.617890000000000,5.500000000000000,6.984450000000000,0.810000000000000,0.922347000000000,26.000000000000000,32.364800000000002,146.900000000000006,198.430655306999995
120.096214158654,-33.5532813731182,"12153478",ROCKC,"114345",GSRK0092,0.110000000000000,4690.000000000000000,0.886157985523000,1.500000000000000,0.002000000000000,0.000000000000000,220.000000000000000,245.628921689000009,0.780000000000000,0.010000000000000,-9999.000000000000000,-9999.000000000000000,1430.000000000000000,0.200083671359000,0.060000000000000,13.050000000000001,16.030619999999999,-9999.000000000000000,23.399999999999999,-9999.000000000000000,31.000000000000000,45.308256918300003,0.690000000000000,0.731538000000000,29.600000000000001,1.170000100000000,1.342809114770000,0.660000000000000,0.754710000000000,0.580000040000000,0.671582046316000,-9999.000000000000000,5109.999700000000303,-9999.000000000000000,0.657145961420000,-9999.000000000000000,18.140000000000001,24.383787999999999,1.500000100000000,1.728900115260000,0.150000000000000,-9999.000000000000000,-9999.000000000000000,3.630000000000000,0.000000000000000,0.220000010000000,0.252010011455000,-9999.000000000000000,0.026000000000000,-9999.000000000000000,1579.999900000000025,0.190327725084000,6.200000300000000,7.271360351840000,-9999.000000000000000,21.000000000000000,45.206699999999998,-9999.000000000000000,0.140000000000000,0.159194000000000,1100.000000000000000,0.182410337032000,20.699999999999999,0.002672840454700,0.550000000000000,2939.999800000000050,0.396302764549000,5.210000000000000,7.452905000000000,5510.000000000000000,6426.863999999999578,51.799999999999997,-9999.000000000000000,51.000000000000000,0.011685963782800,2.600000000000000,0.000000000000000,1.440000000000000,1.685232000000000,0.000000000000000,36.640000000000001,40.069504000000002,0.002000000000000,-9999.000000000000000,-9999.000000000000000,0.000000000000000,-0.050000000000000,-9999.000000000000000,7.000000000000000,-0.500000000000000,0.000000000000000,-9999.000000000000000,1.400000100000000,1.623440115960000,1.800000000000000,-9999.000000000000000,85.000000000000000,100.520934963000002,0.480000000000000,0.586128000000000,0.220000010000000,0.253220011510000,0.010000000000000,2.200000000000000,2.503380000000000,370.000000000000000,0.061717274831300,0.130000000000000,0.110000010000000,0.125631011421000,1.120000000000000,1.320751602000000,101.000000000000000,180.303695690000012,0.490000000000000,0.617890000000000,5.500000000000000,6.984450000000000,0.810000060000000,0.922347068322000,26.000000000000000,32.364800000000002,146.900000000000006,198.430655306999995
120.095345157559,-33.5531893733214,"9926030",ROCKC,"101503",GSRK0139,-0.010000000000000,5870.000000000000000,1.109114578900000,0.700000000000000,0.006000000000000,-9999.000000000000000,206.000000000000000,229.997990308999988,0.600000000000000,0.010000000000000,-9999.000000000000000,-9999.000000000000000,820.000000000000000,0.114733294066000,0.100000000000000,25.000000000000000,30.710000000000001,-9999.000000000000000,43.700000000000003,-9999.000000000000000,95.000000000000000,138.847884104000002,1.100000000000000,1.166220000000000,39.000000000000000,1.320000000000000,1.514964000000000,1.000000000000000,1.143500000000000,0.600000000000000,0.694740000000000,-9999.000000000000000,7630.000000000000000,-9999.000000000000000,0.981218000000000,-9999.000000000000000,23.960000000000001,32.207031999999998,1.950000000000000,2.247570000000000,-0.050000000000000,-9999.000000000000000,-9999.000000000000000,3.110000000000000,-9999.000000000000000,0.250000000000000,0.286375000000000,-9999.000000000000000,0.016000000000000,-9999.000000000000000,1660.000000000000000,0.199964584579000,13.199999999999999,15.480960000000000,-9999.000000000000000,28.500000000000000,61.351950000000002,-9999.000000000000000,0.150000000000000,0.170565000000000,2500.000000000000000,0.414568947800000,28.399999999999999,0.003667085454750,0.900000000000000,1360.000000000000000,0.183323740290000,4.500000000000000,6.437250000000000,9.850000000000000,11.489039999999999,118.200000000000003,-9999.000000000000000,9.300000000000001,0.002130969866270,1.900000000000000,-9999.000000000000000,2.720000000000000,3.183216000000000,-9999.000000000000000,70.530000000000001,77.131608000000000,0.001000000000000,-9999.000000000000000,-9999.000000000000000,0.010000000000000,-0.050000000000000,-9999.000000000000000,10.600000000000000,-0.500000000000000,-9999.000000000000000,-9999.000000000000000,1.960000000000000,2.272816000000000,1.400000000000000,0.024971345381200,49.200000000000003,58.183882355000001,0.340000000000000,0.415174000000000,0.250000000000000,0.287750000000000,-0.010000000000000,3.400000000000000,3.868860000000000,250.000000000000000,0.041700861372500,0.170000000000000,0.110000000000000,0.125631000000000,1.450000000000000,1.709901627590000,82.000000000000000,146.385178679000006,0.280000000000000,0.353080000000000,6.640000000000000,8.432136000000000,0.870000000000000,0.990669000000000,18.000000000000000,22.406400000000001,118.200000000000003,159.663059613999991
120.095345157559,-33.5531893733214,"12153509",ROCKC,"114345",GSRK0139,-0.010000000000000,5870.000000000000000,1.109114578900000,0.700000000000000,0.006000000000000,0.000000000000000,206.000000000000000,229.997990308999988,0.570000000000000,0.010000000000000,-9999.000000000000000,-9999.000000000000000,820.000000000000000,0.114733294066000,0.060000000000000,25.340001999999998,31.127658456799999,-9999.000000000000000,43.700000000000003,-9999.000000000000000,95.000000000000000,138.847884104000002,1.090000000000000,1.155618000000000,39.000000000000000,1.320000000000000,1.514964000000000,0.750000060000000,0.857625068610000,0.610000000000000,0.706319000000000,-9999.000000000000000,7629.999600000000100,-9999.000000000000000,0.981217948560000,-9999.000000000000000,23.960000000000001,32.207031999999998,1.950000000000000,2.247570000000000,-0.050000000000000,-9999.000000000000000,-9999.000000000000000,3.110000000000000,0.000000000000000,0.250000000000000,0.286375000000000,-9999.000000000000000,0.016000000000000,-9999.000000000000000,1660.000000000000000,0.199964584579000,13.200001000000000,15.480961172800001,-9999.000000000000000,28.500000000000000,61.351950000000002,-9999.000000000000000,0.150000000000000,0.170565000000000,2500.000000000000000,0.414568947800000,28.399999999999999,0.003667085454750,0.900000000000000,1360.000000000000000,0.183323740290000,4.500000000000000,6.437250000000000,9850.000000000000000,11489.040000000000873,118.200000000000003,-9999.000000000000000,9.300000000000001,0.002130969866270,1.900000000000000,0.000000000000000,2.720000000000000,3.183216000000000,0.000000000000000,70.530000000000001,77.131608000000000,0.001000000000000,-9999.000000000000000,-9999.000000000000000,0.010000000000000,-0.050000000000000,-9999.000000000000000,10.600000000000000,-0.500000000000000,0.000000000000000,-9999.000000000000000,1.960000000000000,2.272816000000000,1.400000000000000,0.024971345381200,49.200000000000003,58.183882355000001,0.340000000000000,0.415174000000000,0.250000000000000,0.287750000000000,-0.010000000000000,3.400000000000000,3.868860000000000,250.000000000000000,0.041700861372500,0.170000000000000,0.110000010000000,0.125631011421000,1.450000000000000,1.709901627590000,82.000000000000000,146.385178679000006,0.280000000000000,0.353080000000000,6.640000000000000,8.432136000000000,0.870000060000000,0.990669068322000,18.000000000000000,22.406400000000001,118.200000000000003,159.663059613999991
120.094442156789,-33.5531413730628,"9926035",ROCKC,"101503",GSRK0144,-0.010000000000000,3290.000000000000000,0.621633213725000,1.700000000000000,-0.001000000000000,-9999.000000000000000,54.000000000000000,60.290735323699998,0.500000000000000,0.020000000000000,-9999.000000000000000,-9999.000000000000000,550.000000000000000,0.076955258215000,0.000000000000000,17.000000000000000,20.882800000000000,-9999.000000000000000,2.100000000000000,-9999.000000000000000,6.000000000000000,8.769340048700000,0.100000000000000,0.106020000000000,14.699999999999999,1.320000000000000,1.514964000000000,1.000000000000000,1.143500000000000,0.200000000000000,0.231580000000000,-9999.000000000000000,710.000000000000000,-9999.000000000000000,0.091306000000000,-9999.000000000000000,11.830000000000000,15.901885999999999,1.570000000000000,1.809582000000000,-0.050000000000000,-9999.000000000000000,-9999.000000000000000,2.400000000000000,-9999.000000000000000,0.250000000000000,0.286375000000000,-9999.000000000000000,0.005000000000000,-9999.000000000000000,250.000000000000000,0.030115148280000,9.100000000000000,10.672480000000000,-9999.000000000000000,3.600000000000000,7.749720000000000,-9999.000000000000000,0.140000000000000,0.159194000000000,110.000000000000000,0.018241033703200,5.500000000000000,0.000710175000040,0.440000000000000,3810.000000000000000,0.513576066547000,4.670000000000000,6.680435000000000,6.740000000000000,7.861536000000000,5.100000000000000,-9999.000000000000000,9.500000000000000,0.002176797175220,4.400000000000001,-9999.000000000000000,1.990000000000000,2.328897000000000,-9999.000000000000000,6.370000000000000,6.966232000000000,0.004000000000000,-9999.000000000000000,-9999.000000000000000,-0.010000000000000,0.090000000000000,0.119556000000000,1.200000000000000,-0.500000000000000,-9999.000000000000000,-9999.000000000000000,1.580000000000000,1.832168000000000,0.300000000000000,-9999.000000000000000,32.500000000000000,38.434475132899998,1.200000000000000,1.465320000000000,0.230000000000000,0.264730000000000,0.010000000000000,7.400000000000000,8.420460000000000,40.000000000000000,0.006672137819600,-0.020000000000000,0.110000000000000,0.125631000000000,1.820000000000000,2.146221353250000,7.000000000000000,12.496295740900001,0.650000000000000,0.819650000000000,7.130000000000000,9.054387000000000,0.890000000000000,1.013443000000000,3.000000000000000,3.734400000000000,52.299999999999997,70.646176123800004
120.094442156789,-33.5531413730628,"9926036",ROCKC,"101503",GSRK0145,-0.010000000000000,4390.000000000000000,0.829474105852000,1.600000000000000,0.002000000000000,-9999.000000000000000,204.000000000000000,227.765000111999996,0.700000000000000,0.010000000000000,-9999.000000000000000,-9999.000000000000000,1100.000000000000000,0.153910516430000,0.100000000000000,13.000000000000000,15.969200000000001,-9999.000000000000000,26.600000000000001,-9999.000000000000000,42.000000000000000,61.385380340899999,1.300000000000000,1.378260000000000,11.500000000000000,1.260000000000000,1.446102000000000,1.000000000000000,1.143500000000000,0.500000000000000,0.578950000000000,-9999.000000000000000,4730.000000000000000,-9999.000000000000000,0.608278000000000,-9999.000000000000000,19.100000000000001,25.674219999999998,1.530000000000000,1.763478000000000,-0.050000000000000,-9999.000000000000000,-9999.000000000000000,2.740000000000000,-9999.000000000000000,0.240000000000000,0.274920000000000,-9999.000000000000000,0.011000000000000,-9999.000000000000000,1970.000000000000000,0.237307368446000,6.500000000000000,7.623200000000000,-9999.000000000000000,23.100000000000001,49.727370000000001,-9999.000000000000000,0.120000000000000,0.136452000000000,1330.000000000000000,0.220550680230000,16.199999999999999,0.002091788181940,1.000000000000000,2950.000000000000000,0.397650760187000,3.820000000000000,5.464510000000000,6.990000000000000,8.153136000000000,50.799999999999997,-9999.000000000000000,40.899999999999999,0.009371684680680,3.000000000000000,-9999.000000000000000,1.740000000000000,2.036322000000000,-9999.000000000000000,63.180000000000000,69.093648000000002,0.003000000000000,-9999.000000000000000,-9999.000000000000000,-0.010000000000000,0.070000000000000,0.092988000000000,8.400000000000000,-0.500000000000000,-9999.000000000000000,-9999.000000000000000,1.470000000000000,1.704612000000000,1.400000000000000,-9999.000000000000000,67.900000000000006,80.298488046900005,0.290000000000000,0.354119000000000,0.220000000000000,0.253220000000000,-0.010000000000000,2.300000000000000,2.617170000000000,300.000000000000000,0.050041033647000,0.150000000000000,0.110000000000000,0.125631000000000,1.290000000000000,1.521222827300000,104.000000000000000,185.659251008000012,0.490000000000000,0.617890000000000,6.590000000000000,8.368641000000000,0.790000000000000,0.899573000000000,10.000000000000000,12.448000000000000,100.599999999999994,135.889203022000004
120.094442156789,-33.5531413730628,"12153514",ROCKC,"114345",GSRK0144,-0.010000000000000,3290.000000000000000,0.621633213725000,1.700000000000000,0.000000000000000,0.000000000000000,54.000000000000000,60.290735323699998,0.460000000000000,0.020000000000000,-9999.000000000000000,-9999.000000000000000,550.000000000000000,0.076955258215000,0.030000000000000,17.130001000000000,21.042493228400001,-9999.000000000000000,2.100000000000000,-9999.000000000000000,6.000000000000000,8.769340048700000,0.100000000000000,0.106020000000000,14.699999999999999,1.320000000000000,1.514964000000000,0.780000030000000,0.891930034305000,0.240000010000000,0.277896011579000,-9999.000000000000000,710.000000000000000,-9999.000000000000000,0.091306000000000,-9999.000000000000000,11.830000000000000,15.901885999999999,1.570000000000000,1.809582000000000,-0.050000000000000,-9999.000000000000000,-9999.000000000000000,2.400000000000000,0.000000000000000,0.250000000000000,0.286375000000000,-9999.000000000000000,0.005000000000000,-9999.000000000000000,250.000000000000000,0.030115148280000,9.100000000000000,10.672480000000000,-9999.000000000000000,3.600000000000000,7.749720000000000,-9999.000000000000000,0.140000000000000,0.159194000000000,110.000000000000000,0.018241033703200,5.500000000000000,0.000710175000040,0.440000000000000,3810.000000000000000,0.513576066547000,4.670000000000000,6.680435000000000,6740.000000000000000,7861.536000000000058,5.100000000000000,-9999.000000000000000,9.500000000000000,0.002176797175220,4.400000000000001,0.000000000000000,1.990000100000000,2.328897117030000,0.000000000000000,6.370000000000000,6.966232000000000,0.004000000000000,-9999.000000000000000,-9999.000000000000000,0.000000000000000,0.090000000000000,0.119556000000000,1.200000000000000,-0.500000000000000,0.000000000000000,-9999.000000000000000,1.580000000000000,1.832168000000000,0.300000000000000,-9999.000000000000000,32.500000000000000,38.434475132899998,1.200000000000000,1.465320000000000,0.230000000000000,0.264730000000000,0.010000000000000,7.400000000000000,8.420460000000000,40.000000000000000,0.006672137819600,-0.020000000000000,0.110000010000000,0.125631011421000,1.820000000000000,2.146221353250000,7.000000000000000,12.496295740900001,0.650000000000000,0.819650000000000,7.130000000000000,9.054387000000000,0.890000050000000,1.013443056930000,3.000000000000000,3.734400000000000,52.299999999999997,70.646176123800004
120.094442156789,-33.5531413730628,"12153515",ROCKC,"114345",GSRK0145,-0.010000000000000,4390.000000000000000,0.829474105852000,1.600000000000000,0.002000000000000,0.000000000000000,204.000000000000000,227.765000111999996,0.680000000000000,0.010000000000000,-9999.000000000000000,-9999.000000000000000,1100.000000000000000,0.153910516430000,0.050000000000000,13.370001000000000,16.423709228400000,-9999.000000000000000,26.600000000000001,-9999.000000000000000,42.000000000000000,61.385380340899999,1.340000000000000,1.420668000000000,11.500000000000000,1.260000100000000,1.446102114770000,0.780000030000000,0.891930034305000,0.480000020000000,0.555792023158000,-9999.000000000000000,4730.000000000000000,-9999.000000000000000,0.608278000000000,-9999.000000000000000,19.100000000000001,25.674219999999998,1.530000100000000,1.763478115260000,-0.050000000000000,-9999.000000000000000,-9999.000000000000000,2.740000000000000,0.000000000000000,0.240000010000000,0.274920011455000,-9999.000000000000000,0.011000000000000,-9999.000000000000000,1969.999900000000025,0.237307356400000,6.500000500000000,7.623200586400000,-9999.000000000000000,23.100000000000001,49.727370000000001,-9999.000000000000000,0.120000005000000,0.136452005686000,1329.999900000000025,0.220550663647000,16.199999999999999,0.002091788181940,1.000000000000000,2949.999800000000050,0.397650733228000,3.820000000000000,5.464510000000000,6990.000000000000000,8153.136000000000422,50.799999999999997,-9999.000000000000000,40.899999999999999,0.009371684680680,3.000000000000000,0.000000000000000,1.740000100000000,2.036322117030000,0.000000000000000,63.180000000000000,69.093648000000002,0.003000000000000,-9999.000000000000000,-9999.000000000000000,0.000000000000000,0.070000000000000,0.092988000000000,8.400000000000000,-0.500000000000000,0.000000000000000,-9999.000000000000000,1.470000000000000,1.704612000000000,1.400000000000000,-9999.000000000000000,67.900000000000006,80.298488046900005,0.290000000000000,0.354119000000000,0.220000010000000,0.253220011510000,-0.010000000000000,2.300000000000000,2.617170000000000,300.000000000000000,0.050041033647000,0.150000000000000,0.110000010000000,0.125631011421000,1.290000000000000,1.521222827300000,104.000000000000000,185.659251008000012,0.490000000000000,0.617890000000000,6.590000000000000,8.368641000000000,0.790000000000000,0.899573000000000,10.000000000000000,12.448000000000000,100.599999999999994,135.889203022000004
120.093398156124,-33.553134372451,"9926043",ROCKC,"101503",GSRK0152,-0.010000000000000,5020.000000000000000,0.948510253161000,0.600000000000000,-0.001000000000000,-9999.000000000000000,211.000000000000000,235.580465801999992,0.500000000000000,-0.010000000000000,-9999.000000000000000,-9999.000000000000000,1870.000000000000000,0.261647877931000,0.100000000000000,12.000000000000000,14.740800000000000,-9999.000000000000000,29.199999999999999,-9999.000000000000000,30.000000000000000,43.846700243500003,0.800000000000000,0.848160000000000,12.400000000000000,1.470000000000000,1.687119000000000,1.000000000000000,1.143500000000000,0.600000000000000,0.694740000000000,-9999.000000000000000,5620.000000000000000,-9999.000000000000000,0.722732000000000,-9999.000000000000000,17.940000000000001,24.114947999999998,1.800000000000000,2.074680000000000,-0.050000000000000,-9999.000000000000000,-9999.000000000000000,2.640000000000000,-9999.000000000000000,0.270000000000000,0.309285000000000,-9999.000000000000000,0.017000000000000,-9999.000000000000000,2100.000000000000000,0.252967245552000,5.200000000000000,6.098560000000000,-9999.000000000000000,18.800000000000001,40.470759999999999,-9999.000000000000000,0.120000000000000,0.136452000000000,1280.000000000000000,0.212259301274000,21.599999000000000,0.002789050780130,0.520000000000000,2630.000000000000000,0.354515762472000,3.320000000000000,4.749260000000000,6.810000000000000,7.943184000000000,47.799999999999997,-9999.000000000000000,41.100000000000001,0.009417511989640,1.300000000000000,-9999.000000000000000,1.620000000000000,1.895886000000000,-9999.000000000000000,58.229999999999997,63.680328000000003,0.003000000000000,-9999.000000000000000,-9999.000000000000000,-0.010000000000000,0.050000000000000,0.066420000000000,8.699999999999999,-0.500000000000000,-9999.000000000000000,-9999.000000000000000,1.600000000000000,1.855360000000000,1.600000000000000,-9999.000000000000000,85.900000000000006,101.585274274000000,0.270000000000000,0.329697000000000,0.260000000000000,0.299260000000000,0.020000000000000,1.500000000000000,1.706850000000000,330.000000000000000,0.055045137011700,0.170000000000000,0.100000000000000,0.114210000000000,0.400000000000000,0.471697000715000,116.000000000000000,207.081472278000007,0.240000000000000,0.302640000000000,6.920000000000000,8.787708000000000,0.760000000000000,0.865412000000000,9.000000000000000,11.203200000000001,100.200000000000003,135.348888098999993
120.093398156124,-33.553134372451,"12153522",ROCKC,"114345",GSRK0152,-0.010000000000000,5020.000000000000000,0.948510253161000,0.600000000000000,0.000000000000000,0.000000000000000,211.000000000000000,235.580465801999992,0.540000000000000,-0.010000000000000,-9999.000000000000000,-9999.000000000000000,1870.000000000000000,0.261647877931000,0.050000000000000,12.350000000000000,15.170740000000000,-9999.000000000000000,29.199999999999999,-9999.000000000000000,30.000000000000000,43.846700243500003,0.760000000000000,0.805752000000000,12.400000000000000,1.470000000000000,1.687119000000000,0.770000040000000,0.880495045740000,0.610000000000000,0.706319000000000,-9999.000000000000000,5620.000000000000000,-9999.000000000000000,0.722732000000000,-9999.000000000000000,17.940000000000001,24.114947999999998,1.800000100000000,2.074680115260000,-0.050000000000000,-9999.000000000000000,-9999.000000000000000,2.640000000000000,0.000000000000000,0.270000000000000,0.309285000000000,-9999.000000000000000,0.017000000000000,-9999.000000000000000,2100.000000000000000,0.252967245552000,5.200000300000000,6.098560351840000,-9999.000000000000000,18.800000000000001,40.470759999999999,-9999.000000000000000,0.120000005000000,0.136452005686000,1280.000000000000000,0.212259301274000,21.599999000000000,0.002789050780130,0.520000000000000,2629.999899999999798,0.354515748992000,3.320000000000000,4.749260000000000,6810.000000000000000,7943.184000000000196,47.799999999999997,-9999.000000000000000,41.100000000000001,0.009417511989640,1.300000000000000,0.000000000000000,1.620000100000000,1.895886117030000,0.000000000000000,58.229999999999997,63.680328000000003,0.003000000000000,-9999.000000000000000,-9999.000000000000000,0.000000000000000,0.050000000000000,0.066420000000000,8.699999999999999,-0.500000000000000,0.000000000000000,-9999.000000000000000,1.600000000000000,1.855360000000000,1.600000000000000,-9999.000000000000000,85.900000000000006,101.585274274000000,0.270000000000000,0.329697000000000,0.260000020000000,0.299260023020000,0.020000000000000,1.500000000000000,1.706850000000000,330.000000000000000,0.055045137011700,0.170000000000000,0.100000000000000,0.114210000000000,0.400000000000000,0.471697000715000,116.000000000000000,207.081472278000007,0.240000000000000,0.302640000000000,6.920000000000000,8.787708000000000,0.760000050000000,0.865412056935000,9.000000000000000,11.203200000000001,100.200000000000003,135.348888098999993
120.087986152788,-33.5530163692816,"9926025",ROCKC,"101503",GSRK0130,0.100000000000000,6600.000000000000000,1.247045352760000,3.500000000000000,0.434000000000000,-9999.000000000000000,382.000000000000000,426.501127660000009,0.000000000000000,0.120000000000000,-9999.000000000000000,-9999.000000000000000,970.000000000000000,0.135721091761000,0.090000000000000,20.899999999999999,25.673559999999998,-9999.000000000000000,135.000000000000000,-9999.000000000000000,64.000000000000000,93.539627186100006,2.000000000000000,2.120400000000000,10000.000000000000000,3.080000000000000,3.534916000000000,2.190000000000000,2.504265000000000,0.770000000000000,0.891583000000000,-9999.000000000000000,16690.000000000000000,-9999.000000000000000,2.146334000000000,-9999.000000000000000,20.680000000000000,27.798055999999999,2.780000000000000,3.204228000000000,0.120000000000000,-9999.000000000000000,-9999.000000000000000,2.380000000000000,-9999.000000000000000,0.690000000000000,0.790395000000000,-9999.000000000000000,0.079000000000000,-9999.000000000000000,2100.000000000000000,0.252967245552000,8.199999999999999,9.616960000000001,-9999.000000000000000,16.600000000000001,35.734819999999999,-9999.000000000000000,0.330000000000000,0.375243000000000,1600.000000000000000,0.265324126592000,37.200000000000003,0.004803365454820,14.470000000000001,1980.000000000000000,0.266897798363000,4.560000000000000,6.523080000000000,9.570000000000000,11.162447999999999,67.299999999999997,-9999.000000000000000,53.399999999999999,0.012235891490200,11.000000000000000,-9999.000000000000000,2.250000000000000,2.633175000000000,-9999.000000000000000,65.109999999999999,71.204295999999999,0.001000000000000,-9999.000000000000000,-9999.000000000000000,0.060000000000000,0.360000000000000,0.478224000000000,20.899999999999999,1.700000000000000,-9999.000000000000000,-9999.000000000000000,2.330000000000000,2.701868000000000,1.100000000000000,0.149828072287000,86.599999999999994,102.413093739000004,0.310000000000000,0.378541000000000,0.450000000000000,0.517950000000000,0.380000000000000,1.300000000000000,1.479270000000000,360.000000000000000,0.060049240376400,0.340000000000000,0.300000000000000,0.342630000000000,17.100000000000001,20.165046780600001,207.000000000000000,369.533316909999996,3.440000000000000,4.337840000000000,14.039999999999999,17.829395999999999,2.280000000000000,2.596236000000000,42.000000000000000,52.281599999999997,85.900000000000006,116.032629618000001
120.087986152788,-33.5530163692816,"9926026",ROCKC,"101503",GSRK0131,-0.010000000000000,6580.000000000000000,1.243266427450000,1.200000000000000,0.621000000000000,-9999.000000000000000,293.000000000000000,327.133063886000002,0.000000000000000,0.020000000000000,-9999.000000000000000,-9999.000000000000000,1710.000000000000000,0.239260893723000,0.050000000000000,44.399999999999999,54.540959999999998,-9999.000000000000000,78.000000000000000,-9999.000000000000000,40.000000000000000,58.462266991299998,2.000000000000000,2.120400000000000,1098.900000000000091,3.890000000000000,4.464553000000001,2.130000000000000,2.435655000000000,1.290000000000000,1.493691000000000,-9999.000000000000000,10960.000000000000000,-9999.000000000000000,1.409456000000000,-9999.000000000000000,21.840000000000000,29.357327999999999,4.090000000000000,4.714134000000000,0.080000000000000,-9999.000000000000000,-9999.000000000000000,2.380000000000000,-9999.000000000000000,0.760000000000000,0.870580000000000,-9999.000000000000000,0.061000000000000,-9999.000000000000000,2390.000000000000000,0.287900817557000,19.399999999999999,22.752320000000001,-9999.000000000000000,28.800000000000001,61.997760000000000,-9999.000000000000000,0.290000000000000,0.329759000000000,1880.000000000000000,0.311755848746000,24.199999999999999,0.003124770000180,1.740000000000000,1940.000000000000000,0.261505923648000,3.450000000000000,4.935225000000000,16.660000000000000,19.432224000000001,88.000000000000000,-9999.000000000000000,22.399999999999999,0.005132658602620,10.100000000000000,-9999.000000000000000,4.340000000000000,5.079102000000000,-9999.000000000000000,73.840000000000003,80.751424000000000,0.001000000000000,-9999.000000000000000,-9999.000000000000000,0.010000000000000,0.090000000000000,0.119556000000000,14.400000000000000,0.500000000000000,-9999.000000000000000,-9999.000000000000000,3.850000000000000,4.464460000000000,1.400000000000000,0.024971345381200,188.400000000000006,222.801695846999991,0.280000000000000,0.341908000000000,0.630000000000000,0.725130000000000,0.100000000000000,1.600000000000000,1.820640000000000,380.000000000000000,0.063385309286200,0.350000000000000,0.280000000000000,0.319788000000000,3.210000000000000,3.785368430730000,163.000000000000000,290.985172252999973,1.150000000000000,1.450150000000000,14.640000000000001,18.591335999999998,2.020000000000000,2.300174000000000,38.000000000000000,47.302399999999999,90.700000000000003,122.516408689000002
120.087986152788,-33.5530163692816,"12153500",ROCKC,"114345",GSRK0130,0.100000000000000,6600.000000000000000,1.247045352760000,3.500000000000000,0.434000000000000,0.000000000000000,382.000000000000000,426.501127660000009,0.480000000000000,0.120000000000000,-9999.000000000000000,-9999.000000000000000,969.999969999999962,0.135721087563000,0.090000000000000,20.900002000000001,25.673562456799999,-9999.000000000000000,135.300000000000011,-9999.000000000000000,64.000000000000000,93.539627186100006,2.390000000000000,2.533878000000000,10000.000000000000000,3.080000200000000,3.534916229540000,2.190000000000000,2.504265000000000,0.770000040000000,0.891583046316000,-9999.000000000000000,16689.998999999999796,-9999.000000000000000,2.146333871400000,-9999.000000000000000,20.680000000000000,27.798055999999999,2.780000200000000,3.204228230520000,0.120000000000000,-9999.000000000000000,-9999.000000000000000,2.380000000000000,0.000000000000000,0.690000060000000,0.790395068730000,-9999.000000000000000,0.079000000000000,-9999.000000000000000,2100.000000000000000,0.252967245552000,8.200001000000000,9.616961172800000,-9999.000000000000000,16.600000000000001,35.734819999999999,-9999.000000000000000,0.330000000000000,0.375243000000000,1599.999900000000025,0.265324110009000,37.200000000000003,0.004803365454820,14.470000000000001,1979.999900000000025,0.266897784883000,4.560000000000000,6.523080000000000,9570.000000000000000,11162.448000000000320,67.299999999999997,-9999.000000000000000,53.399999999999999,0.012235891490200,11.000000000000000,0.000000000000000,2.250000000000000,2.633175000000000,0.000000000000000,65.109999999999999,71.204295999999999,0.001000000000000,-9999.000000000000000,-9999.000000000000000,0.060000000000000,0.360000000000000,0.478224000000000,20.899999999999999,1.700000000000000,0.000000000000000,-9999.000000000000000,2.330000200000000,2.701868231920000,1.100000000000000,0.149828072287000,86.599999999999994,102.413093739000004,0.310000000000000,0.378541000000000,0.450000020000000,0.517950023020000,0.380000000000000,1.300000000000000,1.479270000000000,360.000000000000000,0.060049240376400,0.340000000000000,0.300000000000000,0.342630000000000,17.100000000000001,20.165046780600001,207.000000000000000,369.533316909999996,3.440000000000000,4.337840000000000,14.039999999999999,17.829395999999999,2.280000200000000,2.596236227740000,42.000000000000000,52.281599999999997,85.900000000000006,116.032629618000001
120.087986152788,-33.5530163692816,"12153501",ROCKC,"114345",GSRK0131,-0.010000000000000,6580.000000000000000,1.243266427450000,1.200000000000000,0.621000000000000,0.000000000000000,293.000000000000000,327.133063886000002,0.270000000000000,0.020000000000000,-9999.000000000000000,-9999.000000000000000,1709.999900000000025,0.239260879731000,0.050000000000000,44.350002000000003,54.479542456799997,-9999.000000000000000,77.900000000000006,-9999.000000000000000,40.000000000000000,58.462266991299998,2.190000000000000,2.321838000000000,1098.900000000000091,3.890000000000000,4.464553000000001,2.130000000000000,2.435655000000000,1.290000100000000,1.493691115790000,-9999.000000000000000,10960.000000000000000,-9999.000000000000000,1.409456000000000,-9999.000000000000000,21.840000000000000,29.357327999999999,4.090000000000000,4.714134000000000,0.080000000000000,-9999.000000000000000,-9999.000000000000000,2.380000000000000,0.000000000000000,0.760000050000000,0.870580057275000,-9999.000000000000000,0.061000000000000,-9999.000000000000000,2389.999899999999798,0.287900805511000,19.400002000000001,22.752322345600000,-9999.000000000000000,28.800000000000001,61.997760000000000,-9999.000000000000000,0.290000020000000,0.329759022742000,1880.000000000000000,0.311755848746000,24.199999999999999,0.003124770000180,1.740000000000000,1939.999900000000025,0.261505910169000,3.450000000000000,4.935225000000000,16660.000000000000000,19432.223999999998341,88.000000000000000,-9999.000000000000000,22.399999999999999,0.005132658602620,10.100000000000000,0.000000000000000,4.340000000000000,5.079102000000000,0.000000000000000,73.840000000000003,80.751424000000000,0.001000000000000,-9999.000000000000000,-9999.000000000000000,0.010000000000000,0.090000000000000,0.119556000000000,14.400000000000000,0.500000000000000,0.000000000000000,-9999.000000000000000,3.850000100000000,4.464460115960000,1.400000000000000,0.024971345381200,188.400000000000006,222.801695846999991,0.280000000000000,0.341908000000000,0.630000050000000,0.725130057550000,0.100000000000000,1.600000000000000,1.820640000000000,380.000000000000000,0.063385309286200,0.350000000000000,0.280000000000000,0.319788000000000,3.210000000000000,3.785368430730000,163.000000000000000,290.985172252999973,1.150000000000000,1.450150000000000,14.640000000000001,18.591335999999998,2.020000000000000,2.300174000000000,38.000000000000000,47.302399999999999,90.700000000000003,122.516408689000002
120.101413166076,-33.5530163717374,"9926004",ROCKC,"101503",GSRK0091,0.700000000000000,6240.000000000000000,1.179024697160000,3.700000000000000,0.232000000000000,-9999.000000000000000,186.000000000000000,207.668088337000000,0.670000000000000,2.530000000000000,-9999.000000000000000,-9999.000000000000000,5660.000000000000000,0.791939566358000,0.290000000000000,6.080000000000000,7.468672000000000,-9999.000000000000000,72.500000000000000,-9999.000000000000000,253.000000000000000,369.773838720000015,1.970000000000000,2.088594000000000,4030.900000000000091,1.980000000000000,2.272446000000000,1.280000000000000,1.463680000000000,0.340000000000000,0.393686000000000,-9999.000000000000000,7840.000000000000000,-9999.000000000000000,1.008224000000000,-9999.000000000000000,15.470000000000001,20.794774000000000,1.700000000000000,1.959420000000000,0.170000000000000,-9999.000000000000000,-9999.000000000000000,0.880000000000000,-9999.000000000000000,0.420000000000000,0.481110000000000,-9999.000000000000000,0.258000000000000,-9999.000000000000000,1520.000000000000000,0.183100101542000,2.900000000000000,3.401120000000000,-9999.000000000000000,17.699999999999999,38.102789999999999,-9999.000000000000000,0.190000000000000,0.216049000000000,4000.000000000000000,0.663310316480000,148.900000000000006,0.019226374092000,2.130000000000000,1080.000000000000000,0.145580617289000,2.000000000000000,2.861000000000000,3.900000000000000,4.548960000000000,79.000000000000000,-9999.000000000000000,21.699998999999998,0.004972262792160,2.100000000000000,-9999.000000000000000,0.900000000000000,1.053270000000000,-9999.000000000000000,31.559999999999999,34.514015999999998,0.002000000000000,-9999.000000000000000,-9999.000000000000000,-0.010000000000000,0.240000000000000,0.318816000000000,28.100000000000001,0.500000000000000,-9999.000000000000000,-9999.000000000000000,1.210000000000000,1.403116000000000,26.500000000000000,-9999.000000000000000,32.299999999999997,38.197955285900001,0.140000000000000,0.170954000000000,0.290000000000000,0.333790000000000,0.400000000000000,0.300000000000000,0.341370000000000,300.000000000000000,0.050041033647000,0.310000000000000,0.190000000000000,0.216999000000000,0.270000000000000,0.318395475482000,191.000000000000000,340.970355215999973,0.710000000000000,0.895310000000000,11.420000000000000,14.502257999999999,1.290000000000000,1.468923000000000,121.000000000000000,150.620800000000003,29.500000000000000,39.848225538299999
120.101413166076,-33.5530163717374,"12153477",ROCKC,"114345",GSRK0091,0.700000000000000,6240.000000000000000,1.179024697160000,3.700000000000000,0.232000000000000,0.000000000000000,186.000000000000000,207.668088337000000,0.670000000000000,2.530000000000000,-9999.000000000000000,-9999.000000000000000,5660.000000000000000,0.791939566358000,0.290000000000000,6.080000400000000,7.468672491360000,-9999.000000000000000,72.500000000000000,-9999.000000000000000,253.000000000000000,369.773838720000015,1.970000000000000,2.088594000000000,4030.900000000000091,1.980000100000000,2.272446114770000,1.280000100000000,1.463680114350000,0.340000000000000,0.393686000000000,-9999.000000000000000,7839.999700000000303,-9999.000000000000000,1.008223961420000,-9999.000000000000000,15.470000000000001,20.794774000000000,1.700000000000000,1.959420000000000,0.170000000000000,-9999.000000000000000,-9999.000000000000000,0.880000000000000,0.000000000000000,0.420000020000000,0.481110022910000,-9999.000000000000000,0.258000000000000,-9999.000000000000000,1520.000000000000000,0.183100101542000,2.900000000000000,3.401120000000000,-9999.000000000000000,17.699999999999999,38.102789999999999,-9999.000000000000000,0.190000010000000,0.216049011371000,4000.000000000000000,0.663310316480000,148.900000000000006,0.019226374092000,2.130000000000000,1079.999900000000025,0.145580603809000,2.000000000000000,2.861000000000000,3900.000000000000000,4548.960000000000036,79.000000000000000,-9999.000000000000000,21.699998999999998,0.004972262792160,2.100000000000000,0.000000000000000,0.900000040000000,1.053270046810000,0.000000000000000,31.559999999999999,34.514015999999998,0.002000000000000,-9999.000000000000000,-9999.000000000000000,0.000000000000000,0.240000000000000,0.318816000000000,28.100000000000001,0.500000000000000,0.000000000000000,-9999.000000000000000,1.210000000000000,1.403116000000000,26.500000000000000,-9999.000000000000000,32.299999999999997,38.197955285900001,0.140000000000000,0.170954000000000,0.290000020000000,0.333790023020000,0.400000000000000,0.300000000000000,0.341370000000000,300.000000000000000,0.050041033647000,0.310000000000000,0.190000010000000,0.216999011421000,0.270000000000000,0.318395475482000,191.000000000000000,340.970355215999973,0.710000000000000,0.895310000000000,11.420000000000000,14.502257999999999,1.290000100000000,1.468923113870000,121.000000000000000,150.620800000000003,29.500000000000000,39.848225538299999
120.09444715696,-33.5530053730291,"9926034",ROCKC,"101503",GSRK0143,-0.010000000000000,6090.000000000000000,1.150682757320000,2.300000000000000,0.004000000000000,-9999.000000000000000,258.000000000000000,288.055735434999974,0.600000000000000,0.100000000000000,-9999.000000000000000,-9999.000000000000000,8140.000000000000000,1.138937821580000,0.100000000000000,22.000000000000000,27.024799999999999,-9999.000000000000000,28.100000000000001,-9999.000000000000000,50.000000000000000,73.077833739200003,0.200000000000000,0.212040000000000,17.899999999999999,2.170000000000000,2.490509000000000,1.000000000000000,1.143500000000000,1.000000000000000,1.157900000000000,-9999.000000000000000,7930.000000000000000,-9999.000000000000000,1.019798000000000,-9999.000000000000000,17.920000000000002,24.088063999999999,2.500000000000000,2.881500000000000,-0.050000000000000,-9999.000000000000000,-9999.000000000000000,2.150000000000000,-9999.000000000000000,0.450000000000000,0.515475000000000,-9999.000000000000000,0.036000000000000,-9999.000000000000000,1950.000000000000000,0.234898156584000,12.500000000000000,14.660000000000000,-9999.000000000000000,6.200000000000000,13.346740000000000,-9999.000000000000000,0.210000000000000,0.238791000000000,4140.000000000000000,0.686526177557000,196.599989999999991,0.025385526892000,0.390000000000000,570.000000000000000,0.076834214680200,3.600000000000000,5.149800000000000,10.150000000000000,11.838960000000000,69.500000000000000,-9999.000000000000000,21.699998999999998,0.004972262792160,1.400000000000000,-9999.000000000000000,2.650000000000000,3.101295000000000,-9999.000000000000000,39.119999999999997,42.781632000000002,0.001000000000000,-9999.000000000000000,-9999.000000000000000,-0.010000000000000,0.180000000000000,0.239112000000000,9.300000000000001,-0.500000000000000,-9999.000000000000000,-9999.000000000000000,2.120000000000000,2.458352000000000,2.800000000000000,-9999.000000000000000,67.700000000000003,80.061968199899994,0.330000000000000,0.402963000000000,0.360000000000000,0.414360000000000,0.020000000000000,1.800000000000000,2.048220000000000,290.000000000000000,0.048372999192100,0.140000000000000,0.180000000000000,0.205578000000000,0.980000000000000,1.155657651750000,79.000000000000000,141.029623361999995,1.580000000000000,1.992380000000000,13.410000000000000,17.029358999999999,1.300000000000000,1.480310000000000,37.000000000000000,46.057600000000001,77.799999999999997,105.091252436000005
120.09444715696,-33.5530053730291,"12153513",ROCKC,"114345",GSRK0143,-0.010000000000000,6089.999700000000303,1.150682700640000,2.300000000000000,0.004000000000000,0.000000000000000,258.000000000000000,288.055735434999974,0.580000000000000,0.100000000000000,-9999.000000000000000,-9999.000000000000000,8139.998999999999796,1.138937681660000,0.070000000000000,21.710000999999998,26.668565228399999,-9999.000000000000000,28.100000000000001,-9999.000000000000000,50.000000000000000,73.077833739200003,0.240000000000000,0.254448000000000,17.899999999999999,2.170000000000000,2.490509000000000,1.330000000000000,1.520855000000000,0.950000050000000,1.100005057900000,-9999.000000000000000,7930.000000000000000,-9999.000000000000000,1.019798000000000,-9999.000000000000000,17.920000000000002,24.088063999999999,2.500000000000000,2.881500000000000,-0.050000000000000,-9999.000000000000000,-9999.000000000000000,2.150000000000000,0.000000000000000,0.450000020000000,0.515475022910000,-9999.000000000000000,0.036000000000000,-9999.000000000000000,1949.999900000000025,0.234898144538000,12.500000999999999,14.660001172799999,-9999.000000000000000,6.200000000000000,13.346740000000000,-9999.000000000000000,0.210000010000000,0.238791011371000,4140.000000000000000,0.686526177557000,196.599989999999991,0.025385526892000,0.390000000000000,570.000000000000000,0.076834214680200,3.600000000000000,5.149800000000000,10150.000000000000000,11838.959999999999127,69.500000000000000,-9999.000000000000000,21.699998999999998,0.004972262792160,1.400000000000000,0.000000000000000,2.650000000000000,3.101295000000000,0.000000000000000,39.119999999999997,42.781632000000002,0.001000000000000,-9999.000000000000000,-9999.000000000000000,0.000000000000000,0.180000000000000,0.239112000000000,9.300000000000001,-0.500000000000000,0.000000000000000,-9999.000000000000000,2.120000100000000,2.458352115960000,2.800000000000000,-9999.000000000000000,67.700000000000003,80.061968199899994,0.330000000000000,0.402963000000000,0.360000000000000,0.414360000000000,0.020000000000000,1.800000000000000,2.048220000000000,290.000000000000000,0.048372999192100,0.140000000000000,0.180000000000000,0.205578000000000,0.980000000000000,1.155657651750000,79.000000000000000,141.029623361999995,1.580000000000000,1.992380000000000,13.410000000000000,17.029358999999999,1.300000100000000,1.480310113870000,37.000000000000000,46.057600000000001,77.799999999999997,105.091252436000005
120.09466415716,-33.5529563731415,"9926033",ROCKC,"101503",GSRK0142,-0.010000000000000,3300.000000000000000,0.623522676381000,3.100000000000000,0.001000000000000,-9999.000000000000000,184.000000000000000,205.435098140000008,0.600000000000000,0.020000000000000,-9999.000000000000000,-9999.000000000000000,900.000000000000000,0.125926786170000,0.100000000000000,13.000000000000000,15.969200000000001,-9999.000000000000000,8.800000000000002,-9999.000000000000000,22.000000000000000,32.154246845199999,0.300000000000000,0.318060000000000,14.600000000000000,0.700000000000000,0.803390000000000,0.000000000000000,-9999.000000000000000,0.300000000000000,0.347370000000000,-9999.000000000000000,2280.000000000000000,-9999.000000000000000,0.293208000000000,-9999.000000000000000,19.239999999999998,25.862407999999999,0.930000000000000,1.071918000000000,-0.050000000000000,-9999.000000000000000,-9999.000000000000000,3.030000000000000,-9999.000000000000000,0.140000000000000,0.160370000000000,-9999.000000000000000,0.014000000000000,-9999.000000000000000,1550.000000000000000,0.186713919336000,7.100000000000000,8.326879999999999,-9999.000000000000000,13.900000000000000,29.922529999999998,-9999.000000000000000,0.070000000000000,0.079597000000000,790.000000000000000,0.131003787505000,28.399999999999999,0.003667085454750,0.250000000000000,2880.000000000000000,0.388214979437000,2.920000000000000,4.177060000000000,5.260000000000000,6.135264000000000,24.500000000000000,-9999.000000000000000,28.099999000000000,0.006438736678620,2.300000000000000,-9999.000000000000000,1.460000000000000,1.708638000000000,-9999.000000000000000,47.049999999999997,51.453879999999998,0.002000000000000,-9999.000000000000000,-9999.000000000000000,-0.010000000000000,0.140000000000000,0.185976000000000,2.700000000000000,-0.500000000000000,-9999.000000000000000,-9999.000000000000000,0.980000000000000,1.136408000000000,0.800000000000000,-9999.000000000000000,64.200000000000003,75.922870877899996,0.240000000000000,0.293064000000000,0.120000000000000,0.138120000000000,-0.010000000000000,1.600000000000000,1.820640000000000,210.000000000000000,0.035028723552900,0.140000000000000,0.050000000000000,0.057105000000000,0.500000000000000,0.589621250893000,42.000000000000000,74.977774445400001,0.700000000000000,0.882700000000000,3.520000000000000,4.470048000000000,0.390000000000000,0.444093000000000,15.000000000000000,18.672000000000001,106.400000000000006,143.723769398999991
120.09466415716,-33.5529563731415,"12153512",ROCKC,"114345",GSRK0142,-0.010000000000000,3300.000000000000000,0.623522676381000,3.100000000000000,0.001000000000000,0.000000000000000,184.000000000000000,205.435098140000008,0.630000000000000,0.020000000000000,-9999.000000000000000,-9999.000000000000000,900.000000000000000,0.125926786170000,0.070000000000000,12.920000999999999,15.870929228400000,-9999.000000000000000,8.800000000000002,-9999.000000000000000,22.000000000000000,32.154246845199999,0.300000000000000,0.318060000000000,14.600000000000000,0.700000050000000,0.803390057385000,0.400000000000000,0.457400000000000,0.290000020000000,0.335791023158000,-9999.000000000000000,2280.000000000000000,-9999.000000000000000,0.293208000000000,-9999.000000000000000,19.239999999999998,25.862407999999999,0.930000070000000,1.071918080680000,-0.050000000000000,-9999.000000000000000,-9999.000000000000000,3.030000000000000,0.000000000000000,0.140000000000000,0.160370000000000,-9999.000000000000000,0.014000000000000,-9999.000000000000000,1550.000000000000000,0.186713919336000,7.100000400000000,8.326880469120002,-9999.000000000000000,13.900000000000000,29.922529999999998,-9999.000000000000000,0.070000000000000,0.079597000000000,789.999959999999987,0.131003780872000,28.399999999999999,0.003667085454750,0.250000000000000,2879.999899999999798,0.388214965957000,2.920000000000000,4.177060000000000,5260.000000000000000,6135.264000000000124,24.500000000000000,-9999.000000000000000,28.099999000000000,0.006438736678620,2.300000000000000,0.000000000000000,1.460000000000000,1.708638000000000,0.000000000000000,47.049999999999997,51.453879999999998,0.002000000000000,-9999.000000000000000,-9999.000000000000000,0.000000000000000,0.140000000000000,0.185976000000000,2.700000000000000,-0.500000000000000,0.000000000000000,-9999.000000000000000,0.980000000000000,1.136408000000000,0.800000000000000,-9999.000000000000000,64.200000000000003,75.922870877899996,0.240000000000000,0.293064000000000,0.120000005000000,0.138120005755000,-0.010000000000000,1.600000000000000,1.820640000000000,210.000000000000000,0.035028723552900,0.140000000000000,0.050000000000000,0.057105000000000,0.500000000000000,0.589621250893000,42.000000000000000,74.977774445400001,0.700000000000000,0.882700000000000,3.520000000000000,4.470048000000000,0.390000020000000,0.444093022774000,15.000000000000000,18.672000000000001,106.400000000000006,143.723769398999991
120.095461158018,-33.5529393732239,"9926032",ROCKC,"101503",GSRK0141,-0.010000000000000,6850.000000000000000,1.294281919150000,0.500000000000000,-0.001000000000000,-9999.000000000000000,206.000000000000000,229.997990308999988,0.600000000000000,0.010000000000000,-9999.000000000000000,-9999.000000000000000,1630.000000000000000,0.228067401619000,0.100000000000000,9.000000000000000,11.055600000000000,-9999.000000000000000,49.000000000000000,-9999.000000000000000,139.000000000000000,203.156377794999997,1.600000000000000,1.696320000000000,12.900000000000000,1.630000000000000,1.870751000000000,1.000000000000000,1.143500000000000,0.500000000000000,0.578950000000000,-9999.000000000000000,10520.000000000000000,-9999.000000000000000,1.352872000000000,-9999.000000000000000,21.010000000000002,28.241641999999999,1.600000000000000,1.844160000000000,-0.050000000000000,-9999.000000000000000,-9999.000000000000000,3.100000000000000,-9999.000000000000000,0.350000000000000,0.400925000000000,-9999.000000000000000,0.020000000000000,-9999.000000000000000,2580.000000000000000,0.310788330250000,4.500000000000000,5.277600000000000,-9999.000000000000000,27.899999999999999,60.060330000000000,-9999.000000000000000,0.240000000000000,0.272904000000000,3040.000000000000000,0.504115840525000,64.399995000000004,0.008315502991220,1.230000000000000,1990.000000000000000,0.268245767041000,4.600000000000000,6.580300000000000,4.740000000000000,5.528736000000000,137.400000000000006,-9999.000000000000000,44.200000000000003,0.010127835278400,1.700000000000000,-9999.000000000000000,1.190000000000000,1.392657000000000,-9999.000000000000000,56.280000000000001,61.547808000000003,0.002000000000000,-9999.000000000000000,-9999.000000000000000,-0.010000000000000,0.050000000000000,0.066420000000000,15.100000000000000,-0.500000000000000,-9999.000000000000000,-9999.000000000000000,1.320000000000000,1.530672000000000,2.000000000000000,-9999.000000000000000,70.299999999999997,83.136726210500001,0.410000000000000,0.500651000000000,0.250000000000000,0.287750000000000,-0.010000000000000,2.300000000000000,2.617170000000000,310.000000000000000,0.051709068101900,0.220000000000000,0.180000000000000,0.205578000000000,0.750000000000000,0.884431876340000,122.000000000000000,217.792582912999990,0.280000000000000,0.353080000000000,9.699999999999999,12.318030000000000,1.490000000000000,1.696663000000000,19.000000000000000,23.651199999999999,118.500000000000000,160.068295806000009
120.095461158018,-33.5529393732239,"12153511",ROCKC,"114345",GSRK0141,-0.010000000000000,6850.000000000000000,1.294281919150000,0.500000000000000,0.000000000000000,0.000000000000000,206.000000000000000,229.997990308999988,0.640000000000000,0.010000000000000,-9999.000000000000000,-9999.000000000000000,1630.000000000000000,0.228067401619000,0.050000000000000,9.440001000000001,11.596097228400000,-9999.000000000000000,49.000000000000000,-9999.000000000000000,139.000000000000000,203.156377794999997,1.640000000000000,1.738728000000000,12.900000000000000,1.630000100000000,1.870751114770000,1.190000000000000,1.360765000000000,0.480000020000000,0.555792023158000,-9999.000000000000000,10519.999499999999898,-9999.000000000000000,1.352871935700000,-9999.000000000000000,21.010000000000002,28.241641999999999,1.600000000000000,1.844160000000000,-0.050000000000000,-9999.000000000000000,-9999.000000000000000,3.100000000000000,0.000000000000000,0.350000020000000,0.400925022910000,-9999.000000000000000,0.020000000000000,-9999.000000000000000,2580.000000000000000,0.310788330250000,4.500000000000000,5.277600000000000,-9999.000000000000000,27.899999999999999,60.060330000000000,-9999.000000000000000,0.240000010000000,0.272904011371000,3040.000000000000000,0.504115840525000,64.399995000000004,0.008315502991220,1.230000000000000,1989.999900000000025,0.268245753562000,4.600000000000000,6.580300000000000,4740.000000000000000,5528.735999999999876,137.400000000000006,-9999.000000000000000,44.200000000000003,0.010127835278400,1.700000000000000,0.000000000000000,1.190000000000000,1.392657000000000,0.000000000000000,56.280000000000001,61.547808000000003,0.002000000000000,-9999.000000000000000,-9999.000000000000000,0.000000000000000,0.050000000000000,0.066420000000000,15.100000000000000,-0.500000000000000,0.000000000000000,-9999.000000000000000,1.320000000000000,1.530672000000000,2.000000000000000,-9999.000000000000000,70.299999999999997,83.136726210500001,0.410000000000000,0.500651000000000,0.250000000000000,0.287750000000000,-0.010000000000000,2.300000000000000,2.617170000000000,310.000000000000000,0.051709068101900,0.220000000000000,0.180000000000000,0.205578000000000,0.750000000000000,0.884431876340000,122.000000000000000,217.792582912999990,0.280000000000000,0.353080000000000,9.699999999999999,12.318030000000000,1.490000100000000,1.696663113870000,19.000000000000000,23.651199999999999,118.500000000000000,160.068295806000009
120.093568156554,-33.5528773724881,"9926044",ROCKC,"101503",GSRK0153,-0.010000000000000,4440.000000000000000,0.838921419131000,1.000000000000000,-0.001000000000000,-9999.000000000000000,205.000000000000000,228.881495209999997,0.700000000000000,-0.010000000000000,-9999.000000000000000,-9999.000000000000000,1090.000000000000000,0.152511329917000,0.000000000000000,11.000000000000000,13.512400000000000,-9999.000000000000000,28.800000000000001,-9999.000000000000000,34.000000000000000,49.692926942600003,0.600000000000000,0.636120000000000,10.500000000000000,0.810000000000000,0.929637000000000,0.000000000000000,-9999.000000000000000,0.600000000000000,0.694740000000000,-9999.000000000000000,5880.000000000000000,-9999.000000000000000,0.756168000000000,-9999.000000000000000,17.570000000000000,23.617594000000000,1.070000000000000,1.233282000000000,-0.050000000000000,-9999.000000000000000,-9999.000000000000000,2.590000000000000,-9999.000000000000000,0.150000000000000,0.171825000000000,-9999.000000000000000,0.012000000000000,-9999.000000000000000,2270.000000000000000,0.273445546382000,6.300000000000000,7.388640000000000,-9999.000000000000000,20.300000000000001,43.699809999999999,-9999.000000000000000,0.100000000000000,0.113710000000000,1190.000000000000000,0.197334819153000,21.499998999999999,0.002776138507400,0.220000000000000,3450.000000000000000,0.465049194117000,3.270000000000000,4.677735000000000,5.540000000000000,6.461856000000000,44.600000000000001,-9999.000000000000000,41.500000000000000,0.009509166607540,1.300000000000000,-9999.000000000000000,1.450000000000000,1.696935000000000,-9999.000000000000000,50.130000000000003,54.822167999999998,0.002000000000000,-9999.000000000000000,-9999.000000000000000,-0.010000000000000,-0.050000000000000,-9999.000000000000000,6.400000000000000,-0.500000000000000,-9999.000000000000000,-9999.000000000000000,1.120000000000000,1.298752000000000,1.200000000000000,-9999.000000000000000,54.299999999999997,64.215138452800005,0.250000000000000,0.305275000000000,0.150000000000000,0.172650000000000,-0.010000000000000,1.200000000000000,1.365480000000000,350.000000000000000,0.058381205921500,0.110000000000000,0.060000000000000,0.068526000000000,0.460000000000000,0.542451550822000,106.000000000000000,189.229621218999995,0.240000000000000,0.302640000000000,3.490000000000000,4.431951000000000,0.580000000000000,0.660446000000000,12.000000000000000,14.937600000000000,98.599999999999994,133.187628409000013
120.093568156554,-33.5528773724881,"12153523",ROCKC,"114345",GSRK0153,-0.010000000000000,4440.000000000000000,0.838921419131000,1.000000000000000,0.000000000000000,0.000000000000000,205.000000000000000,228.881495209999997,0.670000000000000,-0.010000000000000,-9999.000000000000000,-9999.000000000000000,1089.999900000000025,0.152511315925000,0.040000000000000,11.260000000000000,13.831784000000001,-9999.000000000000000,28.800000000000001,-9999.000000000000000,34.000000000000000,49.692926942600003,0.550000000000000,0.583110000000000,10.500000000000000,0.810000060000000,0.929637068862000,0.450000020000000,0.514575022870000,0.600000000000000,0.694740000000000,-9999.000000000000000,5879.999600000000100,-9999.000000000000000,0.756167948560000,-9999.000000000000000,17.570000000000000,23.617594000000000,1.070000000000000,1.233282000000000,-0.050000000000000,-9999.000000000000000,-9999.000000000000000,2.590000000000000,0.000000000000000,0.150000000000000,0.171825000000000,-9999.000000000000000,0.012000000000000,-9999.000000000000000,2270.000000000000000,0.273445546382000,6.300000000000000,7.388640000000000,-9999.000000000000000,20.300000000000001,43.699809999999999,-9999.000000000000000,0.100000000000000,0.113710000000000,1189.999900000000025,0.197334802570000,21.499998999999999,0.002776138507400,0.220000000000000,3449.999800000000050,0.465049167158000,3.270000000000000,4.677735000000000,5540.000000000000000,6461.855999999999767,44.600000000000001,-9999.000000000000000,41.500000000000000,0.009509166607540,1.300000000000000,0.000000000000000,1.450000000000000,1.696935000000000,0.000000000000000,50.130000000000003,54.822167999999998,0.002000000000000,-9999.000000000000000,-9999.000000000000000,0.000000000000000,-0.050000000000000,-9999.000000000000000,6.400000000000000,-0.500000000000000,0.000000000000000,-9999.000000000000000,1.120000000000000,1.298752000000000,1.200000000000000,-9999.000000000000000,54.299999999999997,64.215138452800005,0.250000000000000,0.305275000000000,0.150000000000000,0.172650000000000,-0.010000000000000,1.200000000000000,1.365480000000000,350.000000000000000,0.058381205921500,0.110000000000000,0.060000002000000,0.068526002284200,0.460000000000000,0.542451550822000,106.000000000000000,189.229621218999995,0.240000000000000,0.302640000000000,3.490000000000000,4.431951000000000,0.580000040000000,0.660446045548000,12.000000000000000,14.937600000000000,98.599999999999994,133.187628409000013
120.090118154576,-33.5526963704751,"3762770",ROCKC,"92488",RVR1325,-9999.000000000000000,-9999.000000000000000,-9999.000000000000000,-9999.000000000000000,0.030000000000000,-9999.000000000000000,-9999.000000000000000,-9999.000000000000000,-9999.000000000000000,-9999.000000000000000,-9999.000000000000000,-9999.000000000000000,-9999.000000000000000,-9999.000000000000000,-9999.000000000000000,-9999.000000000000000,-9999.000000000000000,-9999.000000000000000,-9999.000000000000000,-9999.000000000000000,-9999.000000000000000,-9999.000000000000000,-9999.000000000000000,-9999.000000000000000,754.000000000000000,-9999.000000000000000,-9999.000000000000000,-9999.000000000000000,-9999.000000000000000,-9999.000000000000000,-9999.000000000000000,-9999.000000000000000,-9999.000000000000000,-9999.000000000000000,-9999.000000000000000,-9999.000000000000000,-9999.000000000000000,-9999.000000000000000,-9999.000000000000000,-9999.000000000000000,-9999.000000000000000,-9999.000000000000000,-9999.000000000000000,-9999.000000000000000,-9999.000000000000000,-9999.000000000000000,-9999.000000000000000,-9999.000000000000000,-9999.000000000000000,-9999.000000000000000,-9999.000000000000000,-9999.000000000000000,-9999.000000000000000,-9999.000000000000000,-9999.000000000000000,-9999.000000000000000,-9999.000000000000000,-9999.000000000000000,-9999.000000000000000,-9999.000000000000000,-9999.000000000000000,-9999.000000000000000,-9999.000000000000000,-9999.000000000000000,-9999.000000000000000,-9999.000000000000000,-9999.000000000000000,-9999.000000000000000,-9999.000000000000000,-9999.000000000000000,-9999.000000000000000,-9999.000000000000000,-9999.000000000000000,-9999.000000000000000,-9999.000000000000000,-9999.000000000000000,-9999.000000000000000,-9999.000000000000000,-9999.000000000000000,-9999.000000000000000,-9999.000000000000000,-9999.000000000000000,-9999.000000000000000,-9999.000000000000000,-9999.000000000000000,-9999.000000000000000,-9999.000000000000000,-9999.000000000000000,-9999.000000000000000,-9999.000000000000000,-9999.000000000000000,-9999.000000000000000,-9999.000000000000000,-9999.000000000000000,-9999.000000000000000,-9999.000000000000000,-9999.000000000000000,-9999.000000000000000,-9999.000000000000000,-9999.000000000000000,-9999.000000000000000,-9999.000000000000000,-9999.000000000000000,-9999.000000000000000,-9999.000000000000000,-9999.000000000000000,-9999.000000000000000,-9999.000000000000000,-9999.000000000000000,-9999.000000000000000,-9999.000000000000000,-9999.000000000000000,-9999.000000000000000,-9999.000000000000000,-9999.000000000000000,-9999.000000000000000,-9999.000000000000000,-9999.000000000000000,-9999.000000000000000,-9999.000000000000000,12.000000000000000,14.937600000000000,-9999.000000000000000,-9999.000000000000000
120.090118154576,-33.5526963704751,"12149531",ROCKC,"114345",RVR1325,0.000000000000000,0.000000000000000,-9999.000000000000000,-3.000000000000000,0.030000000000000,0.000000000000000,0.000000000000000,-9999.000000000000000,0.000000000000000,0.000000000000000,-9999.000000000000000,-9999.000000000000000,0.000000000000000,-9999.000000000000000,0.000000000000000,0.000000000000000,-9999.000000000000000,-9999.000000000000000,0.000000000000000,-9999.000000000000000,0.000000000000000,-9999.000000000000000,0.000000000000000,-9999.000000000000000,754.000000000000000,0.000000000000000,-9999.000000000000000,0.000000000000000,-9999.000000000000000,0.000000000000000,-9999.000000000000000,-9999.000000000000000,0.000000000000000,-9999.000000000000000,-9999.000000000000000,-9999.000000000000000,0.000000000000000,-9999.000000000000000,0.000000000000000,-9999.000000000000000,0.000000000000000,-9999.000000000000000,-9999.000000000000000,0.000000000000000,0.000000000000000,0.000000000000000,-9999.000000000000000,-9999.000000000000000,0.000000000000000,-9999.000000000000000,0.000000000000000,-9999.000000000000000,0.000000000000000,-9999.000000000000000,-9999.000000000000000,0.000000000000000,-9999.000000000000000,-9999.000000000000000,0.000000000000000,-9999.000000000000000,0.000000000000000,-9999.000000000000000,0.000000000000000,-9999.000000000000000,0.000000000000000,0.000000000000000,-9999.000000000000000,0.000000000000000,-9999.000000000000000,0.000000000000000,-9999.000000000000000,0.000000000000000,-9999.000000000000000,0.000000000000000,-9999.000000000000000,-5.000000000000000,0.000000000000000,0.000000000000000,-9999.000000000000000,0.000000000000000,0.000000000000000,-9999.000000000000000,0.000000000000000,-9999.000000000000000,-9999.000000000000000,0.000000000000000,0.000000000000000,-9999.000000000000000,0.000000000000000,0.000000000000000,0.000000000000000,-9999.000000000000000,0.000000000000000,-9999.000000000000000,0.000000000000000,-9999.000000000000000,0.000000000000000,-9999.000000000000000,0.000000000000000,-9999.000000000000000,0.000000000000000,-9999.000000000000000,0.000000000000000,0.000000000000000,-9999.000000000000000,0.000000000000000,-9999.000000000000000,0.000000000000000,0.000000000000000,-9999.000000000000000,0.000000000000000,-9999.000000000000000,0.000000000000000,-9999.000000000000000,0.000000000000000,-9999.000000000000000,0.000000000000000,-9999.000000000000000,0.000000000000000,-9999.000000000000000,12.000000000000000,14.937600000000000,0.000000000000000,-9999.000000000000000
120.086771152493,-33.5526543685633,"9926023",ROCKC,"101503",GSRK0128,0.600000000000000,6330.000000000000000,1.196029861060000,0.700000000000000,6.102000000000000,-9999.000000000000000,401.000000000000000,447.714534533000005,0.000000000000000,0.050000000000000,-9999.000000000000000,-9999.000000000000000,910.000000000000000,0.127325972683000,0.220000000000000,9.199999999999999,11.301280000000000,-9999.000000000000000,84.000000000000000,-9999.000000000000000,245.000000000000000,358.081385322000017,9.000000000000000,9.541800000000000,1336.400000000000091,0.780000000000000,0.895206000000000,0.700000000000000,0.800450000000000,0.340000000000000,0.393686000000000,-9999.000000000000000,12450.000000000000000,-9999.000000000000000,1.601070000000000,-9999.000000000000000,27.170000000000002,36.521914000000002,0.750000000000000,0.864450000000000,0.050000000000000,-9999.000000000000000,-9999.000000000000000,4.420000000000000,-9999.000000000000000,0.200000000000000,0.229100000000000,-9999.000000000000000,0.072000000000000,-9999.000000000000000,2310.000000000000000,0.278263970107000,5.200000000000000,6.098560000000000,-9999.000000000000000,25.399999999999999,54.678579999999997,-9999.000000000000000,0.170000000000000,0.193307000000000,1810.000000000000000,0.300147918207000,34.199998000000001,0.004415997014730,0.920000000000000,1400.000000000000000,0.188715615004000,5.710000000000000,8.168155000000000,3.610000000000000,4.210704000000000,66.200000000000003,-9999.000000000000000,5.200000000000000,0.001191510032750,3.200000000000000,-9999.000000000000000,1.030000000000000,1.205409000000000,-9999.000000000000000,87.000000000000000,95.143199999999993,0.002000000000000,-9999.000000000000000,-9999.000000000000000,0.010000000000000,0.120000000000000,0.159408000000000,26.800000000000001,-0.500000000000000,-9999.000000000000000,-9999.000000000000000,0.760000000000000,0.881296000000000,2.400000000000000,0.024971345381200,39.500000000000000,46.712669776900000,0.490000000000000,0.598339000000000,0.110000000000000,0.126610000000000,0.110000000000000,2.500000000000000,2.844750000000000,720.000000000000000,0.120098480753000,0.450000000000000,0.110000000000000,0.125631000000000,1.000000000000000,1.179242501790000,247.000000000000000,440.940721143000019,0.740000000000000,0.933140000000000,5.670000000000000,7.200333000000000,0.910000000000000,1.036217000000000,70.000000000000000,87.135999999999996,145.800000000000011,196.944789270000001
120.086771152493,-33.5526543685633,"9926024",ROCKC,"101503",GSRK0129,1.700000000000000,4850.000000000000000,0.916389388014000,1.400000000000000,6.551000000000000,-9999.000000000000000,120.000000000000000,133.979411830000004,0.000000000000000,1.730000000000000,-9999.000000000000000,-9999.000000000000000,990.000000000000000,0.138519464787000,0.290000000000000,15.199999999999999,18.671679999999999,-9999.000000000000000,320.000000000000000,-9999.000000000000000,177.000000000000000,258.695531437000000,3.000000000000000,3.180600000000000,10000.000000000000000,1.260000000000000,1.446102000000000,1.120000000000000,1.280720000000000,0.430000000000000,0.497897000000000,-9999.000000000000000,11020.000000000000000,-9999.000000000000000,1.417172000000000,-9999.000000000000000,19.770000000000000,26.574833999999999,1.110000000000000,1.279386000000000,0.050000000000000,-9999.000000000000000,-9999.000000000000000,4.920000000000000,-9999.000000000000000,0.330000000000000,0.378015000000000,-9999.000000000000000,0.664000000000000,-9999.000000000000000,770.000000000000000,0.092754656702400,6.600000000000000,7.740480000000000,-9999.000000000000000,8.000000000000000,17.221599999999999,-9999.000000000000000,0.240000000000000,0.272904000000000,900.000000000000000,0.149244821208000,27.500000000000000,0.003550875000200,5.940000000000000,1280.000000000000000,0.172539990861000,5.270000000000000,7.538735000000000,5.100000000000000,5.948640000000000,162.800000000000011,-9999.000000000000000,12.600000000000000,0.002887120463980,3.900000000000000,-9999.000000000000000,1.440000000000000,1.685232000000000,-9999.000000000000000,31.910000000000000,34.896776000000003,0.002000000000000,-9999.000000000000000,-9999.000000000000000,0.010000000000000,0.080000000000000,0.106272000000000,16.800000000000001,4.200000000000000,-9999.000000000000000,-9999.000000000000000,1.020000000000000,1.182792000000000,2.900000000000000,0.024971345381200,35.500000000000000,41.982272837499998,0.450000000000000,0.549495000000000,0.180000000000000,0.207180000000000,4.030000000000000,3.500000000000000,3.982650000000000,540.000000000000000,0.090073860564600,0.400000000000000,0.180000000000000,0.205578000000000,1.960000000000000,2.311315303500000,205.000000000000000,365.962946697999996,0.800000000000000,1.008800000000000,8.210000000000003,10.425879000000000,1.320000000000000,1.503084000000000,47.000000000000000,58.505600000000001,163.199999999999989,220.448488400999992
120.086771152493,-33.5526543685633,"12153498",ROCKC,"114345",GSRK0128,0.620000000000000,6330.000000000000000,1.196029861060000,0.700000000000000,6.102000000000000,0.000000000000000,401.000000000000000,447.714534533000005,0.270000000000000,0.050000000000000,-9999.000000000000000,-9999.000000000000000,909.999969999999962,0.127325968485000,0.220000000000000,9.190001000000001,11.288997228400000,-9999.000000000000000,84.000000000000000,-9999.000000000000000,245.000000000000000,358.081385322000017,9.190000000000000,9.743238000000000,1336.400000000000091,0.780000030000000,0.895206034431000,0.700000050000000,0.800450057175000,0.340000000000000,0.393686000000000,-9999.000000000000000,12450.000000000000000,-9999.000000000000000,1.601070000000000,-9999.000000000000000,27.170000000000002,36.521914000000002,0.750000060000000,0.864450069156000,0.050000000000000,-9999.000000000000000,-9999.000000000000000,4.420000000000000,0.000000000000000,0.200000000000000,0.229100000000000,-9999.000000000000000,0.072000000000000,-9999.000000000000000,2310.000000000000000,0.278263970107000,5.200000300000000,6.098560351840000,-9999.000000000000000,25.399999999999999,54.678579999999997,-9999.000000000000000,0.170000000000000,0.193307000000000,1810.000000000000000,0.300147918207000,34.199998000000001,0.004415997014730,0.920000000000000,1400.000000000000000,0.188715615004000,5.710000000000000,8.168155000000000,3610.000000000000000,4210.703999999999724,66.200000000000003,-9999.000000000000000,5.200000000000000,0.001191510032750,3.200000000000000,0.000000000000000,1.030000100000000,1.205409117030000,0.000000000000000,87.000000000000000,95.143199999999993,0.002000000000000,-9999.000000000000000,-9999.000000000000000,0.010000000000000,0.120000000000000,0.159408000000000,26.800000000000001,-0.500000000000000,0.000000000000000,-9999.000000000000000,0.760000050000000,0.881296057980000,2.400000000000000,0.024971345381200,39.500000000000000,46.712669776900000,0.490000000000000,0.598339000000000,0.110000010000000,0.126610011510000,0.110000000000000,2.500000000000000,2.844750000000000,720.000000000000000,0.120098480753000,0.450000000000000,0.110000010000000,0.125631011421000,1.000000000000000,1.179242501790000,247.000000000000000,440.940721143000019,0.740000000000000,0.933140000000000,5.670000000000000,7.200333000000000,0.910000000000000,1.036217000000000,70.000000000000000,87.135999999999996,145.800000000000011,196.944789270000001
120.086771152493,-33.5526543685633,"12153499",ROCKC,"114345",GSRK0129,1.700000000000000,4850.000000000000000,0.916389388014000,1.400000000000000,6.551000000000000,0.000000000000000,120.000000000000000,133.979411830000004,0.260000000000000,1.730000000000000,-9999.000000000000000,-9999.000000000000000,989.999950000000013,0.138519457791000,0.290000000000000,15.160000999999999,18.622545228400000,-9999.000000000000000,320.100000000000023,-9999.000000000000000,177.000000000000000,258.695531437000000,2.960000000000000,3.138192000000000,10000.000000000000000,1.260000100000000,1.446102114770000,1.120000000000000,1.280720000000000,0.430000000000000,0.497897000000000,-9999.000000000000000,11019.999499999999898,-9999.000000000000000,1.417171935700000,-9999.000000000000000,19.770000000000000,26.574833999999999,1.110000000000000,1.279386000000000,0.050000000000000,-9999.000000000000000,-9999.000000000000000,4.920000000000000,0.000000000000000,0.330000000000000,0.378015000000000,-9999.000000000000000,0.664000000000000,-9999.000000000000000,770.000000000000000,0.092754656702400,6.600000400000000,7.740480469120000,-9999.000000000000000,8.000000000000000,17.221599999999999,-9999.000000000000000,0.240000010000000,0.272904011371000,900.000000000000000,0.149244821208000,27.500000000000000,0.003550875000200,5.940000000000000,1280.000000000000000,0.172539990861000,5.270000000000000,7.538735000000000,5100.000000000000000,5948.640000000000327,162.800000000000011,-9999.000000000000000,12.600000000000000,0.002887120463980,3.900000000000000,0.000000000000000,1.440000000000000,1.685232000000000,0.000000000000000,31.910000000000000,34.896776000000003,0.002000000000000,-9999.000000000000000,-9999.000000000000000,0.010000000000000,0.080000000000000,0.106272000000000,16.800000000000001,4.200000000000000,0.000000000000000,-9999.000000000000000,1.020000100000000,1.182792115960000,2.900000000000000,0.024971345381200,35.500000000000000,41.982272837499998,0.450000000000000,0.549495000000000,0.180000000000000,0.207180000000000,4.030000000000000,3.500000000000000,3.982650000000000,540.000000000000000,0.090073860564600,0.400000000000000,0.180000000000000,0.205578000000000,1.960000000000000,2.311315303500000,205.000000000000000,365.962946697999996,0.800000000000000,1.008800000000000,8.210000000000003,10.425879000000000,1.320000000000000,1.503084000000000,47.000000000000000,58.505600000000001,163.199999999999989,220.448488400999992
120.097777161533,-33.55259737258,"9926002",ROCKC,"101503",GSRK0089,0.260000000000000,4330.000000000000000,0.818137329918000,1.300000000000000,0.009000000000000,-9999.000000000000000,168.000000000000000,187.571176562999995,0.850000000000000,0.030000000000000,-9999.000000000000000,-9999.000000000000000,630.000000000000000,0.088148750319000,0.080000000000000,30.850000000000001,37.896140000000003,-9999.000000000000000,14.800000000000001,-9999.000000000000000,14.000000000000000,20.461793447000002,0.450000000000000,0.477090000000000,617.600000000000023,1.830000000000000,2.100291000000000,1.050000000000000,1.200675000000000,0.580000000000000,0.671582000000000,-9999.000000000000000,2710.000000000000000,-9999.000000000000000,0.348506000000000,-9999.000000000000000,18.539999999999999,24.921468000000001,2.300000000000000,2.650980000000000,0.070000000000000,-9999.000000000000000,-9999.000000000000000,4.190000000000001,-9999.000000000000000,0.360000000000000,0.412380000000000,-9999.000000000000000,0.015000000000000,-9999.000000000000000,1280.000000000000000,0.154189559194000,13.600000000000000,15.950080000000000,-9999.000000000000000,17.699999999999999,38.102789999999999,-9999.000000000000000,0.170000000000000,0.193307000000000,650.000000000000000,0.107787926428000,19.699999999999999,0.002543717727420,1.550000000000000,2890.000000000000000,0.389562948115000,6.130000000000000,8.768965000000000,11.170000000000000,13.028688000000001,13.100000000000000,-9999.000000000000000,30.000000000000000,0.006874096342800,3.600000000000000,-9999.000000000000000,3.140000000000000,3.674742000000000,-9999.000000000000000,32.740000000000002,35.804464000000003,0.001000000000000,-9999.000000000000000,-9999.000000000000000,0.010000000000000,0.060000000000000,0.079704000000000,3.300000000000000,-0.500000000000000,-9999.000000000000000,-9999.000000000000000,2.430000000000000,2.817828000000000,1.100000000000000,0.024971345381200,62.000000000000000,73.321152561199995,0.610000000000000,0.744871000000000,0.310000000000000,0.356810000000000,0.030000000000000,4.700000000000000,5.348130000000000,180.000000000000000,0.030024620188200,0.100000000000000,0.160000000000000,0.182736000000000,1.210000000000000,1.426883427160000,29.000000000000000,51.770368069500002,1.150000000000000,1.450150000000000,9.279999999999999,11.784672000000000,1.110000000000000,1.263957000000000,35.000000000000000,43.567999999999998,149.000000000000000,201.267308651000008
120.097777161533,-33.55259737258,"12153475",ROCKC,"114345",GSRK0089,0.260000000000000,4330.000000000000000,0.818137329918000,1.300000000000000,0.009000000000000,0.000000000000000,168.000000000000000,187.571176562999995,0.850000000000000,0.030000000000000,-9999.000000000000000,-9999.000000000000000,630.000000000000000,0.088148750319000,0.080000000000000,30.850002000000000,37.896142456800000,-9999.000000000000000,14.800000000000001,-9999.000000000000000,14.000000000000000,20.461793447000002,0.450000000000000,0.477090000000000,617.600000000000023,1.830000000000000,2.100291000000000,1.050000100000000,1.200675114350000,0.580000040000000,0.671582046316000,-9999.000000000000000,2710.000000000000000,-9999.000000000000000,0.348506000000000,-9999.000000000000000,18.539999999999999,24.921468000000001,2.300000200000000,2.650980230520000,0.070000000000000,-9999.000000000000000,-9999.000000000000000,4.190000000000001,0.000000000000000,0.360000000000000,0.412380000000000,-9999.000000000000000,0.015000000000000,-9999.000000000000000,1280.000000000000000,0.154189559194000,13.600000000000000,15.950080000000000,-9999.000000000000000,17.699999999999999,38.102789999999999,-9999.000000000000000,0.170000000000000,0.193307000000000,650.000000000000000,0.107787926428000,19.699999999999999,0.002543717727420,1.550000000000000,2889.999899999999798,0.389562934636000,6.130000000000000,8.768965000000000,11170.000000000000000,13028.688000000000102,13.100000000000000,-9999.000000000000000,30.000000000000000,0.006874096342800,3.600000000000000,0.000000000000000,3.140000000000000,3.674742000000000,0.000000000000000,32.740000000000002,35.804464000000003,0.001000000000000,-9999.000000000000000,-9999.000000000000000,0.010000000000000,0.060000000000000,0.079704000000000,3.300000000000000,-0.500000000000000,0.000000000000000,-9999.000000000000000,2.430000000000000,2.817828000000000,1.100000000000000,0.024971345381200,62.000000000000000,73.321152561199995,0.610000000000000,0.744871000000000,0.310000000000000,0.356810000000000,0.030000000000000,4.700000000000000,5.348130000000000,180.000000000000000,0.030024620188200,0.100000000000000,0.160000010000000,0.182736011421000,1.210000000000000,1.426883427160000,29.000000000000000,51.770368069500002,1.150000000000000,1.450150000000000,9.279999999999999,11.784672000000000,1.110000000000000,1.263957000000000,35.000000000000000,43.567999999999998,149.000000000000000,201.267308651000008
120.100257164949,-33.552493371979,"9925992",ROCKC,"101503",GSRK0079,0.200000000000000,5930.000000000000000,1.120451354830000,0.700000000000000,0.041000000000000,-9999.000000000000000,349.000000000000000,389.656789407000019,0.770000000000000,0.100000000000000,-9999.000000000000000,-9999.000000000000000,500.000000000000000,0.069959325650000,0.070000000000000,30.090000000000000,36.962555999999999,-9999.000000000000000,58.000000000000000,-9999.000000000000000,29.000000000000000,42.385143568700002,1.990000000000000,2.109798000000000,1754.799999999999955,2.950000000000000,3.385715000000000,2.010000000000000,2.298435000000000,0.990000000000000,1.146321000000000,-9999.000000000000000,4350.000000000000000,-9999.000000000000000,0.559410000000000,-9999.000000000000000,14.359999999999999,19.302712000000000,3.170000000000000,3.653742000000000,0.340000000000000,-9999.000000000000000,-9999.000000000000000,4.420000000000000,-9999.000000000000000,0.650000000000000,0.744575000000000,-9999.000000000000000,0.251000000000000,-9999.000000000000000,2300.000000000000000,0.277059364176000,19.600000000000001,22.986879999999999,-9999.000000000000000,19.199999999999999,41.331840000000000,-9999.000000000000000,0.320000000000000,0.363872000000000,650.000000000000000,0.107787926428000,41.500000000000000,0.005358593182120,1.000000000000000,1740.000000000000000,0.234546550076000,6.520000000000000,9.326860000000000,14.520000000000000,16.936128000000000,59.100000000000001,-9999.000000000000000,13.499999000000001,0.003093343125120,5.800000000000000,-9999.000000000000000,3.760000000000000,4.400328000000000,-9999.000000000000000,72.200000000000003,78.957920000000001,0.002000000000000,-9999.000000000000000,-9999.000000000000000,0.010000000000000,0.060000000000000,0.079704000000000,7.000000000000000,0.600000000000000,-9999.000000000000000,-9999.000000000000000,2.970000000000000,3.444012000000000,3.300000000000000,0.024971345381200,72.000000000000000,85.147144909800005,0.650000000000000,0.793715000000000,0.470000000000000,0.540970000000000,0.200000000000000,7.400000000000000,8.420460000000000,250.000000000000000,0.041700861372500,0.440000000000000,0.290000000000000,0.331209000000000,2.580000000000000,3.042445654610000,51.000000000000000,91.044440398000006,1.050000000000000,1.324050000000000,16.300000000000001,20.699369999999998,2.170000000000000,2.470979000000000,34.000000000000000,42.323200000000000,166.800000000000011,225.311322703999991
120.100257164949,-33.552493371979,"9925993",ROCKC,"101503",GSRK0080,0.200000000000000,7700.000000000000000,1.454886244890000,2.300000000000000,0.040000000000000,-9999.000000000000000,273.000000000000000,304.803161913999986,0.350000000000000,0.040000000000000,-9999.000000000000000,-9999.000000000000000,250.000000000000000,0.034979662825000,0.090000000000000,10.630000000000001,13.057892000000001,-9999.000000000000000,101.000000000000000,-9999.000000000000000,199.000000000000000,290.849778281999988,0.170000000000000,0.180234000000000,1726.299999999999955,2.310000000000000,2.651187000000000,1.670000000000000,1.909645000000000,0.530000000000000,0.613687000000000,-9999.000000000000000,16650.000000000000000,-9999.000000000000000,2.141190000000000,-9999.000000000000000,25.850000000000001,34.747570000000003,1.870000000000000,2.155362000000000,0.380000000000000,-9999.000000000000000,-9999.000000000000000,2.200000000000000,-9999.000000000000000,0.520000000000000,0.595660000000000,-9999.000000000000000,0.062000000000000,-9999.000000000000000,590.000000000000000,0.071071749940800,6.800000000000000,7.975040000000000,-9999.000000000000000,22.300000000000001,48.005209999999998,-9999.000000000000000,0.220000000000000,0.250162000000000,2980.000000000000000,0.494166185778000,41.200000000000003,0.005319856363940,1.230000000000000,1110.000000000000000,0.149624523325000,4.020000000000000,5.750610000000000,5.850000000000000,6.823440000000000,176.500000000000000,-9999.000000000000000,9.900000000000000,0.002268451793120,2.900000000000000,-9999.000000000000000,1.410000000000000,1.650123000000000,-9999.000000000000000,12.680000000000000,13.866847999999999,0.002000000000000,-9999.000000000000000,-9999.000000000000000,0.010000000000000,0.070000000000000,0.092988000000000,28.800000000000001,0.700000000000000,-9999.000000000000000,-9999.000000000000000,1.380000000000000,1.600248000000000,1.500000000000000,0.024971345381200,67.900000000000006,80.298488046900005,0.250000000000000,0.305275000000000,0.330000000000000,0.379830000000000,0.090000000000000,1.000000000000000,1.137900000000000,660.000000000000000,0.110090274023000,0.080000000000000,0.220000000000000,0.251262000000000,1.840000000000000,2.169806203290000,284.000000000000000,506.992570059999991,1.540000000000000,1.941940000000000,13.390000000000001,17.003961000000000,1.500000000000000,1.708050000000000,124.000000000000000,154.355199999999996,82.900000000000006,111.980267698999995
120.100257164949,-33.552493371979,"12153465",ROCKC,"114345",GSRK0079,0.200000000000000,5930.000000000000000,1.120451354830000,0.700000000000000,0.041000000000000,0.000000000000000,349.000000000000000,389.656789407000019,0.770000000000000,0.100000000000000,-9999.000000000000000,-9999.000000000000000,500.000000000000000,0.069959325650000,0.070000000000000,30.090001999999998,36.962558456799997,-9999.000000000000000,58.000000000000000,-9999.000000000000000,29.000000000000000,42.385143568700002,1.990000000000000,2.109798000000000,1754.799999999999955,2.950000000000000,3.385715000000000,2.010000000000000,2.298435000000000,0.990000070000000,1.146321081050000,-9999.000000000000000,4350.000000000000000,-9999.000000000000000,0.559410000000000,-9999.000000000000000,14.359999999999999,19.302712000000000,3.170000000000000,3.653742000000000,0.340000000000000,-9999.000000000000000,-9999.000000000000000,4.420000000000000,0.000000000000000,0.650000040000000,0.744575045820000,-9999.000000000000000,0.251000000000000,-9999.000000000000000,2300.000000000000000,0.277059364176000,19.600000000000001,22.986879999999999,-9999.000000000000000,19.199999999999999,41.331840000000000,-9999.000000000000000,0.320000020000000,0.363872022742000,650.000000000000000,0.107787926428000,41.500000000000000,0.005358593182120,1.000000000000000,1740.000000000000000,0.234546550076000,6.520000000000000,9.326860000000000,14520.000000000000000,16936.128000000000611,59.100000000000001,-9999.000000000000000,13.499999000000001,0.003093343125120,5.800000000000000,0.000000000000000,3.760000200000000,4.400328234060000,0.000000000000000,72.200000000000003,78.957920000000001,0.002000000000000,-9999.000000000000000,-9999.000000000000000,0.010000000000000,0.060000000000000,0.079704000000000,7.000000000000000,0.600000000000000,0.000000000000000,-9999.000000000000000,2.970000000000000,3.444012000000000,3.300000000000000,0.024971345381200,72.000000000000000,85.147144909800005,0.650000000000000,0.793715000000000,0.470000030000000,0.540970034530000,0.200000000000000,7.400000000000000,8.420460000000000,250.000000000000000,0.041700861372500,0.440000000000000,0.290000020000000,0.331209022842000,2.580000000000000,3.042445654610000,51.000000000000000,91.044440398000006,1.050000000000000,1.324050000000000,16.300000000000001,20.699369999999998,2.170000000000000,2.470979000000000,34.000000000000000,42.323200000000000,166.800000000000011,225.311322703999991
120.100257164949,-33.552493371979,"12153466",ROCKC,"114345",GSRK0080,0.200000000000000,7700.000000000000000,1.454886244890000,2.300000000000000,0.040000000000000,0.000000000000000,273.000000000000000,304.803161913999986,0.350000000000000,0.040000000000000,-9999.000000000000000,-9999.000000000000000,250.000000000000000,0.034979662825000,0.090000000000000,10.630000000000001,13.057892000000001,-9999.000000000000000,101.000000000000000,-9999.000000000000000,199.000000000000000,290.849778281999988,0.170000000000000,0.180234000000000,1726.299999999999955,2.310000200000000,2.651187229540000,1.670000100000000,1.909645114350000,0.530000030000000,0.613687034737000,-9999.000000000000000,16650.000000000000000,-9999.000000000000000,2.141190000000000,-9999.000000000000000,25.850000000000001,34.747570000000003,1.870000100000000,2.155362115260000,0.380000000000000,-9999.000000000000000,-9999.000000000000000,2.200000000000000,0.000000000000000,0.520000040000000,0.595660045820000,-9999.000000000000000,0.062000000000000,-9999.000000000000000,590.000000000000000,0.071071749940800,6.800000000000000,7.975040000000000,-9999.000000000000000,22.300000000000001,48.005209999999998,-9999.000000000000000,0.220000010000000,0.250162011371000,2980.000000000000000,0.494166185778000,41.200000000000003,0.005319856363940,1.230000000000000,1110.000000000000000,0.149624523325000,4.020000000000000,5.750610000000000,5850.000000000000000,6823.439999999999600,176.500000000000000,-9999.000000000000000,9.900000000000000,0.002268451793120,2.900000000000000,0.000000000000000,1.410000100000000,1.650123117030000,0.000000000000000,12.680000000000000,13.866847999999999,0.002000000000000,-9999.000000000000000,-9999.000000000000000,0.010000000000000,0.070000000000000,0.092988000000000,28.800000000000001,0.700000000000000,0.000000000000000,-9999.000000000000000,1.380000100000000,1.600248115960000,1.500000000000000,0.024971345381200,67.900000000000006,80.298488046900005,0.250000000000000,0.305275000000000,0.330000000000000,0.379830000000000,0.090000000000000,1.000000000000000,1.137900000000000,660.000000000000000,0.110090274023000,0.080000000000000,0.220000010000000,0.251262011421000,1.840000000000000,2.169806203290000,284.000000000000000,506.992570059999991,1.540000000000000,1.941940000000000,13.390000000000001,17.003961000000000,1.500000100000000,1.708050113870000,124.000000000000000,154.355199999999996,82.900000000000006,111.980267698999995
120.095621158927,-33.5523573730303,"9926006",ROCKC,"101503",GSRK0093,0.100000000000000,5950.000000000000000,1.124230280140000,2.900000000000000,0.001000000000000,-9999.000000000000000,280.000000000000000,312.618627603999983,0.560000000000000,0.020000000000000,-9999.000000000000000,-9999.000000000000000,490.000000000000000,0.068560139137000,0.080000000000000,23.800000000000001,29.235920000000000,-9999.000000000000000,31.500000000000000,-9999.000000000000000,18.000000000000000,26.308020146099999,1.120000000000000,1.187424000000000,22.300000000000001,2.300000000000000,2.639710000000000,1.350000000000000,1.543725000000000,0.900000000000000,1.042110000000000,-9999.000000000000000,6570.000000000000000,-9999.000000000000000,0.844902000000000,-9999.000000000000000,19.039999999999999,25.593568000000001,2.800000000000000,3.227280000000000,0.180000000000000,-9999.000000000000000,-9999.000000000000000,3.690000000000000,-9999.000000000000000,0.450000000000000,0.515475000000000,-9999.000000000000000,0.015000000000000,-9999.000000000000000,1950.000000000000000,0.234898156584000,12.000000000000000,14.073600000000001,-9999.000000000000000,40.899999999999999,88.045429999999996,-9999.000000000000000,0.260000000000000,0.295646000000000,1690.000000000000000,0.280248608713000,35.299998000000002,0.004558032014740,3.460000000000000,2830.000000000000000,0.381475136044000,4.490000000000000,6.422945000000000,10.289999999999999,12.002255999999999,79.500000000000000,-9999.000000000000000,32.399999999999999,0.007424024050220,2.200000000000000,-9999.000000000000000,2.760000000000000,3.230028000000000,-9999.000000000000000,54.920000000000002,60.060512000000003,0.002000000000000,-9999.000000000000000,-9999.000000000000000,-0.010000000000000,-0.050000000000000,-9999.000000000000000,11.500000000000000,-0.500000000000000,-9999.000000000000000,-9999.000000000000000,2.530000000000000,2.933788000000000,1.200000000000000,-9999.000000000000000,107.900000000000006,127.602457440999999,0.420000000000000,0.512862000000000,0.400000000000000,0.460400000000000,0.010000000000000,3.700000000000000,4.210230000000000,310.000000000000000,0.051709068101900,0.200000000000000,0.220000000000000,0.251262000000000,1.230000000000000,1.450468277200000,111.000000000000000,198.155546748999996,0.610000000000000,0.769210000000000,10.990000000000000,13.956201000000000,1.580000000000000,1.799146000000000,31.000000000000000,38.588799999999999,140.000000000000000,189.110222893000014
120.095621158927,-33.5523573730303,"12153479",ROCKC,"114345",GSRK0093,0.100000000000000,5950.000000000000000,1.124230280140000,2.900000000000000,0.001000000000000,0.000000000000000,280.000000000000000,312.618627603999983,0.560000000000000,0.020000000000000,-9999.000000000000000,-9999.000000000000000,489.999979999999994,0.068560136338600,0.080000000000000,23.800001000000002,29.235921228399999,-9999.000000000000000,31.500000000000000,-9999.000000000000000,18.000000000000000,26.308020146099999,1.120000000000000,1.187424000000000,22.300000000000001,2.300000200000000,2.639710229540000,1.350000000000000,1.543725000000000,0.900000040000000,1.042110046320000,-9999.000000000000000,6569.999700000000303,-9999.000000000000000,0.844901961420000,-9999.000000000000000,19.039999999999999,25.593568000000001,2.800000200000000,3.227280230520000,0.180000000000000,-9999.000000000000000,-9999.000000000000000,3.690000000000000,0.000000000000000,0.450000020000000,0.515475022910000,-9999.000000000000000,0.015000000000000,-9999.000000000000000,1949.999900000000025,0.234898144538000,12.000000999999999,14.073601172800000,-9999.000000000000000,40.899999999999999,88.045429999999996,-9999.000000000000000,0.260000020000000,0.295646022742000,1689.999900000000025,0.280248592130000,35.299998000000002,0.004558032014740,3.460000000000000,2830.000000000000000,0.381475136044000,4.490000000000000,6.422945000000000,10290.000000000000000,12002.255999999999403,79.500000000000000,-9999.000000000000000,32.399999999999999,0.007424024050220,2.200000000000000,0.000000000000000,2.760000200000000,3.230028234060000,0.000000000000000,54.920000000000002,60.060512000000003,0.002000000000000,-9999.000000000000000,-9999.000000000000000,0.000000000000000,-0.050000000000000,-9999.000000000000000,11.500000000000000,-0.500000000000000,0.000000000000000,-9999.000000000000000,2.530000200000000,2.933788231920000,1.200000000000000,-9999.000000000000000,107.900000000000006,127.602457440999999,0.420000000000000,0.512862000000000,0.400000000000000,0.460400000000000,0.010000000000000,3.700000000000000,4.210230000000000,310.000000000000000,0.051709068101900,0.200000000000000,0.220000010000000,0.251262011421000,1.230000000000000,1.450468277200000,111.000000000000000,198.155546748999996,0.610000000000000,0.769210000000000,10.990000000000000,13.956201000000000,1.580000000000000,1.799146000000000,31.000000000000000,38.588799999999999,140.000000000000000,189.110222893000014
120.101233166414,-33.5522903717374,"9925989",ROCKC,"101503",GSRK0076,0.150000000000000,6200.000000000000000,1.171466846530000,-0.500000000000000,0.044000000000000,-9999.000000000000000,40.000000000000000,44.659803943500002,0.340000000000000,0.110000000000000,-9999.000000000000000,-9999.000000000000000,6030.000000000000000,0.843709467339000,0.140000000000000,6.960000000000000,8.549664000000000,-9999.000000000000000,86.400000000000006,-9999.000000000000000,178.000000000000000,260.157088111000007,0.250000000000000,0.265050000000000,480.399999999999977,2.210000000000000,2.536417000000000,1.540000000000000,1.760990000000000,1.050000000000000,1.215795000000000,-9999.000000000000000,15800.000000000000000,-9999.000000000000000,2.031880000000000,-9999.000000000000000,32.159999999999997,43.229472000000001,1.880000000000000,2.166888000000000,0.310000000000000,-9999.000000000000000,-9999.000000000000000,1.910000000000000,-9999.000000000000000,0.500000000000000,0.572750000000000,-9999.000000000000000,0.218000000000000,-9999.000000000000000,510.000000000000000,0.061434902491200,2.900000000000000,3.401120000000000,-9999.000000000000000,12.600000000000000,27.124020000000002,-9999.000000000000000,0.230000000000000,0.261533000000000,5020.000000000000000,0.832454447182000,231.799990000000008,0.029930646892300,0.400000000000000,620.000000000000000,0.083574058073200,5.910000000000000,8.454255000000000,3.950000000000000,4.607280000000000,97.099999999999994,-9999.000000000000000,55.099997999999999,0.012625423158000,2.100000000000000,-9999.000000000000000,0.840000000000000,0.983052000000000,-9999.000000000000000,11.699999999999999,12.795120000000001,0.002000000000000,-9999.000000000000000,-9999.000000000000000,0.010000000000000,0.070000000000000,0.092988000000000,18.300000000000001,-0.500000000000000,-9999.000000000000000,-9999.000000000000000,1.300000000000000,1.507480000000000,8.100000000000000,0.024971345381200,6.300000000000000,7.450375179610000,0.350000000000000,0.427385000000000,0.330000000000000,0.379830000000000,0.080000000000000,0.900000000000000,1.024110000000000,420.000000000000000,0.070057447105800,0.070000000000000,0.220000000000000,0.251262000000000,0.950000000000000,1.120280376700000,157.000000000000000,280.274061616999973,0.440000000000000,0.554840000000000,13.119999999999999,16.661087999999999,1.580000000000000,1.799146000000000,66.000000000000000,82.156800000000004,68.299999999999997,92.258773025899998
120.101233166414,-33.5522903717374,"9925990",ROCKC,"101503",GSRK0077,9.090000000000000,5710.000000000000000,1.078883176400000,0.900000000000000,0.085000000000000,-9999.000000000000000,69.000000000000000,77.038161802499999,0.330000000000000,0.510000000000000,-9999.000000000000000,-9999.000000000000000,4090.000000000000000,0.572267283817000,0.280000000000000,14.539999999999999,17.860935999999999,-9999.000000000000000,77.000000000000000,-9999.000000000000000,43.000000000000000,62.846937015700000,0.720000000000000,0.763344000000000,10000.000000000000000,2.400000000000000,2.754480000000000,1.600000000000000,1.829600000000000,0.840000000000000,0.972636000000000,-9999.000000000000000,9670.000000000000000,-9999.000000000000000,1.243562000000000,-9999.000000000000000,27.840000000000000,37.422528000000000,2.080000000000000,2.397408000000000,0.340000000000000,-9999.000000000000000,-9999.000000000000000,2.040000000000000,-9999.000000000000000,0.540000000000000,0.618570000000000,-9999.000000000000000,0.441000000000000,-9999.000000000000000,1140.000000000000000,0.137325076157000,8.100000000000000,9.499680000000000,-9999.000000000000000,9.900000000000000,21.311730000000001,-9999.000000000000000,0.220000000000000,0.250162000000000,3260.000000000000000,0.540597907931000,118.499994000000001,0.015301042407900,4.510000000000000,540.000000000000000,0.072790308644400,4.220000000000000,6.036710000000000,6.350000000000000,7.406640000000000,67.700000000000003,-9999.000000000000000,45.399996999999999,0.010402798444700,4.500000000000000,-9999.000000000000000,410.000000000000000,479.822999999999979,-9999.000000000000000,40.490000000000002,44.279864000000003,0.003000000000000,-9999.000000000000000,-9999.000000000000000,0.060000000000000,0.080000000000000,0.106272000000000,11.300000000000001,0.900000000000000,-9999.000000000000000,-9999.000000000000000,1.630000000000000,1.890148000000000,6.700000000000000,0.149828072287000,600.000000000000000,709.559540914999957,0.320000000000000,0.390752000000000,0.360000000000000,0.414360000000000,0.670000000000000,1.400000000000000,1.593060000000000,200.000000000000000,0.033360689098000,0.130000000000000,0.210000000000000,0.239841000000000,2.610000000000000,3.077822929660000,97.000000000000000,173.162955267000001,0.950000000000000,1.197950000000000,13.000000000000000,16.508700000000001,1.540000000000000,1.753598000000000,49.000000000000000,60.995199999999997,79.700000000000003,107.657748319000007
120.101233166414,-33.5522903717374,"12153462",ROCKC,"114345",GSRK0076,0.150000000000000,6200.000000000000000,1.171466846530000,-0.500000000000000,0.044000000000000,0.000000000000000,40.000000000000000,44.659803943500002,0.340000000000000,0.110000000000000,-9999.000000000000000,-9999.000000000000000,6029.999700000000303,0.843709425363000,0.140000000000000,6.960000500000000,8.549664614199999,-9999.000000000000000,86.400000000000006,-9999.000000000000000,178.000000000000000,260.157088111000007,0.250000000000000,0.265050000000000,480.399999999999977,2.210000000000000,2.536417000000000,1.540000100000000,1.760990114350000,1.050000100000000,1.215795115790000,-9999.000000000000000,15799.998999999999796,-9999.000000000000000,2.031879871400000,-9999.000000000000000,32.159999999999997,43.229472000000001,1.880000100000000,2.166888115260000,0.310000000000000,-9999.000000000000000,-9999.000000000000000,1.910000000000000,0.000000000000000,0.500000000000000,0.572750000000000,-9999.000000000000000,0.218000000000000,-9999.000000000000000,510.000000000000000,0.061434902491200,2.900000000000000,3.401120000000000,-9999.000000000000000,12.600000000000000,27.124020000000002,-9999.000000000000000,0.230000000000000,0.261533000000000,5020.000000000000000,0.832454447182000,231.799990000000008,0.029930646892300,0.400000000000000,620.000000000000000,0.083574058073200,5.910000000000000,8.454255000000000,3950.000000000000000,4607.279999999999745,97.099999999999994,-9999.000000000000000,55.099997999999999,0.012625423158000,2.100000000000000,0.000000000000000,0.840000030000000,0.983052035109000,0.000000000000000,11.699999999999999,12.795120000000001,0.002000000000000,-9999.000000000000000,-9999.000000000000000,0.010000000000000,0.070000000000000,0.092988000000000,18.300000000000001,-0.500000000000000,0.000000000000000,-9999.000000000000000,1.300000100000000,1.507480115960000,8.100000000000000,0.024971345381200,6.300000000000000,7.450375179610000,0.350000000000000,0.427385000000000,0.330000000000000,0.379830000000000,0.080000000000000,0.900000000000000,1.024110000000000,420.000000000000000,0.070057447105800,0.070000000000000,0.220000010000000,0.251262011421000,0.950000000000000,1.120280376700000,157.000000000000000,280.274061616999973,0.440000000000000,0.554840000000000,13.119999999999999,16.661087999999999,1.580000000000000,1.799146000000000,66.000000000000000,82.156800000000004,68.299999999999997,92.258773025899998
120.101233166414,-33.5522903717374,"12153463",ROCKC,"114345",GSRK0077,9.090000000000000,5710.000000000000000,1.078883176400000,0.900000000000000,0.085000000000000,0.000000000000000,69.000000000000000,77.038161802499999,0.330000000000000,0.510000000000000,-9999.000000000000000,-9999.000000000000000,4089.999699999999848,0.572267241841000,0.280000000000000,14.540001000000000,17.860937228400001,-9999.000000000000000,77.000000000000000,-9999.000000000000000,43.000000000000000,62.846937015700000,0.720000000000000,0.763344000000000,10000.000000000000000,2.400000000000000,2.754480000000000,1.600000000000000,1.829600000000000,0.840000030000000,0.972636034737000,-9999.000000000000000,9670.000000000000000,-9999.000000000000000,1.243562000000000,-9999.000000000000000,27.840000000000000,37.422528000000000,2.080000200000000,2.397408230520000,0.340000000000000,-9999.000000000000000,-9999.000000000000000,2.040000000000000,0.000000000000000,0.540000000000000,0.618570000000000,-9999.000000000000000,0.441000000000000,-9999.000000000000000,1140.000000000000000,0.137325076157000,8.100000000000000,9.499680000000000,-9999.000000000000000,9.900000000000000,21.311730000000001,-9999.000000000000000,0.220000010000000,0.250162011371000,3260.000000000000000,0.540597907931000,118.499994000000001,0.015301042407900,4.510000000000000,539.999959999999987,0.072790303252500,4.220000000000000,6.036710000000000,6350.000000000000000,7406.640000000000327,67.700000000000003,-9999.000000000000000,45.399996999999999,0.010402798444700,4.500000000000000,0.000000000000000,1.620000100000000,1.895886117030000,0.000000000000000,40.490000000000002,44.279864000000003,0.003000000000000,-9999.000000000000000,-9999.000000000000000,0.060000000000000,0.080000000000000,0.106272000000000,11.300000000000001,0.900000000000000,0.000000000000000,-9999.000000000000000,1.630000100000000,1.890148115960000,6.700000000000000,0.149828072287000,22.100000000000001,26.135443090399999,0.320000000000000,0.390752000000000,0.360000000000000,0.414360000000000,0.670000000000000,1.400000000000000,1.593060000000000,200.000000000000000,0.033360689098000,0.130000000000000,0.210000010000000,0.239841011421000,2.610000000000000,3.077822929660000,97.000000000000000,173.162955267000001,0.950000000000000,1.197950000000000,13.000000000000000,16.508700000000001,1.540000100000000,1.753598113870000,49.000000000000000,60.995199999999997,79.700000000000003,107.657748319000007
120.101255166457,-33.5522733717315,"12153558",ROCKC,"114345",MTB001,66.500000000000000,0.000000000000000,-9999.000000000000000,15.000000000000000,10.199999999999999,0.000000000000000,0.000000000000000,-9999.000000000000000,0.000000000000000,0.000000000000000,-9999.000000000000000,-9999.000000000000000,0.000000000000000,-9999.000000000000000,0.000000000000000,0.000000000000000,-9999.000000000000000,-9999.000000000000000,0.000000000000000,-9999.000000000000000,0.000000000000000,-9999.000000000000000,0.000000000000000,-9999.000000000000000,73800.000000000000000,0.000000000000000,-9999.000000000000000,0.000000000000000,-9999.000000000000000,0.000000000000000,-9999.000000000000000,-9999.000000000000000,0.000000000000000,-9999.000000000000000,-9999.000000000000000,-9999.000000000000000,0.000000000000000,-9999.000000000000000,0.000000000000000,-9999.000000000000000,0.000000000000000,-9999.000000000000000,-9999.000000000000000,0.000000000000000,0.000000000000000,0.000000000000000,-9999.000000000000000,-9999.000000000000000,0.000000000000000,-9999.000000000000000,0.000000000000000,-9999.000000000000000,0.000000000000000,-9999.000000000000000,-9999.000000000000000,0.000000000000000,-9999.000000000000000,-9999.000000000000000,0.000000000000000,-9999.000000000000000,0.000000000000000,-9999.000000000000000,0.000000000000000,-9999.000000000000000,0.000000000000000,0.000000000000000,-9999.000000000000000,0.000000000000000,-9999.000000000000000,0.000000000000000,-9999.000000000000000,0.000000000000000,-9999.000000000000000,0.000000000000000,-9999.000000000000000,115.000000000000000,0.000000000000000,0.000000000000000,-9999.000000000000000,0.000000000000000,0.000000000000000,-9999.000000000000000,0.000000000000000,-9999.000000000000000,-9999.000000000000000,1.320000000000000,0.000000000000000,-9999.000000000000000,0.000000000000000,0.000000000000000,0.000000000000000,-9999.000000000000000,0.000000000000000,-9999.000000000000000,0.000000000000000,3.296217590320000,0.000000000000000,-9999.000000000000000,0.000000000000000,-9999.000000000000000,0.000000000000000,-9999.000000000000000,0.000000000000000,0.000000000000000,-9999.000000000000000,0.000000000000000,-9999.000000000000000,0.000000000000000,0.000000000000000,-9999.000000000000000,0.000000000000000,-9999.000000000000000,0.000000000000000,-9999.000000000000000,0.000000000000000,-9999.000000000000000,0.000000000000000,-9999.000000000000000,0.000000000000000,-9999.000000000000000,826.000000000000000,1028.204799999999977,0.000000000000000,-9999.000000000000000
120.090136155276,-33.5521653704122,"9919945",ROCKC,"101425",GSRK0132,0.400000000000000,5710.000000000000000,1.078883176400000,0.700000000000000,0.314000000000000,-9999.000000000000000,455.000000000000000,508.005269856999973,0.000000000000000,0.030000000000000,-9999.000000000000000,-9999.000000000000000,680.000000000000000,0.095144682884000,0.250000000000000,19.100000000000001,23.462440000000001,-9999.000000000000000,110.000000000000000,-9999.000000000000000,6.000000000000000,8.769340048700000,1.000000000000000,1.060200000000000,808.399999999999977,1.990000000000000,2.283923000000000,1.160000000000000,1.326460000000000,0.890000000000000,1.030531000000000,-9999.000000000000000,11900.000000000000000,-9999.000000000000000,1.530340000000000,-9999.000000000000000,20.510000000000002,27.569541999999998,2.570000000000000,2.962182000000000,0.060000000000000,-9999.000000000000000,-9999.000000000000000,3.890000000000000,-9999.000000000000000,0.390000000000000,0.446745000000000,-9999.000000000000000,0.040000000000000,-9999.000000000000000,2460.000000000000000,0.296333059075000,8.600000000000000,10.086080000000001,-9999.000000000000000,48.299999999999997,103.975409999999997,-9999.000000000000000,0.220000000000000,0.250162000000000,1340.000000000000000,0.222208956021000,39.899996999999999,0.005151996431100,1.320000000000000,1310.000000000000000,0.176583896897000,4.920000000000000,7.038060000000000,10.330000000000000,12.048912000000000,93.299999999999997,-9999.000000000000000,72.099999999999994,0.016520744877200,2.200000000000000,-9999.000000000000000,2.550000000000000,2.984265000000000,-9999.000000000000000,54.740000000000002,59.863664000000000,0.002000000000000,-9999.000000000000000,-9999.000000000000000,0.010000000000000,-0.050000000000000,-9999.000000000000000,14.699999999999999,-0.500000000000000,-9999.000000000000000,-9999.000000000000000,2.280000000000000,2.643888000000000,3.000000000000000,0.024971345381200,37.799999999999997,44.702251077600003,0.400000000000000,0.488440000000000,0.350000000000000,0.402850000000000,0.070000000000000,2.600000000000000,2.958540000000000,460.000000000000000,0.076729584925400,0.180000000000000,0.160000000000000,0.182736000000000,0.780000000000000,0.919809151394000,167.000000000000000,298.125912675999984,1.170000000000000,1.475370000000000,10.140000000000001,12.876785999999999,1.260000000000000,1.434762000000000,42.000000000000000,52.281599999999997,147.000000000000000,198.565734037999988
120.090136155276,-33.5521653704122,"12153502",ROCKC,"114345",GSRK0132,0.360000000000000,5710.000000000000000,1.078883176400000,0.700000000000000,0.314000000000000,0.000000000000000,455.000000000000000,508.005269856999973,0.480000000000000,0.030000000000000,-9999.000000000000000,-9999.000000000000000,680.000000000000000,0.095144682884000,0.250000000000000,19.120000000000001,23.487007999999999,-9999.000000000000000,110.000000000000000,-9999.000000000000000,6.000000000000000,8.769340048700000,1.180000000000000,1.251036000000000,808.399999999999977,1.990000100000000,2.283923114770000,1.160000100000000,1.326460114350000,0.890000050000000,1.030531057890000,-9999.000000000000000,11900.000000000000000,-9999.000000000000000,1.530340000000000,-9999.000000000000000,20.510000000000002,27.569541999999998,2.570000200000000,2.962182230520000,0.060000000000000,-9999.000000000000000,-9999.000000000000000,3.890000000000000,0.000000000000000,0.390000020000000,0.446745022910000,-9999.000000000000000,0.040000000000000,-9999.000000000000000,2460.000000000000000,0.296333059075000,8.600000000000000,10.086080000000001,-9999.000000000000000,48.299999999999997,103.975409999999997,-9999.000000000000000,0.220000010000000,0.250162011371000,1339.999900000000025,0.222208939438000,39.899996999999999,0.005151996431100,1.320000000000000,1310.000000000000000,0.176583896897000,4.920000000000000,7.038060000000000,10330.000000000000000,12048.912000000000262,93.299999999999997,-9999.000000000000000,72.099999999999994,0.016520744877200,2.200000000000000,0.000000000000000,2.550000200000000,2.984265234060000,0.000000000000000,54.740000000000002,59.863664000000000,0.002000000000000,-9999.000000000000000,-9999.000000000000000,0.010000000000000,-0.050000000000000,-9999.000000000000000,14.699999999999999,-0.500000000000000,0.000000000000000,-9999.000000000000000,2.280000200000000,2.643888231920000,3.000000000000000,0.024971345381200,37.799999999999997,44.702251077600003,0.400000000000000,0.488440000000000,0.350000020000000,0.402850023020000,0.070000000000000,2.600000000000000,2.958540000000000,460.000000000000000,0.076729584925400,0.180000000000000,0.160000010000000,0.182736011421000,0.780000000000000,0.919809151394000,167.000000000000000,298.125912675999984,1.170000000000000,1.475370000000000,10.140000000000001,12.876785999999999,1.260000100000000,1.434762113870000,42.000000000000000,52.281599999999997,147.000000000000000,198.565734037999988
120.089534154926,-33.5521423700756,"12153557",ROCKC,"114345",LCH001a,22.800000000000001,0.000000000000000,-9999.000000000000000,4.000000000000000,13.199999999999999,0.000000000000000,0.000000000000000,-9999.000000000000000,0.000000000000000,0.000000000000000,-9999.000000000000000,-9999.000000000000000,0.000000000000000,-9999.000000000000000,0.000000000000000,0.000000000000000,-9999.000000000000000,-9999.000000000000000,0.000000000000000,-9999.000000000000000,0.000000000000000,-9999.000000000000000,0.000000000000000,-9999.000000000000000,105000.000000000000000,0.000000000000000,-9999.000000000000000,0.000000000000000,-9999.000000000000000,0.000000000000000,-9999.000000000000000,-9999.000000000000000,0.000000000000000,-9999.000000000000000,-9999.000000000000000,-9999.000000000000000,0.000000000000000,-9999.000000000000000,0.000000000000000,-9999.000000000000000,0.000000000000000,-9999.000000000000000,-9999.000000000000000,0.000000000000000,0.000000000000000,0.000000000000000,-9999.000000000000000,-9999.000000000000000,0.000000000000000,-9999.000000000000000,0.000000000000000,-9999.000000000000000,0.000000000000000,-9999.000000000000000,-9999.000000000000000,0.000000000000000,-9999.000000000000000,-9999.000000000000000,0.000000000000000,-9999.000000000000000,0.000000000000000,-9999.000000000000000,0.000000000000000,-9999.000000000000000,0.000000000000000,0.000000000000000,-9999.000000000000000,0.000000000000000,-9999.000000000000000,0.000000000000000,-9999.000000000000000,0.000000000000000,-9999.000000000000000,0.000000000000000,-9999.000000000000000,17.000000000000000,0.000000000000000,0.000000000000000,-9999.000000000000000,0.000000000000000,0.000000000000000,-9999.000000000000000,0.000000000000000,-9999.000000000000000,-9999.000000000000000,0.055700000000000,0.000000000000000,-9999.000000000000000,0.000000000000000,0.000000000000000,0.000000000000000,-9999.000000000000000,0.000000000000000,-9999.000000000000000,0.000000000000000,0.139090393773000,0.000000000000000,-9999.000000000000000,0.000000000000000,-9999.000000000000000,0.000000000000000,-9999.000000000000000,0.000000000000000,0.000000000000000,-9999.000000000000000,0.000000000000000,-9999.000000000000000,0.000000000000000,0.000000000000000,-9999.000000000000000,0.000000000000000,-9999.000000000000000,0.000000000000000,-9999.000000000000000,0.000000000000000,-9999.000000000000000,0.000000000000000,-9999.000000000000000,0.000000000000000,-9999.000000000000000,88.000000000000000,109.542400000000001,0.000000000000000,-9999.000000000000000
120.090429155533,-33.5521093705665,"9919946",ROCKC,"101425",GSRK0133,23.800000000000001,390.000000000000000,0.073689043572300,2.300000000000000,2.435000000000000,-9999.000000000000000,8.000000000000000,8.931960788690002,-0.050000000000000,1.420000000000000,-9999.000000000000000,-9999.000000000000000,460.000000000000000,0.064362579598000,0.600000000000000,5.900000000000000,7.247560000000000,-9999.000000000000000,193.000000000000000,-9999.000000000000000,10.000000000000000,14.615566747800001,-0.050000000000000,-9999.000000000000000,10000.000000000000000,0.680000000000000,0.780436000000000,0.310000000000000,0.354485000000000,0.240000000000000,0.277896000000000,-9999.000000000000000,3030.000000000000000,-9999.000000000000000,0.389658000000000,-9999.000000000000000,1.850000000000000,2.486770000000000,0.750000000000000,0.864450000000000,0.070000000000000,-9999.000000000000000,-9999.000000000000000,0.160000000000000,-9999.000000000000000,0.120000000000000,0.137460000000000,-9999.000000000000000,1.001000000000000,-9999.000000000000000,30.000000000000000,0.003613817793600,3.200000000000000,3.752960000000000,-9999.000000000000000,2.300000000000000,4.951210000000000,-9999.000000000000000,0.030000000000000,0.034113000000000,4300.000000000000000,0.713058590216000,11.000000000000000,0.001420350000080,6.770000000000000,50.000000000000000,0.006739843393000,0.670000000000000,0.958435000000000,2.790000000000000,3.254256000000000,263.600000000000023,-9999.000000000000000,26.699999999999999,0.006117945745090,2.700000000000000,-9999.000000000000000,0.730000000000000,0.854319000000000,-9999.000000000000000,0.940000000000000,1.027984000000000,0.001000000000000,-9999.000000000000000,-9999.000000000000000,0.240000000000000,0.090000000000000,0.119556000000000,1.200000000000000,6.200000000000000,-9999.000000000000000,-9999.000000000000000,0.660000000000000,0.765336000000000,3.300000000000000,0.599312289148000,19.399999999999999,22.942425156300001,0.030000000000000,0.036633000000000,0.110000000000000,0.126610000000000,3.040000000000000,0.300000000000000,0.341370000000000,10.000000000000000,0.001668034454900,0.040000000000000,0.040000000000000,0.045684000000000,2.310000000000000,2.724050179130000,14.000000000000000,24.992591481800002,0.320000000000000,0.403520000000000,3.020000000000000,3.835098000000000,0.230000000000000,0.261901000000000,16.000000000000000,19.916799999999999,9.500000000000000,12.832479410600000
120.090429155533,-33.5521093705665,"9919947",ROCKC,"101425",GSRK0134,0.600000000000000,5730.000000000000000,1.082662101720000,-0.500000000000000,0.096000000000000,-9999.000000000000000,324.000000000000000,361.744411941999999,0.000000000000000,0.030000000000000,-9999.000000000000000,-9999.000000000000000,770.000000000000000,0.107737361501000,0.120000000000000,17.300000000000001,21.251320000000000,-9999.000000000000000,78.000000000000000,-9999.000000000000000,119.000000000000000,173.925244299000013,1.000000000000000,1.060200000000000,940.299999999999955,2.170000000000000,2.490509000000000,1.350000000000000,1.543725000000000,0.940000000000000,1.088426000000000,-9999.000000000000000,12690.000000000000000,-9999.000000000000000,1.631934000000000,-9999.000000000000000,27.440000000000001,36.884847999999998,2.190000000000000,2.524194000000000,0.080000000000000,-9999.000000000000000,-9999.000000000000000,2.480000000000000,-9999.000000000000000,0.450000000000000,0.515475000000000,-9999.000000000000000,0.067000000000000,-9999.000000000000000,2040.000000000000000,0.245739609965000,8.500000000000000,9.968800000000000,-9999.000000000000000,40.700000000000003,87.614890000000003,-9999.000000000000000,0.220000000000000,0.250162000000000,1590.000000000000000,0.263665850801000,66.099999999999994,0.008535012273210,2.290000000000000,980.000000000000000,0.132100930503000,4.230000000000001,6.051015000000000,8.390000000000002,9.786096000000001,104.599999999999994,-9999.000000000000000,42.399999999999999,0.009715389497820,2.900000000000000,-9999.000000000000000,2.170000000000000,2.539551000000000,-9999.000000000000000,44.000000000000000,48.118400000000001,0.001000000000000,-9999.000000000000000,-9999.000000000000000,0.030000000000000,0.100000000000000,0.132840000000000,10.100000000000000,0.600000000000000,-9999.000000000000000,-9999.000000000000000,1.860000000000000,2.156856000000000,2.700000000000000,0.074914036143500,31.899999999999999,37.724915592000002,0.300000000000000,0.366330000000000,0.340000000000000,0.391340000000000,0.070000000000000,1.700000000000000,1.934430000000000,270.000000000000000,0.045036930282300,0.180000000000000,0.180000000000000,0.205578000000000,1.050000000000000,1.238204626880000,97.000000000000000,173.162955267000001,0.520000000000000,0.655720000000000,10.869999999999999,13.803813000000000,1.300000000000000,1.480310000000000,36.000000000000000,44.812800000000003,93.000000000000000,125.623219492999993
120.090429155533,-33.5521093705665,"12153503",ROCKC,"114345",GSRK0133,23.789999999999999,390.000000000000000,0.073689043572300,2.300000000000000,2.435000000000000,0.000000000000000,8.000000000000000,8.931960788690002,-0.050000000000000,1.420000000000000,-9999.000000000000000,-9999.000000000000000,459.999979999999994,0.064362576799600,0.600000000000000,5.930000300000000,7.284412368520000,-9999.000000000000000,192.800000000000011,-9999.000000000000000,10.000000000000000,14.615566747800001,-0.050000000000000,-9999.000000000000000,10000.000000000000000,0.680000000000000,0.780436000000000,0.310000000000000,0.354485000000000,0.240000010000000,0.277896011579000,-9999.000000000000000,3030.000000000000000,-9999.000000000000000,0.389658000000000,-9999.000000000000000,1.850000000000000,2.486770000000000,0.750000060000000,0.864450069156000,0.070000000000000,-9999.000000000000000,-9999.000000000000000,0.160000000000000,0.000000000000000,0.120000005000000,0.137460005728000,-9999.000000000000000,1.001000000000000,-9999.000000000000000,30.000000000000000,0.003613817793600,3.200000000000000,3.752960000000000,-9999.000000000000000,2.300000000000000,4.951210000000000,-9999.000000000000000,0.030000001000000,0.034113001137100,4299.999700000000303,0.713058540468000,11.000000000000000,0.001420350000080,6.770000000000000,49.999997000000000,0.006739842988610,0.670000000000000,0.958435000000000,2790.000000000000000,3254.255999999999858,263.600000000000023,-9999.000000000000000,26.699999999999999,0.006117945745090,2.700000000000000,0.000000000000000,0.730000000000000,0.854319000000000,0.000000000000000,0.940000000000000,1.027984000000000,0.001000000000000,-9999.000000000000000,-9999.000000000000000,0.240000000000000,0.090000000000000,0.119556000000000,1.200000000000000,6.200000000000000,0.000000000000000,-9999.000000000000000,0.660000000000000,0.765336000000000,3.300000000000000,0.599312289148000,19.399999999999999,22.942425156300001,0.030000000000000,0.036633000000000,0.110000010000000,0.126610011510000,3.040000000000000,0.300000000000000,0.341370000000000,10.000000000000000,0.001668034454900,0.040000000000000,0.040000003000000,0.045684003426300,2.310000000000000,2.724050179130000,14.000000000000000,24.992591481800002,0.320000000000000,0.403520000000000,3.020000000000000,3.835098000000000,0.230000000000000,0.261901000000000,16.000000000000000,19.916799999999999,9.500000000000000,12.832479410600000
120.090429155533,-33.5521093705665,"12153504",ROCKC,"114345",GSRK0134,0.580000000000000,5730.000000000000000,1.082662101720000,-0.500000000000000,0.096000000000000,0.000000000000000,324.000000000000000,361.744411941999999,0.480000000000000,0.030000000000000,-9999.000000000000000,-9999.000000000000000,770.000000000000000,0.107737361501000,0.120000000000000,17.250000000000000,21.189900000000002,-9999.000000000000000,77.900000000000006,-9999.000000000000000,119.000000000000000,173.925244299000013,0.800000000000000,0.848160000000000,940.299999999999955,2.170000000000000,2.490509000000000,1.350000000000000,1.543725000000000,0.940000060000000,1.088426069470000,-9999.000000000000000,12690.000000000000000,-9999.000000000000000,1.631934000000000,-9999.000000000000000,27.440000000000001,36.884847999999998,2.190000000000000,2.524194000000000,0.080000000000000,-9999.000000000000000,-9999.000000000000000,2.480000000000000,0.000000000000000,0.450000020000000,0.515475022910000,-9999.000000000000000,0.067000000000000,-9999.000000000000000,2040.000000000000000,0.245739609965000,8.500000000000000,9.968800000000000,-9999.000000000000000,40.700000000000003,87.614890000000003,-9999.000000000000000,0.220000010000000,0.250162011371000,1589.999900000000025,0.263665834218000,66.099999999999994,0.008535012273210,2.290000000000000,979.999959999999987,0.132100925111000,4.230000000000001,6.051015000000000,8390.000000000000000,9786.095999999999549,104.599999999999994,-9999.000000000000000,42.399999999999999,0.009715389497820,2.900000000000000,0.000000000000000,2.170000000000000,2.539551000000000,0.000000000000000,44.000000000000000,48.118400000000001,0.001000000000000,-9999.000000000000000,-9999.000000000000000,0.030000000000000,0.100000000000000,0.132840000000000,10.100000000000000,0.600000000000000,0.000000000000000,-9999.000000000000000,1.860000100000000,2.156856115960000,2.700000000000000,0.074914036143500,31.899999999999999,37.724915592000002,0.300000000000000,0.366330000000000,0.340000000000000,0.391340000000000,0.070000000000000,1.700000000000000,1.934430000000000,270.000000000000000,0.045036930282300,0.180000000000000,0.180000000000000,0.205578000000000,1.050000000000000,1.238204626880000,97.000000000000000,173.162955267000001,0.520000000000000,0.655720000000000,10.869999999999999,13.803813000000000,1.300000100000000,1.480310113870000,36.000000000000000,44.812800000000003,93.000000000000000,125.623219492999993
120.089632155032,-33.5521083701257,"3762769",ROCKC,"92488",RVR1324,-9999.000000000000000,-9999.000000000000000,-9999.000000000000000,-9999.000000000000000,2.690000000000000,-9999.000000000000000,-9999.000000000000000,-9999.000000000000000,-9999.000000000000000,-9999.000000000000000,-9999.000000000000000,-9999.000000000000000,-9999.000000000000000,-9999.000000000000000,-9999.000000000000000,-9999.000000000000000,-9999.000000000000000,-9999.000000000000000,-9999.000000000000000,-9999.000000000000000,-9999.000000000000000,-9999.000000000000000,-9999.000000000000000,-9999.000000000000000,29100.000000000000000,-9999.000000000000000,-9999.000000000000000,-9999.000000000000000,-9999.000000000000000,-9999.000000000000000,-9999.000000000000000,-9999.000000000000000,-9999.000000000000000,-9999.000000000000000,-9999.000000000000000,-9999.000000000000000,-9999.000000000000000,-9999.000000000000000,-9999.000000000000000,-9999.000000000000000,-9999.000000000000000,-9999.000000000000000,-9999.000000000000000,-9999.000000000000000,-9999.000000000000000,-9999.000000000000000,-9999.000000000000000,-9999.000000000000000,-9999.000000000000000,-9999.000000000000000,-9999.000000000000000,-9999.000000000000000,-9999.000000000000000,-9999.000000000000000,-9999.000000000000000,-9999.000000000000000,-9999.000000000000000,-9999.000000000000000,-9999.000000000000000,-9999.000000000000000,-9999.000000000000000,-9999.000000000000000,-9999.000000000000000,-9999.000000000000000,-9999.000000000000000,-9999.000000000000000,-9999.000000000000000,-9999.000000000000000,-9999.000000000000000,-9999.000000000000000,-9999.000000000000000,-9999.000000000000000,-9999.000000000000000,-9999.000000000000000,-9999.000000000000000,26.000000000000000,-9999.000000000000000,-9999.000000000000000,-9999.000000000000000,-9999.000000000000000,-9999.000000000000000,-9999.000000000000000,-9999.000000000000000,-9999.000000000000000,-9999.000000000000000,-9999.000000000000000,-9999.000000000000000,-9999.000000000000000,-9999.000000000000000,-9999.000000000000000,-9999.000000000000000,-9999.000000000000000,-9999.000000000000000,-9999.000000000000000,-9999.000000000000000,-9999.000000000000000,-9999.000000000000000,-9999.000000000000000,-9999.000000000000000,-9999.000000000000000,-9999.000000000000000,-9999.000000000000000,-9999.000000000000000,-9999.000000000000000,-9999.000000000000000,-9999.000000000000000,-9999.000000000000000,-9999.000000000000000,-9999.000000000000000,-9999.000000000000000,-9999.000000000000000,-9999.000000000000000,-9999.000000000000000,-9999.000000000000000,-9999.000000000000000,-9999.000000000000000,-9999.000000000000000,-9999.000000000000000,-9999.000000000000000,-9999.000000000000000,107.000000000000000,133.193600000000004,-9999.000000000000000,-9999.000000000000000
120.089632155032,-33.5521083701257,"12149530",ROCKC,"114345",RVR1324,0.000000000000000,0.000000000000000,-9999.000000000000000,-3.000000000000000,2.690000000000000,0.000000000000000,0.000000000000000,-9999.000000000000000,0.000000000000000,0.000000000000000,-9999.000000000000000,-9999.000000000000000,0.000000000000000,-9999.000000000000000,0.000000000000000,0.000000000000000,-9999.000000000000000,-9999.000000000000000,0.000000000000000,-9999.000000000000000,0.000000000000000,-9999.000000000000000,0.000000000000000,-9999.000000000000000,29100.000000000000000,0.000000000000000,-9999.000000000000000,0.000000000000000,-9999.000000000000000,0.000000000000000,-9999.000000000000000,-9999.000000000000000,0.000000000000000,-9999.000000000000000,-9999.000000000000000,-9999.000000000000000,0.000000000000000,-9999.000000000000000,0.000000000000000,-9999.000000000000000,0.000000000000000,-9999.000000000000000,-9999.000000000000000,0.000000000000000,0.000000000000000,0.000000000000000,-9999.000000000000000,-9999.000000000000000,0.000000000000000,-9999.000000000000000,0.000000000000000,-9999.000000000000000,0.000000000000000,-9999.000000000000000,-9999.000000000000000,0.000000000000000,-9999.000000000000000,-9999.000000000000000,0.000000000000000,-9999.000000000000000,0.000000000000000,-9999.000000000000000,0.000000000000000,-9999.000000000000000,0.000000000000000,0.000000000000000,-9999.000000000000000,0.000000000000000,-9999.000000000000000,0.000000000000000,-9999.000000000000000,0.000000000000000,-9999.000000000000000,0.000000000000000,-9999.000000000000000,26.000000000000000,0.000000000000000,0.000000000000000,-9999.000000000000000,0.000000000000000,0.000000000000000,-9999.000000000000000,0.000000000000000,-9999.000000000000000,-9999.000000000000000,0.000000000000000,0.000000000000000,-9999.000000000000000,0.000000000000000,0.000000000000000,0.000000000000000,-9999.000000000000000,0.000000000000000,-9999.000000000000000,0.000000000000000,-9999.000000000000000,0.000000000000000,-9999.000000000000000,0.000000000000000,-9999.000000000000000,0.000000000000000,-9999.000000000000000,0.000000000000000,0.000000000000000,-9999.000000000000000,0.000000000000000,-9999.000000000000000,0.000000000000000,0.000000000000000,-9999.000000000000000,0.000000000000000,-9999.000000000000000,0.000000000000000,-9999.000000000000000,0.000000000000000,-9999.000000000000000,0.000000000000000,-9999.000000000000000,0.000000000000000,-9999.000000000000000,107.000000000000000,133.193600000000004,0.000000000000000,-9999.000000000000000
120.104838171333,-33.5520053709374,"9926027",ROCKC,"101503",GSRK0135,-0.010000000000000,6160.000000000000000,1.163908995910000,21.199999999999999,0.007000000000000,-9999.000000000000000,12.000000000000000,13.397941183000000,0.400000000000000,0.270000000000000,-9999.000000000000000,-9999.000000000000000,30.000000000000000,0.004197559539000,0.000000000000000,9.000000000000000,11.055600000000000,-9999.000000000000000,2.300000000000000,-9999.000000000000000,397.000000000000000,580.237999888999980,0.300000000000000,0.318060000000000,44.899999999999999,0.460000000000000,0.527942000000000,0.000000000000000,-9999.000000000000000,0.300000000000000,0.347370000000000,-9999.000000000000000,1590.000000000000000,-9999.000000000000000,0.204474000000000,-9999.000000000000000,20.329999999999998,27.327586000000000,0.800000000000000,0.922080000000000,-0.050000000000000,-9999.000000000000000,-9999.000000000000000,2.340000000000000,-9999.000000000000000,0.090000000000000,0.103095000000000,-9999.000000000000000,0.076000000000000,-9999.000000000000000,100.000000000000000,0.012046059312000,4.200000000000000,4.925760000000000,-9999.000000000000000,5.900000000000000,12.700930000000000,-9999.000000000000000,0.050000000000000,0.056855000000000,290.000000000000000,0.048089997944800,0.599999970000000,0.000077473632494,0.500000000000000,1790.000000000000000,0.241286393469000,3.100000000000000,4.434550000000000,6.160000000000000,7.185024000000000,186.400000000000006,-9999.000000000000000,3.099999900000000,0.000710323265842,6.300000000000000,-9999.000000000000000,1.370000000000000,1.603311000000000,-9999.000000000000000,1.250000000000000,1.367000000000000,0.002000000000000,-9999.000000000000000,-9999.000000000000000,0.170000000000000,8.240000000000000,10.946016000000000,10.900000000000000,0.500000000000000,-9999.000000000000000,-9999.000000000000000,1.180000000000000,1.368328000000000,1.400000000000000,0.424512871480000,9.000000000000000,10.643393113700000,0.220000000000000,0.268642000000000,0.080000000000000,0.092080000000000,0.070000000000000,1.800000000000000,2.048220000000000,420.000000000000000,0.070057447105800,0.070000000000000,0.040000000000000,0.045684000000000,0.570000000000000,0.672168226018000,59.000000000000000,105.325921245000004,0.350000000000000,0.441350000000000,2.320000000000000,2.946168000000000,0.270000000000000,0.307449000000000,6.000000000000000,7.468800000000000,75.599999999999994,102.119520362000003
120.104838171333,-33.5520053709374,"12153505",ROCKC,"114345",GSRK0135,-0.010000000000000,6160.000000000000000,1.163908995910000,21.199999999999999,0.007000000000000,0.000000000000000,12.000000000000000,13.397941183000000,0.360000000000000,0.270000000000000,-9999.000000000000000,-9999.000000000000000,30.000000000000000,0.004197559539000,0.040000000000000,9.030001000000000,11.092453228400000,-9999.000000000000000,2.300000000000000,-9999.000000000000000,397.000000000000000,580.237999888999980,0.270000000000000,0.286254000000000,44.899999999999999,0.460000000000000,0.527942000000000,0.260000020000000,0.297310022870000,0.320000020000000,0.370528023158000,-9999.000000000000000,1589.999900000000025,-9999.000000000000000,0.204473987140000,-9999.000000000000000,20.329999999999998,27.327586000000000,0.800000000000000,0.922080000000000,-0.050000000000000,-9999.000000000000000,-9999.000000000000000,2.340000000000000,0.000000000000000,0.090000000000000,0.103095000000000,-9999.000000000000000,0.076000000000000,-9999.000000000000000,99.999994000000001,0.012046058589200,4.200000300000000,4.925760351840000,-9999.000000000000000,5.900000000000000,12.700930000000000,-9999.000000000000000,0.050000000000000,0.056855000000000,290.000000000000000,0.048089997944800,0.599999970000000,0.000077473632494,0.500000000000000,1790.000000000000000,0.241286393469000,3.100000000000000,4.434550000000000,6160.000000000000000,7185.024000000000342,186.400000000000006,-9999.000000000000000,3.099999900000000,0.000710323265842,6.300000000000000,0.000000000000000,1.370000100000000,1.603311117030000,0.000000000000000,1.250000000000000,1.367000000000000,0.002000000000000,-9999.000000000000000,-9999.000000000000000,0.170000000000000,8.240000000000000,10.946016000000000,10.900000000000000,0.500000000000000,0.000000000000000,-9999.000000000000000,1.180000100000000,1.368328115960000,1.400000000000000,0.424512871480000,9.000000000000000,10.643393113700000,0.220000000000000,0.268642000000000,0.080000006000000,0.092080006906000,0.070000000000000,1.800000000000000,2.048220000000000,420.000000000000000,0.070057447105800,0.070000000000000,0.040000003000000,0.045684003426300,0.570000000000000,0.672168226018000,59.000000000000000,105.325921245000004,0.350000000000000,0.441350000000000,2.320000000000000,2.946168000000000,0.270000000000000,0.307449000000000,6.000000000000000,7.468800000000000,75.599999999999994,102.119520362000003
120.101030166467,-33.5518983717562,"9925991",ROCKC,"101503",GSRK0078,0.080000000000000,6590.000000000000000,1.245155890110000,-0.500000000000000,0.013000000000000,-9999.000000000000000,320.000000000000000,357.278431548000015,0.500000000000000,0.020000000000000,-9999.000000000000000,-9999.000000000000000,1320.000000000000000,0.184692619716000,0.080000000000000,19.980000000000000,24.543431999999999,-9999.000000000000000,55.500000000000000,-9999.000000000000000,287.000000000000000,419.466765662999990,2.290000000000000,2.427858000000000,112.900000000000006,1.680000000000000,1.928136000000000,0.990000000000000,1.132065000000000,0.560000000000000,0.648424000000000,-9999.000000000000000,8560.000000000000000,-9999.000000000000000,1.100816000000000,-9999.000000000000000,23.489999999999998,31.575258000000002,1.860000000000000,2.143836000000000,0.300000000000000,-9999.000000000000000,-9999.000000000000000,2.710000000000000,-9999.000000000000000,0.340000000000000,0.389470000000000,-9999.000000000000000,0.043000000000000,-9999.000000000000000,2430.000000000000000,0.292719241282000,9.199999999999999,10.789759999999999,-9999.000000000000000,33.399999999999999,71.900180000000006,-9999.000000000000000,0.140000000000000,0.159194000000000,2570.000000000000000,0.426176878338000,18.199998999999998,0.002350033507370,0.330000000000000,1430.000000000000000,0.192759521040000,5.130000000000000,7.338465000000000,9.300000000000001,10.847519999999999,150.099999999999994,-9999.000000000000000,48.899996999999999,0.011204776351400,2.100000000000000,-9999.000000000000000,2.350000000000000,2.750205000000000,-9999.000000000000000,95.590000000000003,104.537223999999995,0.003000000000000,-9999.000000000000000,-9999.000000000000000,-0.010000000000000,-0.050000000000000,-9999.000000000000000,14.300000000000001,0.500000000000000,-9999.000000000000000,-9999.000000000000000,1.960000000000000,2.272816000000000,3.300000000000000,-9999.000000000000000,61.299999999999997,72.493333096800001,0.390000000000000,0.476229000000000,0.290000000000000,0.333790000000000,-0.010000000000000,2.000000000000000,2.275800000000000,300.000000000000000,0.050041033647000,0.420000000000000,0.130000000000000,0.148473000000000,0.720000000000000,0.849054601286000,101.000000000000000,180.303695690000012,0.500000000000000,0.630500000000000,7.500000000000000,9.524250000000000,1.010000000000000,1.150087000000000,46.000000000000000,57.260800000000003,113.200000000000003,152.909123082000008
120.101030166467,-33.5518983717562,"12153464",ROCKC,"114345",GSRK0078,0.080000000000000,6589.999700000000303,1.245155833420000,-0.500000000000000,0.013000000000000,0.000000000000000,320.000000000000000,357.278431548000015,0.500000000000000,0.020000000000000,-9999.000000000000000,-9999.000000000000000,1319.999900000000025,0.184692605724000,0.080000000000000,19.980001000000001,24.543433228400001,-9999.000000000000000,55.500000000000000,-9999.000000000000000,287.000000000000000,419.466765662999990,2.290000000000000,2.427858000000000,112.900000000000006,1.680000100000000,1.928136114770000,0.990000070000000,1.132065080050000,0.560000000000000,0.648424000000000,-9999.000000000000000,8559.998999999999796,-9999.000000000000000,1.100815871400000,-9999.000000000000000,23.489999999999998,31.575258000000002,1.860000100000000,2.143836115260000,0.300000000000000,-9999.000000000000000,-9999.000000000000000,2.710000000000000,0.000000000000000,0.340000000000000,0.389470000000000,-9999.000000000000000,0.043000000000000,-9999.000000000000000,2429.999800000000050,0.292719217189000,9.200001000000000,10.789761172800000,-9999.000000000000000,33.399999999999999,71.900180000000006,-9999.000000000000000,0.140000000000000,0.159194000000000,2570.000000000000000,0.426176878338000,18.199998999999998,0.002350033507370,0.330000000000000,1430.000000000000000,0.192759521040000,5.130000000000000,7.338465000000000,9300.000000000000000,10847.520000000000437,150.099999999999994,-9999.000000000000000,48.899996999999999,0.011204776351400,2.100000000000000,0.000000000000000,2.350000100000000,2.750205117030000,0.000000000000000,95.590000000000003,104.537223999999995,0.003000000000000,-9999.000000000000000,-9999.000000000000000,0.000000000000000,-0.050000000000000,-9999.000000000000000,14.300000000000001,0.500000000000000,0.000000000000000,-9999.000000000000000,1.960000000000000,2.272816000000000,3.300000000000000,-9999.000000000000000,61.299999999999997,72.493333096800001,0.390000000000000,0.476229000000000,0.290000020000000,0.333790023020000,-0.010000000000000,2.000000000000000,2.275800000000000,300.000000000000000,0.050041033647000,0.420000000000000,0.130000010000000,0.148473011421000,0.720000000000000,0.849054601286000,101.000000000000000,180.303695690000012,0.500000000000000,0.630500000000000,7.500000000000000,9.524250000000000,1.010000000000000,1.150087000000000,46.000000000000000,57.260800000000003,113.200000000000003,152.909123082000008
120.096293160344,-33.5518953727653,"9926003",ROCKC,"101503",GSRK0090,0.230000000000000,3860.000000000000000,0.729332585100000,1.800000000000000,0.041000000000000,-9999.000000000000000,220.000000000000000,245.628921689000009,0.660000000000000,0.010000000000000,-9999.000000000000000,-9999.000000000000000,380.000000000000000,0.053169087494000,0.080000000000000,29.530000000000001,36.274652000000003,-9999.000000000000000,13.800000000000001,-9999.000000000000000,11.000000000000000,16.077123422600000,0.330000000000000,0.349866000000000,878.600000000000023,1.980000000000000,2.272446000000000,1.080000000000000,1.234980000000000,0.630000000000000,0.729477000000000,-9999.000000000000000,2310.000000000000000,-9999.000000000000000,0.297066000000000,-9999.000000000000000,16.739999999999998,22.501908000000000,2.480000000000000,2.858448000000000,0.060000000000000,-9999.000000000000000,-9999.000000000000000,3.870000000000000,-9999.000000000000000,0.380000000000000,0.435290000000000,-9999.000000000000000,0.012000000000000,-9999.000000000000000,1110.000000000000000,0.133711258363000,14.300000000000001,16.771039999999999,-9999.000000000000000,18.500000000000000,39.824950000000001,-9999.000000000000000,0.180000000000000,0.204678000000000,680.000000000000000,0.112762753802000,15.000000000000000,0.001936840909200,0.370000000000000,3040.000000000000000,0.409782478294000,6.000000000000000,8.583000000000000,11.109999999999999,12.958703999999999,12.300000000000001,-9999.000000000000000,19.199998999999998,0.004399421430250,3.300000000000000,-9999.000000000000000,3.210000000000000,3.756663000000000,-9999.000000000000000,30.149999999999999,32.972040000000000,0.002000000000000,-9999.000000000000000,-9999.000000000000000,-0.010000000000000,-0.050000000000000,-9999.000000000000000,2.800000000000000,-0.500000000000000,-9999.000000000000000,-9999.000000000000000,2.410000000000000,2.794636000000000,1.000000000000000,-9999.000000000000000,90.500000000000000,107.025230754999995,0.600000000000000,0.732660000000000,0.340000000000000,0.391340000000000,0.030000000000000,5.100000000000000,5.803290000000000,170.000000000000000,0.028356585733300,0.150000000000000,0.170000000000000,0.194157000000000,1.060000000000000,1.249997051890000,26.000000000000000,46.414812751900001,1.100000000000000,1.387100000000000,9.490000000000000,12.051351000000000,1.120000000000000,1.275344000000000,24.000000000000000,29.875200000000000,138.599999999999994,187.219120664000002
120.096293160344,-33.5518953727653,"12153476",ROCKC,"114345",GSRK0090,0.230000000000000,3860.000000000000000,0.729332585100000,1.800000000000000,0.041000000000000,0.000000000000000,220.000000000000000,245.628921689000009,0.660000000000000,0.010000000000000,-9999.000000000000000,-9999.000000000000000,380.000000000000000,0.053169087494000,0.080000000000000,29.530000000000001,36.274652000000003,-9999.000000000000000,13.800000000000001,-9999.000000000000000,11.000000000000000,16.077123422600000,0.330000000000000,0.349866000000000,878.600000000000023,1.980000100000000,2.272446114770000,1.080000000000000,1.234980000000000,0.630000050000000,0.729477057895000,-9999.000000000000000,2310.000000000000000,-9999.000000000000000,0.297066000000000,-9999.000000000000000,16.739999999999998,22.501908000000000,2.480000000000000,2.858448000000000,0.060000000000000,-9999.000000000000000,-9999.000000000000000,3.870000000000000,0.000000000000000,0.380000030000000,0.435290034365000,-9999.000000000000000,0.012000000000000,-9999.000000000000000,1110.000000000000000,0.133711258363000,14.300001000000000,16.771041172800000,-9999.000000000000000,18.500000000000000,39.824950000000001,-9999.000000000000000,0.180000000000000,0.204678000000000,680.000000000000000,0.112762753802000,15.000000000000000,0.001936840909200,0.370000000000000,3040.000000000000000,0.409782478294000,6.000000000000000,8.583000000000000,11110.000000000000000,12958.703999999999724,12.300000000000001,-9999.000000000000000,19.199998999999998,0.004399421430250,3.300000000000000,0.000000000000000,3.210000000000000,3.756663000000000,0.000000000000000,30.149999999999999,32.972040000000000,0.002000000000000,-9999.000000000000000,-9999.000000000000000,0.000000000000000,-0.050000000000000,-9999.000000000000000,2.800000000000000,-0.500000000000000,0.000000000000000,-9999.000000000000000,2.410000000000000,2.794636000000000,1.000000000000000,-9999.000000000000000,90.500000000000000,107.025230754999995,0.600000000000000,0.732660000000000,0.340000000000000,0.391340000000000,0.030000000000000,5.100000000000000,5.803290000000000,170.000000000000000,0.028356585733300,0.150000000000000,0.170000000000000,0.194157000000000,1.060000000000000,1.249997051890000,26.000000000000000,46.414812751900001,1.100000000000000,1.387100000000000,9.490000000000000,12.051351000000000,1.120000000000000,1.275344000000000,24.000000000000000,29.875200000000000,138.599999999999994,187.219120664000002
120.089771155514,-33.5518053701642,"9919943",ROCKC,"101425",GSRK0126,3.800000000000000,430.000000000000000,0.081246894195100,1.400000000000000,0.809000000000000,-9999.000000000000000,16.000000000000000,17.863921577399999,-0.050000000000000,1.380000000000000,-9999.000000000000000,-9999.000000000000000,1480.000000000000000,0.207079603924000,87.879999999999995,4.700000000000000,5.773480000000000,-9999.000000000000000,254.000000000000000,-9999.000000000000000,13.000000000000000,19.000236772200001,0.000000000000000,-9999.000000000000000,10000.000000000000000,0.500000000000000,0.573850000000000,0.320000000000000,0.365920000000000,0.150000000000000,0.173685000000000,-9999.000000000000000,1510.000000000000000,-9999.000000000000000,0.194186000000000,-9999.000000000000000,1.600000000000000,2.150720000000000,0.550000000000000,0.633930000000000,0.050000000000000,-9999.000000000000000,-9999.000000000000000,0.220000000000000,-9999.000000000000000,0.110000000000000,0.126005000000000,-9999.000000000000000,0.169000000000000,-9999.000000000000000,230.000000000000000,0.027705936417600,3.100000000000000,3.635680000000000,-9999.000000000000000,1.200000000000000,2.583240000000000,-9999.000000000000000,0.050000000000000,0.056855000000000,970.000000000000000,0.160852751746000,10.400000000000000,0.001342876363710,1.870000000000000,60.000000000000000,0.008087812071600,0.270000000000000,0.386235000000000,1.980000000000000,2.309472000000000,62.200000000000003,-9999.000000000000000,3.099999900000000,0.000710323265842,54.299999999999997,-9999.000000000000000,0.510000000000000,0.596853000000000,-9999.000000000000000,4.740000000000000,5.183664000000000,0.001000000000000,-9999.000000000000000,-9999.000000000000000,0.550000000000000,0.170000000000000,0.225828000000000,1.300000000000000,2.400000000000000,-9999.000000000000000,-9999.000000000000000,0.480000000000000,0.556608000000000,1.400000000000000,1.373423995960000,35.600000000000001,42.100532760999997,0.030000000000000,0.036633000000000,0.080000000000000,0.092080000000000,1.390000000000000,0.300000000000000,0.341370000000000,20.000000000000000,0.003336068909800,0.040000000000000,0.040000000000000,0.045684000000000,0.380000000000000,0.448112150679000,6.000000000000000,10.711110635100001,0.880000000000000,1.109680000000000,3.080000000000000,3.911292000000000,0.310000000000000,0.352997000000000,57.000000000000000,70.953599999999994,8.500000000000000,11.481692104200000
120.089771155514,-33.5518053701642,"9919944",ROCKC,"101425",GSRK0127,0.800000000000000,5460.000000000000000,1.031646610010000,0.900000000000000,2.231000000000000,-9999.000000000000000,208.000000000000000,232.230980506000009,0.000000000000000,0.010000000000000,-9999.000000000000000,-9999.000000000000000,590.000000000000000,0.082552004267000,1.990000000000000,20.100000000000001,24.690840000000001,-9999.000000000000000,129.000000000000000,-9999.000000000000000,98.000000000000000,143.232554128999993,1.000000000000000,1.060200000000000,867.200000000000045,2.160000000000000,2.479032000000000,1.270000000000000,1.452245000000000,0.870000000000000,1.007373000000000,-9999.000000000000000,4380.000000000000000,-9999.000000000000000,0.563268000000000,-9999.000000000000000,15.130000000000001,20.337745999999999,2.760000000000000,3.181176000000000,0.060000000000000,-9999.000000000000000,-9999.000000000000000,2.980000000000000,-9999.000000000000000,0.440000000000000,0.504020000000000,-9999.000000000000000,0.015000000000000,-9999.000000000000000,1880.000000000000000,0.226465915066000,10.800000000000001,12.666240000000000,-9999.000000000000000,30.399999999999999,65.442080000000004,-9999.000000000000000,0.220000000000000,0.250162000000000,1070.000000000000000,0.177435509658000,25.799999000000000,0.003331366234700,0.410000000000000,2760.000000000000000,0.372039355294000,3.730000000000000,5.335765000000000,9.670000000000000,11.279088000000000,92.500000000000000,-9999.000000000000000,15.299999000000000,0.003505788905690,135.000000000000000,-9999.000000000000000,2.340000000000000,2.738502000000000,-9999.000000000000000,49.159999999999997,53.761375999999998,0.001000000000000,-9999.000000000000000,-9999.000000000000000,0.030000000000000,-0.050000000000000,-9999.000000000000000,7.400000000000000,-0.500000000000000,-9999.000000000000000,-9999.000000000000000,2.430000000000000,2.817828000000000,1.100000000000000,0.074914036143500,62.299999999999997,73.675932331699997,0.320000000000000,0.390752000000000,0.390000000000000,0.448890000000000,0.060000000000000,2.700000000000000,3.072330000000000,270.000000000000000,0.045036930282300,0.530000000000000,0.180000000000000,0.205578000000000,0.730000000000000,0.860847026304000,85.000000000000000,151.740733997000007,0.950000000000000,1.197950000000000,11.560000000000000,14.680044000000001,1.390000000000000,1.582793000000000,312.000000000000000,388.377599999999973,109.799999999999997,148.316446240999994
120.089771155514,-33.5518053701642,"12153496",ROCKC,"114345",GSRK0126,3.840000000000000,429.999979999999994,0.081246890416200,1.400000000000000,0.809000000000000,0.000000000000000,16.000000000000000,17.863921577399999,-0.050000000000000,1.380000000000000,-9999.000000000000000,-9999.000000000000000,1480.000000000000000,0.207079603924000,87.879999999999995,4.740000200000000,5.822616245680000,-9999.000000000000000,253.900000000000006,-9999.000000000000000,13.000000000000000,19.000236772200001,0.090000000000000,0.095418000000000,10000.000000000000000,0.500000000000000,0.573850000000000,0.320000020000000,0.365920022870000,0.150000000000000,0.173685000000000,-9999.000000000000000,1510.000000000000000,-9999.000000000000000,0.194186000000000,-9999.000000000000000,1.600000000000000,2.150720000000000,0.550000000000000,0.633930000000000,0.050000000000000,-9999.000000000000000,-9999.000000000000000,0.220000000000000,0.000000000000000,0.110000010000000,0.126005011455000,-9999.000000000000000,0.169000000000000,-9999.000000000000000,229.999989999999997,0.027705935213000,3.100000100000000,3.635680117280000,-9999.000000000000000,1.200000000000000,2.583240000000000,-9999.000000000000000,0.050000000000000,0.056855000000000,969.999969999999962,0.160852746772000,10.400000000000000,0.001342876363710,1.870000000000000,60.000000000000000,0.008087812071600,0.270000000000000,0.386235000000000,1980.000000000000000,2309.472000000000207,62.200000000000003,-9999.000000000000000,3.099999900000000,0.000710323265842,54.299999999999997,0.000000000000000,0.510000050000000,0.596853058515000,0.000000000000000,4.740000000000000,5.183664000000000,0.001000000000000,-9999.000000000000000,-9999.000000000000000,0.550000000000000,0.170000000000000,0.225828000000000,1.300000000000000,2.400000000000000,0.000000000000000,-9999.000000000000000,0.480000020000000,0.556608023192000,1.400000000000000,1.373423995960000,35.600000000000001,42.100532760999997,0.030000000000000,0.036633000000000,0.080000006000000,0.092080006906000,1.390000000000000,0.300000000000000,0.341370000000000,20.000000000000000,0.003336068909800,0.040000000000000,0.040000003000000,0.045684003426300,0.380000000000000,0.448112150679000,6.000000000000000,10.711110635100001,0.880000000000000,1.109680000000000,3.080000000000000,3.911292000000000,0.310000000000000,0.352997000000000,57.000000000000000,70.953599999999994,8.500000000000000,11.481692104200000
120.089771155514,-33.5518053701642,"12153497",ROCKC,"114345",GSRK0127,0.750000000000000,5460.000000000000000,1.031646610010000,0.900000000000000,2.231000000000000,0.000000000000000,208.000000000000000,232.230980506000009,0.430000000000000,0.010000000000000,-9999.000000000000000,-9999.000000000000000,590.000000000000000,0.082552004267000,1.990000000000000,20.080002000000000,24.666274456800000,-9999.000000000000000,129.300000000000011,-9999.000000000000000,98.000000000000000,143.232554128999993,0.980000000000000,1.038996000000000,867.200000000000045,2.160000000000000,2.479032000000000,1.270000100000000,1.452245114350000,0.870000060000000,1.007373069470000,-9999.000000000000000,4380.000000000000000,-9999.000000000000000,0.563268000000000,-9999.000000000000000,15.130000000000001,20.337745999999999,2.760000200000000,3.181176230520000,0.060000000000000,-9999.000000000000000,-9999.000000000000000,2.980000000000000,0.000000000000000,0.440000030000000,0.504020034365000,-9999.000000000000000,0.015000000000000,-9999.000000000000000,1880.000000000000000,0.226465915066000,10.800000000000001,12.666240000000000,-9999.000000000000000,30.399999999999999,65.442080000000004,-9999.000000000000000,0.220000010000000,0.250162011371000,1069.999900000000025,0.177435493076000,25.799999000000000,0.003331366234700,0.410000000000000,2760.000000000000000,0.372039355294000,3.730000000000000,5.335765000000000,9670.000000000000000,11279.087999999999738,92.500000000000000,-9999.000000000000000,15.299999000000000,0.003505788905690,135.000000000000000,0.000000000000000,2.340000200000000,2.738502234060000,0.000000000000000,49.159999999999997,53.761375999999998,0.001000000000000,-9999.000000000000000,-9999.000000000000000,0.030000000000000,-0.050000000000000,-9999.000000000000000,7.400000000000000,-0.500000000000000,0.000000000000000,-9999.000000000000000,2.430000000000000,2.817828000000000,1.100000000000000,0.074914036143500,62.299999999999997,73.675932331699997,0.320000000000000,0.390752000000000,0.390000020000000,0.448890023020000,0.060000000000000,2.700000000000000,3.072330000000000,270.000000000000000,0.045036930282300,0.530000000000000,0.180000000000000,0.205578000000000,0.730000000000000,0.860847026304000,85.000000000000000,151.740733997000007,0.950000000000000,1.197950000000000,11.560000000000000,14.680044000000001,1.390000100000000,1.582793113870000,312.000000000000000,388.377599999999973,109.799999999999997,148.316446240999994
120.089084155154,-33.5517523697849,"3762771",ROCKC,"92488",RVR1326,-9999.000000000000000,-9999.000000000000000,-9999.000000000000000,-9999.000000000000000,13.600000000000000,-9999.000000000000000,-9999.000000000000000,-9999.000000000000000,-9999.000000000000000,-9999.000000000000000,-9999.000000000000000,-9999.000000000000000,-9999.000000000000000,-9999.000000000000000,-9999.000000000000000,-9999.000000000000000,-9999.000000000000000,-9999.000000000000000,-9999.000000000000000,-9999.000000000000000,-9999.000000000000000,-9999.000000000000000,-9999.000000000000000,-9999.000000000000000,43500.000000000000000,-9999.000000000000000,-9999.000000000000000,-9999.000000000000000,-9999.000000000000000,-9999.000000000000000,-9999.000000000000000,-9999.000000000000000,-9999.000000000000000,-9999.000000000000000,-9999.000000000000000,-9999.000000000000000,-9999.000000000000000,-9999.000000000000000,-9999.000000000000000,-9999.000000000000000,-9999.000000000000000,-9999.000000000000000,-9999.000000000000000,-9999.000000000000000,-9999.000000000000000,-9999.000000000000000,-9999.000000000000000,-9999.000000000000000,-9999.000000000000000,-9999.000000000000000,-9999.000000000000000,-9999.000000000000000,-9999.000000000000000,-9999.000000000000000,-9999.000000000000000,-9999.000000000000000,-9999.000000000000000,-9999.000000000000000,-9999.000000000000000,-9999.000000000000000,-9999.000000000000000,-9999.000000000000000,-9999.000000000000000,-9999.000000000000000,-9999.000000000000000,-9999.000000000000000,-9999.000000000000000,-9999.000000000000000,-9999.000000000000000,-9999.000000000000000,-9999.000000000000000,-9999.000000000000000,-9999.000000000000000,-9999.000000000000000,-9999.000000000000000,24.000000000000000,-9999.000000000000000,-9999.000000000000000,-9999.000000000000000,-9999.000000000000000,-9999.000000000000000,-9999.000000000000000,-9999.000000000000000,-9999.000000000000000,-9999.000000000000000,-9999.000000000000000,-9999.000000000000000,-9999.000000000000000,-9999.000000000000000,-9999.000000000000000,-9999.000000000000000,-9999.000000000000000,-9999.000000000000000,-9999.000000000000000,-9999.000000000000000,-9999.000000000000000,-9999.000000000000000,-9999.000000000000000,-9999.000000000000000,-9999.000000000000000,-9999.000000000000000,-9999.000000000000000,-9999.000000000000000,-9999.000000000000000,-9999.000000000000000,-9999.000000000000000,-9999.000000000000000,-9999.000000000000000,-9999.000000000000000,-9999.000000000000000,-9999.000000000000000,-9999.000000000000000,-9999.000000000000000,-9999.000000000000000,-9999.000000000000000,-9999.000000000000000,-9999.000000000000000,-9999.000000000000000,-9999.000000000000000,-9999.000000000000000,245.000000000000000,304.975999999999999,-9999.000000000000000,-9999.000000000000000
120.089084155154,-33.5517523697849,"12149532",ROCKC,"114345",RVR1326,0.000000000000000,0.000000000000000,-9999.000000000000000,-3.000000000000000,13.600000000000000,0.000000000000000,0.000000000000000,-9999.000000000000000,0.000000000000000,0.000000000000000,-9999.000000000000000,-9999.000000000000000,0.000000000000000,-9999.000000000000000,0.000000000000000,0.000000000000000,-9999.000000000000000,-9999.000000000000000,0.000000000000000,-9999.000000000000000,0.000000000000000,-9999.000000000000000,0.000000000000000,-9999.000000000000000,43500.000000000000000,0.000000000000000,-9999.000000000000000,0.000000000000000,-9999.000000000000000,0.000000000000000,-9999.000000000000000,-9999.000000000000000,0.000000000000000,-9999.000000000000000,-9999.000000000000000,-9999.000000000000000,0.000000000000000,-9999.000000000000000,0.000000000000000,-9999.000000000000000,0.000000000000000,-9999.000000000000000,-9999.000000000000000,0.000000000000000,0.000000000000000,0.000000000000000,-9999.000000000000000,-9999.000000000000000,0.000000000000000,-9999.000000000000000,0.000000000000000,-9999.000000000000000,0.000000000000000,-9999.000000000000000,-9999.000000000000000,0.000000000000000,-9999.000000000000000,-9999.000000000000000,0.000000000000000,-9999.000000000000000,0.000000000000000,-9999.000000000000000,0.000000000000000,-9999.000000000000000,0.000000000000000,0.000000000000000,-9999.000000000000000,0.000000000000000,-9999.000000000000000,0.000000000000000,-9999.000000000000000,0.000000000000000,-9999.000000000000000,0.000000000000000,-9999.000000000000000,24.000000000000000,0.000000000000000,0.000000000000000,-9999.000000000000000,0.000000000000000,0.000000000000000,-9999.000000000000000,0.000000000000000,-9999.000000000000000,-9999.000000000000000,0.000000000000000,0.000000000000000,-9999.000000000000000,0.000000000000000,0.000000000000000,0.000000000000000,-9999.000000000000000,0.000000000000000,-9999.000000000000000,0.000000000000000,-9999.000000000000000,0.000000000000000,-9999.000000000000000,0.000000000000000,-9999.000000000000000,0.000000000000000,-9999.000000000000000,0.000000000000000,0.000000000000000,-9999.000000000000000,0.000000000000000,-9999.000000000000000,0.000000000000000,0.000000000000000,-9999.000000000000000,0.000000000000000,-9999.000000000000000,0.000000000000000,-9999.000000000000000,0.000000000000000,-9999.000000000000000,0.000000000000000,-9999.000000000000000,0.000000000000000,-9999.000000000000000,245.000000000000000,304.975999999999999,0.000000000000000,-9999.000000000000000
120.089929155879,-33.5516013702233,"3762766",ROCKC,"92488",RVR1301,-9999.000000000000000,-9999.000000000000000,-9999.000000000000000,-9999.000000000000000,5.080000000000000,-9999.000000000000000,-9999.000000000000000,-9999.000000000000000,-9999.000000000000000,-9999.000000000000000,-9999.000000000000000,-9999.000000000000000,-9999.000000000000000,-9999.000000000000000,-9999.000000000000000,-9999.000000000000000,-9999.000000000000000,-9999.000000000000000,-9999.000000000000000,-9999.000000000000000,-9999.000000000000000,-9999.000000000000000,-9999.000000000000000,-9999.000000000000000,10000.000000000000000,-9999.000000000000000,-9999.000000000000000,-9999.000000000000000,-9999.000000000000000,-9999.000000000000000,-9999.000000000000000,-9999.000000000000000,-9999.000000000000000,-9999.000000000000000,-9999.000000000000000,-9999.000000000000000,-9999.000000000000000,-9999.000000000000000,-9999.000000000000000,-9999.000000000000000,-9999.000000000000000,-9999.000000000000000,-9999.000000000000000,-9999.000000000000000,-9999.000000000000000,-9999.000000000000000,-9999.000000000000000,-9999.000000000000000,-9999.000000000000000,-9999.000000000000000,-9999.000000000000000,-9999.000000000000000,-9999.000000000000000,-9999.000000000000000,-9999.000000000000000,-9999.000000000000000,-9999.000000000000000,-9999.000000000000000,-9999.000000000000000,-9999.000000000000000,-9999.000000000000000,-9999.000000000000000,-9999.000000000000000,-9999.000000000000000,-9999.000000000000000,-9999.000000000000000,-9999.000000000000000,-9999.000000000000000,-9999.000000000000000,-9999.000000000000000,-9999.000000000000000,-9999.000000000000000,-9999.000000000000000,-9999.000000000000000,-9999.000000000000000,20.000000000000000,-9999.000000000000000,-9999.000000000000000,-9999.000000000000000,-9999.000000000000000,-9999.000000000000000,-9999.000000000000000,-9999.000000000000000,-9999.000000000000000,-9999.000000000000000,-9999.000000000000000,-9999.000000000000000,-9999.000000000000000,-9999.000000000000000,-9999.000000000000000,-9999.000000000000000,-9999.000000000000000,-9999.000000000000000,-9999.000000000000000,-9999.000000000000000,-9999.000000000000000,-9999.000000000000000,-9999.000000000000000,-9999.000000000000000,-9999.000000000000000,-9999.000000000000000,-9999.000000000000000,-9999.000000000000000,-9999.000000000000000,-9999.000000000000000,-9999.000000000000000,-9999.000000000000000,-9999.000000000000000,-9999.000000000000000,-9999.000000000000000,-9999.000000000000000,-9999.000000000000000,-9999.000000000000000,-9999.000000000000000,-9999.000000000000000,-9999.000000000000000,-9999.000000000000000,-9999.000000000000000,-9999.000000000000000,-9999.000000000000000,21.000000000000000,26.140799999999999,-9999.000000000000000,-9999.000000000000000
120.089929155879,-33.5516013702233,"12149527",ROCKC,"114345",RVR1301,0.000000000000000,0.000000000000000,-9999.000000000000000,-3.000000000000000,5.080000000000000,0.000000000000000,0.000000000000000,-9999.000000000000000,0.000000000000000,0.000000000000000,-9999.000000000000000,-9999.000000000000000,0.000000000000000,-9999.000000000000000,0.000000000000000,0.000000000000000,-9999.000000000000000,-9999.000000000000000,0.000000000000000,-9999.000000000000000,0.000000000000000,-9999.000000000000000,0.000000000000000,-9999.000000000000000,10000.000000000000000,0.000000000000000,-9999.000000000000000,0.000000000000000,-9999.000000000000000,0.000000000000000,-9999.000000000000000,-9999.000000000000000,0.000000000000000,-9999.000000000000000,-9999.000000000000000,-9999.000000000000000,0.000000000000000,-9999.000000000000000,0.000000000000000,-9999.000000000000000,0.000000000000000,-9999.000000000000000,-9999.000000000000000,0.000000000000000,0.000000000000000,0.000000000000000,-9999.000000000000000,-9999.000000000000000,0.000000000000000,-9999.000000000000000,0.000000000000000,-9999.000000000000000,0.000000000000000,-9999.000000000000000,-9999.000000000000000,0.000000000000000,-9999.000000000000000,-9999.000000000000000,0.000000000000000,-9999.000000000000000,0.000000000000000,-9999.000000000000000,0.000000000000000,-9999.000000000000000,0.000000000000000,0.000000000000000,-9999.000000000000000,0.000000000000000,-9999.000000000000000,0.000000000000000,-9999.000000000000000,0.000000000000000,-9999.000000000000000,0.000000000000000,-9999.000000000000000,20.000000000000000,0.000000000000000,0.000000000000000,-9999.000000000000000,0.000000000000000,0.000000000000000,-9999.000000000000000,0.000000000000000,-9999.000000000000000,-9999.000000000000000,0.000000000000000,0.000000000000000,-9999.000000000000000,0.000000000000000,0.000000000000000,0.000000000000000,-9999.000000000000000,0.000000000000000,-9999.000000000000000,0.000000000000000,-9999.000000000000000,0.000000000000000,-9999.000000000000000,0.000000000000000,-9999.000000000000000,0.000000000000000,-9999.000000000000000,0.000000000000000,0.000000000000000,-9999.000000000000000,0.000000000000000,-9999.000000000000000,0.000000000000000,0.000000000000000,-9999.000000000000000,0.000000000000000,-9999.000000000000000,0.000000000000000,-9999.000000000000000,0.000000000000000,-9999.000000000000000,0.000000000000000,-9999.000000000000000,0.000000000000000,-9999.000000000000000,21.000000000000000,26.140799999999999,0.000000000000000,-9999.000000000000000
120.091846157096,-33.5515833712503,"3762767",ROCKC,"92488",RVR1302,-9999.000000000000000,-9999.000000000000000,-9999.000000000000000,-9999.000000000000000,0.540000000000000,-9999.000000000000000,-9999.000000000000000,-9999.000000000000000,-9999.000000000000000,-9999.000000000000000,-9999.000000000000000,-9999.000000000000000,-9999.000000000000000,-9999.000000000000000,-9999.000000000000000,-9999.000000000000000,-9999.000000000000000,-9999.000000000000000,-9999.000000000000000,-9999.000000000000000,-9999.000000000000000,-9999.000000000000000,-9999.000000000000000,-9999.000000000000000,9188.000000000000000,-9999.000000000000000,-9999.000000000000000,-9999.000000000000000,-9999.000000000000000,-9999.000000000000000,-9999.000000000000000,-9999.000000000000000,-9999.000000000000000,-9999.000000000000000,-9999.000000000000000,-9999.000000000000000,-9999.000000000000000,-9999.000000000000000,-9999.000000000000000,-9999.000000000000000,-9999.000000000000000,-9999.000000000000000,-9999.000000000000000,-9999.000000000000000,-9999.000000000000000,-9999.000000000000000,-9999.000000000000000,-9999.000000000000000,-9999.000000000000000,-9999.000000000000000,-9999.000000000000000,-9999.000000000000000,-9999.000000000000000,-9999.000000000000000,-9999.000000000000000,-9999.000000000000000,-9999.000000000000000,-9999.000000000000000,-9999.000000000000000,-9999.000000000000000,-9999.000000000000000,-9999.000000000000000,-9999.000000000000000,-9999.000000000000000,-9999.000000000000000,-9999.000000000000000,-9999.000000000000000,-9999.000000000000000,-9999.000000000000000,-9999.000000000000000,-9999.000000000000000,-9999.000000000000000,-9999.000000000000000,-9999.000000000000000,-9999.000000000000000,10.000000000000000,-9999.000000000000000,-9999.000000000000000,-9999.000000000000000,-9999.000000000000000,-9999.000000000000000,-9999.000000000000000,-9999.000000000000000,-9999.000000000000000,-9999.000000000000000,-9999.000000000000000,-9999.000000000000000,-9999.000000000000000,-9999.000000000000000,-9999.000000000000000,-9999.000000000000000,-9999.000000000000000,-9999.000000000000000,-9999.000000000000000,-9999.000000000000000,-9999.000000000000000,-9999.000000000000000,-9999.000000000000000,-9999.000000000000000,-9999.000000000000000,-9999.000000000000000,-9999.000000000000000,-9999.000000000000000,-9999.000000000000000,-9999.000000000000000,-9999.000000000000000,-9999.000000000000000,-9999.000000000000000,-9999.000000000000000,-9999.000000000000000,-9999.000000000000000,-9999.000000000000000,-9999.000000000000000,-9999.000000000000000,-9999.000000000000000,-9999.000000000000000,-9999.000000000000000,-9999.000000000000000,-9999.000000000000000,-9999.000000000000000,23.000000000000000,28.630400000000002,-9999.000000000000000,-9999.000000000000000
120.091846157096,-33.5515833712503,"12149528",ROCKC,"114345",RVR1302,0.000000000000000,0.000000000000000,-9999.000000000000000,-3.000000000000000,0.540000000000000,0.000000000000000,0.000000000000000,-9999.000000000000000,0.000000000000000,0.000000000000000,-9999.000000000000000,-9999.000000000000000,0.000000000000000,-9999.000000000000000,0.000000000000000,0.000000000000000,-9999.000000000000000,-9999.000000000000000,0.000000000000000,-9999.000000000000000,0.000000000000000,-9999.000000000000000,0.000000000000000,-9999.000000000000000,9190.000000000000000,0.000000000000000,-9999.000000000000000,0.000000000000000,-9999.000000000000000,0.000000000000000,-9999.000000000000000,-9999.000000000000000,0.000000000000000,-9999.000000000000000,-9999.000000000000000,-9999.000000000000000,0.000000000000000,-9999.000000000000000,0.000000000000000,-9999.000000000000000,0.000000000000000,-9999.000000000000000,-9999.000000000000000,0.000000000000000,0.000000000000000,0.000000000000000,-9999.000000000000000,-9999.000000000000000,0.000000000000000,-9999.000000000000000,0.000000000000000,-9999.000000000000000,0.000000000000000,-9999.000000000000000,-9999.000000000000000,0.000000000000000,-9999.000000000000000,-9999.000000000000000,0.000000000000000,-9999.000000000000000,0.000000000000000,-9999.000000000000000,0.000000000000000,-9999.000000000000000,0.000000000000000,0.000000000000000,-9999.000000000000000,0.000000000000000,-9999.000000000000000,0.000000000000000,-9999.000000000000000,0.000000000000000,-9999.000000000000000,0.000000000000000,-9999.000000000000000,10.000000000000000,0.000000000000000,0.000000000000000,-9999.000000000000000,0.000000000000000,0.000000000000000,-9999.000000000000000,0.000000000000000,-9999.000000000000000,-9999.000000000000000,0.000000000000000,0.000000000000000,-9999.000000000000000,0.000000000000000,0.000000000000000,0.000000000000000,-9999.000000000000000,0.000000000000000,-9999.000000000000000,0.000000000000000,-9999.000000000000000,0.000000000000000,-9999.000000000000000,0.000000000000000,-9999.000000000000000,0.000000000000000,-9999.000000000000000,0.000000000000000,0.000000000000000,-9999.000000000000000,0.000000000000000,-9999.000000000000000,0.000000000000000,0.000000000000000,-9999.000000000000000,0.000000000000000,-9999.000000000000000,0.000000000000000,-9999.000000000000000,0.000000000000000,-9999.000000000000000,0.000000000000000,-9999.000000000000000,0.000000000000000,-9999.000000000000000,23.000000000000000,28.630400000000002,0.000000000000000,-9999.000000000000000
120.092207157528,-33.5514203714114,"9919956",ROCKC,"101425",GSRK0259,0.700000000000000,8010.000000000000000,1.513459587220000,8.199999999999999,0.518000000000000,-9999.000000000000000,278.000000000000000,310.385637406999990,0.600000000000000,0.020000000000000,-9999.000000000000000,-9999.000000000000000,850.000000000000000,0.118930853605000,0.100000000000000,9.000000000000000,11.055600000000000,-9999.000000000000000,69.400000000000006,-9999.000000000000000,158.000000000000000,230.925954616000013,1.700000000000000,1.802340000000000,2261.699999999999818,0.980000000000000,1.124746000000000,1.000000000000000,1.143500000000000,0.400000000000000,0.463160000000000,-9999.000000000000000,7940.000000000000000,-9999.000000000000000,1.021084000000000,-9999.000000000000000,24.440000000000001,32.852248000000003,1.010000000000000,1.164126000000000,0.160000000000000,-9999.000000000000000,-9999.000000000000000,2.620000000000000,-9999.000000000000000,0.190000000000000,0.217645000000000,-9999.000000000000000,0.233000000000000,-9999.000000000000000,2750.000000000000000,0.331266631080000,4.900000000000000,5.746720000000000,-9999.000000000000000,21.399999999999999,46.067779999999999,-9999.000000000000000,0.130000000000000,0.147823000000000,1820.000000000000000,0.301806193998000,58.899999999999999,0.007605328636790,0.940000000000000,1360.000000000000000,0.183323740290000,4.240000000000000,6.065320000000000,4.570000000000000,5.330448000000000,106.799999999999997,-9999.000000000000000,19.800000000000001,0.004536903586250,4.300000000000000,-9999.000000000000000,1.080000000000000,1.263924000000000,-9999.000000000000000,38.969999999999999,42.617592000000002,-0.001000000000000,-9999.000000000000000,-9999.000000000000000,0.010000000000000,0.120000000000000,0.159408000000000,6.200000000000000,-0.500000000000000,-9999.000000000000000,-9999.000000000000000,0.940000000000000,1.090024000000000,4.300000000000000,0.024971345381200,73.799999999999997,87.275823532499999,0.340000000000000,0.415174000000000,0.150000000000000,0.172650000000000,0.060000000000000,1.400000000000000,1.593060000000000,300.000000000000000,0.050041033647000,0.590000000000000,0.100000000000000,0.114210000000000,0.730000000000000,0.860847026304000,104.000000000000000,185.659251008000012,1.180000000000000,1.487980000000000,4.320000000000001,5.485968000000000,0.730000000000000,0.831251000000000,36.000000000000000,44.812800000000003,95.700000000000003,129.270345221000014
120.092207157528,-33.5514203714114,"9919957",ROCKC,"101425",GSRK0260,7.200000000000000,3880.000000000000000,0.733111510412000,28.100000000000001,6.320000000000000,-9999.000000000000000,143.000000000000000,159.658799098000003,0.400000000000000,2.560000000000000,-9999.000000000000000,-9999.000000000000000,390.000000000000000,0.054568274007000,0.100000000000000,12.000000000000000,14.740800000000000,-9999.000000000000000,52.299999999999997,-9999.000000000000000,91.000000000000000,133.001657405000003,0.900000000000000,0.954180000000000,10000.000000000000000,1.470000000000000,1.687119000000000,1.000000000000000,1.143500000000000,0.500000000000000,0.578950000000000,-9999.000000000000000,6580.000000000000000,-9999.000000000000000,0.846188000000000,-9999.000000000000000,12.430000000000000,16.708406000000000,1.350000000000000,1.556010000000000,0.190000000000000,-9999.000000000000000,-9999.000000000000000,1.870000000000000,-9999.000000000000000,0.300000000000000,0.343650000000000,-9999.000000000000000,0.758000000000000,-9999.000000000000000,1000.000000000000000,0.120460593120000,6.600000000000000,7.740480000000000,-9999.000000000000000,10.100000000000000,21.742270000000001,-9999.000000000000000,0.140000000000000,0.159194000000000,900.000000000000000,0.149244821208000,85.200000000000003,0.011001256364300,38.149999999999999,710.000000000000000,0.095705776180600,2.450000000000000,3.504725000000000,5.190000000000000,6.053616000000000,67.700000000000003,-9999.000000000000000,40.299999999999997,0.009234202753830,6.500000000000000,-9999.000000000000000,408.000000000000000,477.482399999999984,-9999.000000000000000,25.109999999999999,27.460296000000000,-0.001000000000000,-9999.000000000000000,-9999.000000000000000,0.060000000000000,0.240000000000000,0.318816000000000,6.900000000000000,8.100000000000000,-9999.000000000000000,-9999.000000000000000,1.190000000000000,1.379924000000000,7.700000000000000,0.149828072287000,600.000000000000000,709.559540914999957,0.240000000000000,0.293064000000000,0.220000000000000,0.253220000000000,2.020000000000000,1.300000000000000,1.479270000000000,170.000000000000000,0.028356585733300,0.420000000000000,0.130000000000000,0.148473000000000,1.480000000000000,1.745278902640000,72.000000000000000,128.533327621000012,1.690000000000000,2.131090000000000,6.940000000000000,8.813105999999999,0.870000000000000,0.990669000000000,26.000000000000000,32.364800000000002,69.400000000000006,93.744639062900006
120.092207157528,-33.5514203714114,"12153530",ROCKC,"114345",GSRK0259,0.740000000000000,8010.000000000000000,1.513459587220000,8.199999999999999,0.518000000000000,0.000000000000000,278.000000000000000,310.385637406999990,0.630000000000000,0.020000000000000,-9999.000000000000000,-9999.000000000000000,849.999959999999987,0.118930848008000,0.070000000000000,9.350000000000000,11.485540000000000,-9999.000000000000000,69.400000000000006,-9999.000000000000000,158.000000000000000,230.925954616000013,1.680000000000000,1.781136000000000,2261.699999999999818,0.980000000000000,1.124746000000000,0.590000030000000,0.674665034305000,0.440000030000000,0.509476034737000,-9999.000000000000000,7939.999600000000100,-9999.000000000000000,1.021083948560000,-9999.000000000000000,24.440000000000001,32.852248000000003,1.010000000000000,1.164126000000000,0.160000000000000,-9999.000000000000000,-9999.000000000000000,2.620000000000000,0.000000000000000,0.190000010000000,0.217645011455000,-9999.000000000000000,0.233000000000000,-9999.000000000000000,2750.000000000000000,0.331266631080000,4.900000000000000,5.746720000000000,-9999.000000000000000,21.399999999999999,46.067779999999999,-9999.000000000000000,0.130000010000000,0.147823011371000,1819.999900000000025,0.301806177416000,58.899999999999999,0.007605328636790,0.940000000000000,1360.000000000000000,0.183323740290000,4.240000000000000,6.065320000000000,4570.000000000000000,5330.448000000000320,106.799999999999997,-9999.000000000000000,19.800000000000001,0.004536903586250,4.300000000000000,0.000000000000000,1.080000000000000,1.263924000000000,0.000000000000000,38.969999999999999,42.617592000000002,-0.001000000000000,-9999.000000000000000,-9999.000000000000000,0.010000000000000,0.120000000000000,0.159408000000000,6.200000000000000,-0.500000000000000,0.000000000000000,-9999.000000000000000,0.940000060000000,1.090024069580000,4.300000000000000,0.024971345381200,73.799999999999997,87.275823532499999,0.340000000000000,0.415174000000000,0.150000000000000,0.172650000000000,0.060000000000000,1.400000000000000,1.593060000000000,300.000000000000000,0.050041033647000,0.590000000000000,0.100000000000000,0.114210000000000,0.730000000000000,0.860847026304000,104.000000000000000,185.659251008000012,1.180000000000000,1.487980000000000,4.320000000000001,5.485968000000000,0.730000000000000,0.831251000000000,36.000000000000000,44.812800000000003,95.700000000000003,129.270345221000014
120.092207157528,-33.5514203714114,"12153531",ROCKC,"114345",GSRK0260,7.210000000000000,3879.999899999999798,0.733111491517000,28.100000000000001,6.320000000000000,0.000000000000000,143.000000000000000,159.658799098000003,0.390000000000000,2.560000000000000,-9999.000000000000000,-9999.000000000000000,390.000000000000000,0.054568274007000,0.110000000000000,12.040001000000000,14.789937228399999,-9999.000000000000000,52.299999999999997,-9999.000000000000000,91.000000000000000,133.001657405000003,0.920000000000000,0.975384000000000,10000.000000000000000,1.470000000000000,1.687119000000000,0.830000040000000,0.949105045740000,0.460000000000000,0.532634000000000,-9999.000000000000000,6580.000000000000000,-9999.000000000000000,0.846188000000000,-9999.000000000000000,12.430000000000000,16.708406000000000,1.350000000000000,1.556010000000000,0.190000000000000,-9999.000000000000000,-9999.000000000000000,1.870000000000000,0.000000000000000,0.300000000000000,0.343650000000000,-9999.000000000000000,0.758000000000000,-9999.000000000000000,1000.000000000000000,0.120460593120000,6.600000400000000,7.740480469120000,-9999.000000000000000,10.100000000000000,21.742270000000001,-9999.000000000000000,0.140000000000000,0.159194000000000,900.000000000000000,0.149244821208000,85.200000000000003,0.011001256364300,38.149999999999999,710.000000000000000,0.095705776180600,2.450000000000000,3.504725000000000,5190.000000000000000,6053.615999999999985,67.700000000000003,-9999.000000000000000,40.299999999999997,0.009234202753830,6.500000000000000,0.000000000000000,1.300000100000000,1.521390117030000,0.000000000000000,25.109999999999999,27.460296000000000,-0.001000000000000,-9999.000000000000000,-9999.000000000000000,0.060000000000000,0.240000000000000,0.318816000000000,6.900000000000000,8.100000000000000,0.000000000000000,-9999.000000000000000,1.190000000000000,1.379924000000000,7.700000000000000,0.149828072287000,44.299999999999997,52.389146104200002,0.240000000000000,0.293064000000000,0.220000010000000,0.253220011510000,2.020000000000000,1.300000000000000,1.479270000000000,170.000000000000000,0.028356585733300,0.420000000000000,0.130000010000000,0.148473011421000,1.480000000000000,1.745278902640000,72.000000000000000,128.533327621000012,1.690000000000000,2.131090000000000,6.940000000000000,8.813105999999999,0.870000060000000,0.990669068322000,26.000000000000000,32.364800000000002,69.400000000000006,93.744639062900006
120.107285174801,-33.5512873705173,"9919969",ROCKC,"101425",GSRK0284,0.100000000000000,2010.000000000000000,0.379781993796000,40.200000000000003,-0.001000000000000,-9999.000000000000000,35.000000000000000,39.077328450499998,0.500000000000000,0.120000000000000,-9999.000000000000000,-9999.000000000000000,20.000000000000000,0.002798373026000,0.000000000000000,3.000000000000000,3.685200000000000,-9999.000000000000000,5.600000000000000,-9999.000000000000000,75.000000000000000,109.616750608999993,0.100000000000000,0.106020000000000,80.299999999999997,1.520000000000000,1.744504000000000,1.000000000000000,1.143500000000000,0.300000000000000,0.347370000000000,-9999.000000000000000,41300.000000000000000,-9999.000000000000000,5.311180000000000,-9999.000000000000000,3.590000000000000,4.825678000000000,1.070000000000000,1.233282000000000,0.190000000000000,-9999.000000000000000,-9999.000000000000000,0.530000000000000,-9999.000000000000000,0.320000000000000,0.366560000000000,-9999.000000000000000,0.029000000000000,-9999.000000000000000,20.000000000000000,0.002409211862400,3.000000000000000,3.518400000000000,-9999.000000000000000,1.200000000000000,2.583240000000000,-9999.000000000000000,0.160000000000000,0.181936000000000,10.000000000000000,0.001658275791200,38.200000000000003,0.004932488182100,1.290000000000000,10.000000000000000,0.001347968678600,1.090000000000000,1.559245000000000,2.760000000000000,3.219264000000000,21.000000000000000,-9999.000000000000000,21.800000000000001,0.004995176675770,9.699999999999999,-9999.000000000000000,0.610000000000000,0.713883000000000,-9999.000000000000000,1.060000000000000,1.159216000000000,-0.001000000000000,-9999.000000000000000,-9999.000000000000000,0.060000000000000,1.820000000000000,2.417688000000000,16.600000000000001,3.000000000000000,-9999.000000000000000,-9999.000000000000000,0.820000000000000,0.950872000000000,0.600000000000000,0.149828072287000,4.000000000000000,4.730396939430000,0.170000000000000,0.207587000000000,0.190000000000000,0.218690000000000,0.020000000000000,2.700000000000000,3.072330000000000,50.000000000000000,0.008340172274500,0.030000000000000,0.160000000000000,0.182736000000000,0.700000000000000,0.825469751251000,26.000000000000000,46.414812751900001,0.770000000000000,0.970970000000000,7.510000000000000,9.536949000000000,1.080000000000000,1.229796000000000,37.000000000000000,46.057600000000001,17.899999999999999,24.179092784200002
120.09506415987,-33.5509833727682,"9926014",ROCKC,"101503",GSRK0117,0.000000000000000,7170.000000000000000,1.354744724140000,1.200000000000000,-0.001000000000000,-9999.000000000000000,230.000000000000000,256.793872674999989,1.000000000000000,0.020000000000000,-9999.000000000000000,-9999.000000000000000,1080.000000000000000,0.151112143404000,0.080000000000000,21.899999999999999,26.901959999999999,-9999.000000000000000,24.000000000000000,-9999.000000000000000,41.000000000000000,59.923823666099999,1.000000000000000,1.060200000000000,42.100000000000001,1.690000000000000,1.939613000000000,0.980000000000000,1.120630000000000,0.720000000000000,0.833688000000000,-9999.000000000000000,5020.000000000000000,-9999.000000000000000,0.645572000000000,-9999.000000000000000,18.570000000000000,24.961794000000001,2.200000000000000,2.535720000000000,0.220000000000000,-9999.000000000000000,-9999.000000000000000,3.770000000000000,-9999.000000000000000,0.340000000000000,0.389470000000000,-9999.000000000000000,0.020000000000000,-9999.000000000000000,820.000000000000000,0.098777686358400,11.300000000000001,13.252640000000000,-9999.000000000000000,25.899999999999999,55.754930000000002,-9999.000000000000000,0.160000000000000,0.181936000000000,1890.000000000000000,0.313414124537000,40.100000000000001,0.005177821363930,0.650000000000000,2580.000000000000000,0.347775919079000,4.740000000000000,6.780570000000000,9.949999999999999,11.605680000000000,57.399999999999999,-9999.000000000000000,37.000000000000000,0.008478052156120,3.700000000000000,-9999.000000000000000,2.600000000000000,3.042780000000000,-9999.000000000000000,29.590000000000000,32.359623999999997,0.002000000000000,-9999.000000000000000,-9999.000000000000000,-0.010000000000000,0.070000000000000,0.092988000000000,9.199999999999999,-0.500000000000000,-9999.000000000000000,-9999.000000000000000,2.070000000000000,2.400372000000000,0.700000000000000,-9999.000000000000000,73.599999999999994,87.039303685600004,0.410000000000000,0.500651000000000,0.300000000000000,0.345300000000000,0.030000000000000,2.400000000000000,2.730960000000000,270.000000000000000,0.045036930282300,0.130000000000000,0.130000000000000,0.148473000000000,0.520000000000000,0.613206100929000,62.000000000000000,110.681476562000000,0.730000000000000,0.920530000000000,8.600000000000000,10.921139999999999,0.960000000000000,1.093152000000000,38.000000000000000,47.302399999999999,130.599999999999994,176.412822212999998
120.09506415987,-33.5509833727682,"12153487",ROCKC,"114345",GSRK0117,0.030000000000000,7169.999600000000100,1.354744648560000,1.200000000000000,0.000000000000000,0.000000000000000,230.000000000000000,256.793872674999989,0.600000000000000,0.020000000000000,-9999.000000000000000,-9999.000000000000000,1079.999900000000025,0.151112129412000,0.080000000000000,21.910001999999999,26.914246456800001,-9999.000000000000000,23.699999999999999,-9999.000000000000000,41.000000000000000,59.923823666099999,1.170000000000000,1.240434000000000,42.100000000000001,1.690000000000000,1.939613000000000,0.980000000000000,1.120630000000000,0.720000000000000,0.833688000000000,-9999.000000000000000,5020.000000000000000,-9999.000000000000000,0.645572000000000,-9999.000000000000000,18.570000000000000,24.961794000000001,2.200000000000000,2.535720000000000,0.220000000000000,-9999.000000000000000,-9999.000000000000000,3.770000000000000,0.000000000000000,0.340000000000000,0.389470000000000,-9999.000000000000000,0.020000000000000,-9999.000000000000000,820.000000000000000,0.098777686358400,11.300000000000001,13.252640000000000,-9999.000000000000000,25.899999999999999,55.754930000000002,-9999.000000000000000,0.160000010000000,0.181936011371000,1890.000000000000000,0.313414124537000,40.100000000000001,0.005177821363930,0.650000000000000,2580.000000000000000,0.347775919079000,4.740000000000000,6.780570000000000,9950.000000000000000,11605.680000000000291,57.399999999999999,-9999.000000000000000,37.000000000000000,0.008478052156120,3.700000000000000,0.000000000000000,2.600000100000000,3.042780117030000,0.000000000000000,29.590000000000000,32.359623999999997,0.002000000000000,-9999.000000000000000,-9999.000000000000000,0.000000000000000,0.070000000000000,0.092988000000000,9.199999999999999,-0.500000000000000,0.000000000000000,-9999.000000000000000,2.070000200000000,2.400372231920000,0.700000000000000,-9999.000000000000000,73.599999999999994,87.039303685600004,0.410000000000000,0.500651000000000,0.300000000000000,0.345300000000000,0.030000000000000,2.400000000000000,2.730960000000000,270.000000000000000,0.045036930282300,0.130000000000000,0.130000010000000,0.148473011421000,0.520000000000000,0.613206100929000,62.000000000000000,110.681476562000000,0.730000000000000,0.920530000000000,8.600000000000000,10.921139999999999,0.960000040000000,1.093152045550000,38.000000000000000,47.302399999999999,130.599999999999994,176.412822212999998
120.095010159806,-33.5509813727774,"9926015",ROCKC,"101503",GSRK0118,14.800000000000001,7180.000000000000000,1.356634186790000,4.700000000000000,0.786000000000000,-9999.000000000000000,148.000000000000000,165.241274591000007,0.000000000000000,0.790000000000000,-9999.000000000000000,-9999.000000000000000,40.000000000000000,0.005596746052000,0.130000000000000,7.800000000000000,9.581519999999999,-9999.000000000000000,93.000000000000000,-9999.000000000000000,200.000000000000000,292.311334956999985,2.000000000000000,2.120400000000000,10000.000000000000000,0.480000000000000,0.550896000000000,0.410000000000000,0.468835000000000,0.180000000000000,0.208422000000000,-9999.000000000000000,10750.000000000000000,-9999.000000000000000,1.382450000000000,-9999.000000000000000,37.200000000000003,50.004240000000003,0.500000000000000,0.576300000000000,0.160000000000000,-9999.000000000000000,-9999.000000000000000,1.400000000000000,-9999.000000000000000,0.110000000000000,0.126005000000000,-9999.000000000000000,0.783000000000000,-9999.000000000000000,1750.000000000000000,0.210806037960000,4.500000000000000,5.277600000000000,-9999.000000000000000,15.300000000000001,32.936309999999999,-9999.000000000000000,0.090000000000000,0.102339000000000,1490.000000000000000,0.247083092889000,16.300000000000001,0.002104700454660,0.870000000000000,130.000000000000000,0.017523592821800,4.180000000000000,5.979490000000000,2.720000000000000,3.172608000000000,71.799999999999997,-9999.000000000000000,22.199999999999999,0.005086831293670,4.600000000000000,-9999.000000000000000,0.820000000000000,0.959646000000000,-9999.000000000000000,55.979999999999997,61.219728000000003,0.002000000000000,-9999.000000000000000,-9999.000000000000000,0.050000000000000,0.070000000000000,0.092988000000000,19.899999999999999,1.500000000000000,-9999.000000000000000,-9999.000000000000000,0.520000000000000,0.602992000000000,4.700000000000000,0.124856726906000,21.899999999999999,25.898923243399999,0.310000000000000,0.378541000000000,0.070000000000000,0.080570000000000,1.450000000000000,0.200000000000000,0.227580000000000,490.000000000000000,0.081733688290100,0.300000000000000,0.060000000000000,0.068526000000000,2.100000000000000,2.476409253750000,152.000000000000000,271.348136087999990,1.860000000000000,2.345460000000000,3.160000000000000,4.012884000000000,0.540000000000000,0.614898000000000,46.000000000000000,57.260800000000003,41.399999999999999,55.922594484199998
120.095010159806,-33.5509813727774,"12153488",ROCKC,"114345",GSRK0118,14.830000000000000,7180.000000000000000,1.356634186790000,4.700000000000000,0.786000000000000,0.000000000000000,148.000000000000000,165.241274591000007,0.100000000000000,0.790000000000000,-9999.000000000000000,-9999.000000000000000,40.000000000000000,0.005596746052000,0.130000000000000,7.770000500000000,9.544668614200001,-9999.000000000000000,92.500000000000000,-9999.000000000000000,200.000000000000000,292.311334956999985,1.560000000000000,1.653912000000000,10000.000000000000000,0.480000020000000,0.550896022954000,0.410000030000000,0.468835034305000,0.180000000000000,0.208422000000000,-9999.000000000000000,10750.000000000000000,-9999.000000000000000,1.382450000000000,-9999.000000000000000,37.200000000000003,50.004240000000003,0.500000000000000,0.576300000000000,0.160000000000000,-9999.000000000000000,-9999.000000000000000,1.400000000000000,0.000000000000000,0.110000010000000,0.126005011455000,-9999.000000000000000,0.783000000000000,-9999.000000000000000,1750.000000000000000,0.210806037960000,4.500000000000000,5.277600000000000,-9999.000000000000000,15.300000000000001,32.936309999999999,-9999.000000000000000,0.090000000000000,0.102339000000000,1490.000000000000000,0.247083092889000,16.300000000000001,0.002104700454660,0.870000000000000,130.000000000000000,0.017523592821800,4.180000000000000,5.979490000000000,2720.000000000000000,3172.608000000000175,71.799999999999997,-9999.000000000000000,22.199999999999999,0.005086831293670,4.600000000000000,0.000000000000000,0.820000050000000,0.959646058515000,0.000000000000000,55.979999999999997,61.219728000000003,0.002000000000000,-9999.000000000000000,-9999.000000000000000,0.050000000000000,0.070000000000000,0.092988000000000,19.899999999999999,1.500000000000000,0.000000000000000,-9999.000000000000000,0.520000040000000,0.602992046384000,4.700000000000000,0.124856726906000,21.899999999999999,25.898923243399999,0.310000000000000,0.378541000000000,0.070000000000000,0.080570000000000,1.450000000000000,0.200000000000000,0.227580000000000,490.000000000000000,0.081733688290100,0.300000000000000,0.060000002000000,0.068526002284200,2.100000000000000,2.476409253750000,152.000000000000000,271.348136087999990,1.860000000000000,2.345460000000000,3.160000000000000,4.012884000000000,0.540000000000000,0.614898000000000,46.000000000000000,57.260800000000003,41.399999999999999,55.922594484199998
120.105039172244,-33.5508203709813,"12153369",ROCKC,"114345",BER001,18.800000000000001,0.000000000000000,-9999.000000000000000,8.000000000000000,0.870000000000000,0.000000000000000,0.000000000000000,-9999.000000000000000,0.000000000000000,0.000000000000000,-9999.000000000000000,-9999.000000000000000,0.000000000000000,-9999.000000000000000,0.000000000000000,0.000000000000000,-9999.000000000000000,-9999.000000000000000,0.000000000000000,-9999.000000000000000,0.000000000000000,-9999.000000000000000,0.000000000000000,-9999.000000000000000,49000.000000000000000,0.000000000000000,-9999.000000000000000,0.000000000000000,-9999.000000000000000,0.000000000000000,-9999.000000000000000,-9999.000000000000000,0.000000000000000,-9999.000000000000000,-9999.000000000000000,-9999.000000000000000,0.000000000000000,-9999.000000000000000,0.000000000000000,-9999.000000000000000,0.000000000000000,-9999.000000000000000,-9999.000000000000000,0.000000000000000,0.000000000000000,0.000000000000000,-9999.000000000000000,-9999.000000000000000,0.000000000000000,-9999.000000000000000,0.000000000000000,-9999.000000000000000,0.000000000000000,-9999.000000000000000,-9999.000000000000000,0.000000000000000,-9999.000000000000000,-9999.000000000000000,0.000000000000000,-9999.000000000000000,0.000000000000000,-9999.000000000000000,0.000000000000000,-9999.000000000000000,0.000000000000000,0.000000000000000,-9999.000000000000000,0.000000000000000,-9999.000000000000000,0.000000000000000,-9999.000000000000000,0.000000000000000,-9999.000000000000000,0.000000000000000,-9999.000000000000000,6.000000000000000,0.000000000000000,0.000000000000000,-9999.000000000000000,0.000000000000000,0.000000000000000,-9999.000000000000000,0.000000000000000,-9999.000000000000000,-9999.000000000000000,0.786900000000000,0.000000000000000,-9999.000000000000000,0.000000000000000,0.000000000000000,0.000000000000000,-9999.000000000000000,0.000000000000000,-9999.000000000000000,0.000000000000000,1.964995168040000,0.000000000000000,-9999.000000000000000,0.000000000000000,-9999.000000000000000,0.000000000000000,-9999.000000000000000,0.000000000000000,0.000000000000000,-9999.000000000000000,0.000000000000000,-9999.000000000000000,0.000000000000000,0.000000000000000,-9999.000000000000000,0.000000000000000,-9999.000000000000000,0.000000000000000,-9999.000000000000000,0.000000000000000,-9999.000000000000000,0.000000000000000,-9999.000000000000000,0.000000000000000,-9999.000000000000000,52.000000000000000,64.729600000000005,0.000000000000000,-9999.000000000000000
120.095702161149,-33.5505653725441,"9926007",ROCKC,"101503",GSRK0094,0.200000000000000,6130.000000000000000,1.158240607940000,-0.500000000000000,0.004000000000000,-9999.000000000000000,626.000000000000000,698.925931715000047,0.980000000000000,0.020000000000000,-9999.000000000000000,-9999.000000000000000,1240.000000000000000,0.173499127612000,0.080000000000000,9.840000000000000,12.087456000000000,-9999.000000000000000,16.800000000000001,-9999.000000000000000,68.000000000000000,99.385853885299994,1.160000000000000,1.229832000000000,36.399999999999999,1.230000000000000,1.411671000000000,0.820000000000000,0.937670000000000,0.460000000000000,0.532634000000000,-9999.000000000000000,3580.000000000000000,-9999.000000000000000,0.460388000000000,-9999.000000000000000,19.750000000000000,26.547950000000000,1.100000000000000,1.267860000000000,0.060000000000000,-9999.000000000000000,-9999.000000000000000,3.870000000000000,-9999.000000000000000,0.270000000000000,0.309285000000000,-9999.000000000000000,0.042000000000000,-9999.000000000000000,2080.000000000000000,0.250558033690000,4.000000000000000,4.691200000000000,-9999.000000000000000,43.200000000000003,92.996639999999999,-9999.000000000000000,0.150000000000000,0.170565000000000,1410.000000000000000,0.233816886559000,44.600000000000001,0.005758873636690,0.800000000000000,2760.000000000000000,0.372039355294000,5.600000000000000,8.010800000000000,3.990000000000000,4.653936000000000,57.700000000000003,-9999.000000000000000,39.699998000000001,0.009096720368700,4.000000000000000,-9999.000000000000000,1.060000000000000,1.240518000000000,-9999.000000000000000,54.930000000000000,60.071447999999997,0.002000000000000,-9999.000000000000000,-9999.000000000000000,-0.010000000000000,-0.050000000000000,-9999.000000000000000,8.000000000000000,-0.500000000000000,-9999.000000000000000,-9999.000000000000000,0.990000000000000,1.148004000000000,3.400000000000000,-9999.000000000000000,89.900000000000006,106.315671214000005,0.430000000000000,0.525073000000000,0.190000000000000,0.218690000000000,0.010000000000000,1.800000000000000,2.048220000000000,260.000000000000000,0.043368895827400,0.180000000000000,0.130000000000000,0.148473000000000,0.510000000000000,0.601413675911000,66.000000000000000,117.822216986000001,1.620000000000000,2.042820000000000,6.640000000000000,8.432136000000000,0.920000000000000,1.047604000000000,52.000000000000000,64.729600000000005,148.199999999999989,200.186678806000003
120.095702161149,-33.5505653725441,"9926008",ROCKC,"101503",GSRK0095,39.640000000000001,580.000000000000000,0.109588834031000,4.900000000000000,0.129000000000000,-9999.000000000000000,21.000000000000000,23.446397070300002,0.110000000000000,2.600000000000000,-9999.000000000000000,-9999.000000000000000,240.000000000000000,0.033580476312000,0.150000000000000,40.250000000000000,49.443100000000001,-9999.000000000000000,443.000000000000000,-9999.000000000000000,23.000000000000000,33.615803520000000,0.230000000000000,0.243846000000000,10000.000000000000000,2.080000000000000,2.387216000000000,0.910000000000000,1.040585000000000,1.440000000000000,1.667376000000000,-9999.000000000000000,13380.000000000000000,-9999.000000000000000,1.720668000000000,-9999.000000000000000,2.390000000000000,3.212638000000000,2.720000000000000,3.135072000000000,0.330000000000000,-9999.000000000000000,-9999.000000000000000,0.180000000000000,-9999.000000000000000,0.370000000000000,0.423835000000000,-9999.000000000000000,0.406000000000000,-9999.000000000000000,40.000000000000000,0.004818423724800,29.500000000000000,34.597600000000000,-9999.000000000000000,4.600000000000000,9.902419999999999,-9999.000000000000000,0.070000000000000,0.079597000000000,18330.000000000000000,3.039619525270000,14.199999999999999,0.001833542727380,18.570000000000000,60.000000000000000,0.008087812071600,0.340000000000000,0.486370000000000,14.449999999999999,16.854479999999999,1361.400000000000091,-9999.000000000000000,11.299999000000000,0.002589242726650,12.900000000000000,-9999.000000000000000,111.000000000000000,129.903300000000002,-9999.000000000000000,2.270000000000000,2.482472000000000,0.003000000000000,-9999.000000000000000,-9999.000000000000000,0.310000000000000,0.550000000000000,0.730620000000000,5.000000000000000,7.900000000000000,-9999.000000000000000,-9999.000000000000000,3.050000000000000,3.536780000000000,3.600000000000000,0.774111706816000,3200.000000000000000,3784.317551550000189,0.020000000000000,0.024422000000000,0.360000000000000,0.414360000000000,1.850000000000000,0.300000000000000,0.341370000000000,20.000000000000000,0.003336068909800,0.250000000000000,0.120000000000000,0.137052000000000,0.470000000000000,0.554243975840000,18.000000000000000,32.133331905200002,1.540000000000000,1.941940000000000,8.529999999999999,10.832247000000001,0.630000000000000,0.717381000000000,31.000000000000000,38.588799999999999,6.900000000000000,9.320432414030000
120.095702161149,-33.5505653725441,"12153480",ROCKC,"114345",GSRK0094,0.200000000000000,6129.999600000000100,1.158240532370000,-0.500000000000000,0.004000000000000,0.000000000000000,626.000000000000000,698.925931715000047,0.980000000000000,0.020000000000000,-9999.000000000000000,-9999.000000000000000,1240.000000000000000,0.173499127612000,0.080000000000000,9.840000000000000,12.087456000000000,-9999.000000000000000,16.800000000000001,-9999.000000000000000,68.000000000000000,99.385853885299994,1.160000000000000,1.229832000000000,36.399999999999999,1.230000000000000,1.411671000000000,0.820000050000000,0.937670057175000,0.460000000000000,0.532634000000000,-9999.000000000000000,3580.000000000000000,-9999.000000000000000,0.460388000000000,-9999.000000000000000,19.750000000000000,26.547950000000000,1.100000000000000,1.267860000000000,0.060000000000000,-9999.000000000000000,-9999.000000000000000,3.870000000000000,0.000000000000000,0.270000000000000,0.309285000000000,-9999.000000000000000,0.042000000000000,-9999.000000000000000,2080.000000000000000,0.250558033690000,4.000000000000000,4.691200000000000,-9999.000000000000000,43.200000000000003,92.996639999999999,-9999.000000000000000,0.150000000000000,0.170565000000000,1410.000000000000000,0.233816886559000,44.600000000000001,0.005758873636690,0.800000000000000,2760.000000000000000,0.372039355294000,5.600000000000000,8.010800000000000,3990.000000000000000,4653.935999999999694,57.700000000000003,-9999.000000000000000,39.699998000000001,0.009096720368700,4.000000000000000,0.000000000000000,1.060000100000000,1.240518117030000,0.000000000000000,54.930000000000000,60.071447999999997,0.002000000000000,-9999.000000000000000,-9999.000000000000000,0.000000000000000,-0.050000000000000,-9999.000000000000000,8.000000000000000,-0.500000000000000,0.000000000000000,-9999.000000000000000,0.990000070000000,1.148004081170000,3.400000000000000,-9999.000000000000000,89.900000000000006,106.315671214000005,0.430000000000000,0.525073000000000,0.190000010000000,0.218690011510000,0.010000000000000,1.800000000000000,2.048220000000000,260.000000000000000,0.043368895827400,0.180000000000000,0.130000010000000,0.148473011421000,0.510000000000000,0.601413675911000,66.000000000000000,117.822216986000001,1.620000000000000,2.042820000000000,6.640000000000000,8.432136000000000,0.920000000000000,1.047604000000000,52.000000000000000,64.729600000000005,148.199999999999989,200.186678806000003
120.095702161149,-33.5505653725441,"12153481",ROCKC,"114345",GSRK0095,39.640000000000001,580.000000000000000,0.109588834031000,4.900000000000000,0.129000000000000,0.000000000000000,21.000000000000000,23.446397070300002,0.110000000000000,2.600000000000000,-9999.000000000000000,-9999.000000000000000,240.000000000000000,0.033580476312000,0.150000000000000,40.250003999999997,49.443104913600003,-9999.000000000000000,443.000000000000000,-9999.000000000000000,23.000000000000000,33.615803520000000,0.230000000000000,0.243846000000000,10000.000000000000000,2.080000200000000,2.387216229540000,0.910000000000000,1.040585000000000,1.440000000000000,1.667376000000000,-9999.000000000000000,13380.000000000000000,-9999.000000000000000,1.720668000000000,-9999.000000000000000,2.390000000000000,3.212638000000000,2.720000000000000,3.135072000000000,0.330000000000000,-9999.000000000000000,-9999.000000000000000,0.180000000000000,0.000000000000000,0.370000000000000,0.423835000000000,-9999.000000000000000,0.406000000000000,-9999.000000000000000,40.000000000000000,0.004818423724800,29.500001999999999,34.597602345600002,-9999.000000000000000,4.600000000000000,9.902419999999999,-9999.000000000000000,0.070000000000000,0.079597000000000,18330.000000000000000,3.039619525270000,14.199999999999999,0.001833542727380,18.570000000000000,60.000000000000000,0.008087812071600,0.340000000000000,0.486370000000000,14450.000000000000000,16854.479999999999563,1361.400000000000091,-9999.000000000000000,11.299999000000000,0.002589242726650,12.900000000000000,0.000000000000000,4.220000300000000,4.938666351090000,0.000000000000000,2.270000000000000,2.482472000000000,0.003000000000000,-9999.000000000000000,-9999.000000000000000,0.310000000000000,0.550000000000000,0.730620000000000,5.000000000000000,7.900000000000000,0.000000000000000,-9999.000000000000000,3.050000200000000,3.536780231920000,3.600000000000000,0.774111706816000,14.300000000000001,16.911169058500001,0.020000000000000,0.024422000000000,0.360000000000000,0.414360000000000,1.850000000000000,0.300000000000000,0.341370000000000,20.000000000000000,0.003336068909800,0.250000000000000,0.120000005000000,0.137052005710000,0.470000000000000,0.554243975840000,18.000000000000000,32.133331905200002,1.540000000000000,1.941940000000000,8.529999999999999,10.832247000000001,0.630000050000000,0.717381056935000,31.000000000000000,38.588799999999999,6.900000000000000,9.320432414030000
120.091915158535,-33.5504853710767,"9919958",ROCKC,"101425",GSRK0261,0.100000000000000,7670.000000000000000,1.449217856920000,3.500000000000000,0.051000000000000,-9999.000000000000000,99.000000000000000,110.533014760000000,0.300000000000000,0.320000000000000,-9999.000000000000000,-9999.000000000000000,7680.000000000000000,1.074575241980000,0.100000000000000,3.000000000000000,3.685200000000000,-9999.000000000000000,42.899999999999999,-9999.000000000000000,147.000000000000000,214.848831192999995,0.700000000000000,0.742140000000000,203.099999999999994,1.750000000000000,2.008475000000000,1.000000000000000,1.143500000000000,0.400000000000000,0.463160000000000,-9999.000000000000000,8410.000000000000000,-9999.000000000000000,1.081526000000000,-9999.000000000000000,14.350000000000000,19.289269999999998,1.450000000000000,1.671270000000000,0.070000000000000,-9999.000000000000000,-9999.000000000000000,0.590000000000000,-9999.000000000000000,0.350000000000000,0.400925000000000,-9999.000000000000000,0.048000000000000,-9999.000000000000000,630.000000000000000,0.075890173665600,1.600000000000000,1.876480000000000,-9999.000000000000000,13.199999999999999,28.415640000000000,-9999.000000000000000,0.160000000000000,0.181936000000000,4070.000000000000000,0.674918247018000,139.900000000000006,0.018064269546500,0.450000000000000,1150.000000000000000,0.155016398039000,1.730000000000000,2.474765000000000,3.170000000000000,3.697488000000000,86.900000000000006,-9999.000000000000000,21.899999999999999,0.005018090330240,3.300000000000000,-9999.000000000000000,0.590000000000000,0.690477000000000,-9999.000000000000000,9.710000000000001,10.618855999999999,-0.001000000000000,-9999.000000000000000,-9999.000000000000000,-0.010000000000000,0.320000000000000,0.425088000000000,30.699999999999999,-0.500000000000000,-9999.000000000000000,-9999.000000000000000,1.020000000000000,1.182792000000000,0.600000000000000,-9999.000000000000000,70.299999999999997,83.136726210500001,0.170000000000000,0.207587000000000,0.240000000000000,0.276240000000000,0.130000000000000,0.100000000000000,0.113790000000000,360.000000000000000,0.060049240376400,0.120000000000000,0.150000000000000,0.171315000000000,0.070000000000000,0.082546975125100,238.000000000000000,424.874055191000025,0.430000000000000,0.542230000000000,7.700000000000000,9.778230000000001,1.090000000000000,1.241183000000000,56.000000000000000,69.708799999999997,16.899999999999999,22.828305477800001
120.091915158535,-33.5504853710767,"12153532",ROCKC,"114345",GSRK0261,0.080000000000000,7669.999600000000100,1.449217781340000,3.500000000000000,0.051000000000000,0.000000000000000,99.000000000000000,110.533014760000000,0.330000000000000,0.320000000000000,-9999.000000000000000,-9999.000000000000000,7680.000000000000000,1.074575241980000,0.070000000000000,3.460000300000000,4.250264368520000,-9999.000000000000000,42.899999999999999,-9999.000000000000000,147.000000000000000,214.848831192999995,0.660000000000000,0.699732000000000,203.099999999999994,1.750000100000000,2.008475114770000,1.060000100000000,1.212110114350000,0.410000030000000,0.474739034737000,-9999.000000000000000,8410.000000000000000,-9999.000000000000000,1.081526000000000,-9999.000000000000000,14.350000000000000,19.289269999999998,1.450000000000000,1.671270000000000,0.070000000000000,-9999.000000000000000,-9999.000000000000000,0.590000000000000,0.000000000000000,0.350000020000000,0.400925022910000,-9999.000000000000000,0.048000000000000,-9999.000000000000000,630.000000000000000,0.075890173665600,1.600000000000000,1.876480000000000,-9999.000000000000000,13.199999999999999,28.415640000000000,-9999.000000000000000,0.160000010000000,0.181936011371000,4069.999699999999848,0.674918197270000,139.900000000000006,0.018064269546500,0.450000000000000,1150.000000000000000,0.155016398039000,1.730000000000000,2.474765000000000,3170.000000000000000,3697.487999999999829,86.900000000000006,-9999.000000000000000,21.899999999999999,0.005018090330240,3.300000000000000,0.000000000000000,0.590000030000000,0.690477035109000,0.000000000000000,9.710000000000001,10.618855999999999,-0.001000000000000,-9999.000000000000000,-9999.000000000000000,0.000000000000000,0.320000000000000,0.425088000000000,30.699999999999999,-0.500000000000000,0.000000000000000,-9999.000000000000000,1.020000100000000,1.182792115960000,0.600000000000000,-9999.000000000000000,70.299999999999997,83.136726210500001,0.170000000000000,0.207587000000000,0.240000010000000,0.276240011510000,0.130000000000000,0.100000000000000,0.113790000000000,360.000000000000000,0.060049240376400,0.120000000000000,0.150000000000000,0.171315000000000,0.070000000000000,0.082546975125100,238.000000000000000,424.874055191000025,0.430000000000000,0.542230000000000,7.700000000000000,9.778230000000001,1.090000000000000,1.241183000000000,56.000000000000000,69.708799999999997,16.899999999999999,22.828305477800001
120.092135158857,-33.5503373711582,"9919959",ROCKC,"101425",GSRK0262,-0.010000000000000,5320.000000000000000,1.005194132830000,1.700000000000000,0.014000000000000,-9999.000000000000000,173.000000000000000,193.153652055000009,0.600000000000000,0.030000000000000,-9999.000000000000000,-9999.000000000000000,1600.000000000000000,0.223869842080000,0.000000000000000,12.000000000000000,14.740800000000000,-9999.000000000000000,15.400000000000000,-9999.000000000000000,60.000000000000000,87.693400487000005,2.400000000000000,2.544480000000000,177.099999999999994,0.630000000000000,0.723051000000000,0.000000000000000,-9999.000000000000000,0.300000000000000,0.347370000000000,-9999.000000000000000,3690.000000000000000,-9999.000000000000000,0.474534000000000,-9999.000000000000000,17.120000000000001,23.012703999999999,0.960000000000000,1.106496000000000,0.090000000000000,-9999.000000000000000,-9999.000000000000000,1.760000000000000,-9999.000000000000000,0.120000000000000,0.137460000000000,-9999.000000000000000,0.021000000000000,-9999.000000000000000,1990.000000000000000,0.239716580309000,5.800000000000000,6.802240000000000,-9999.000000000000000,56.299999999999997,121.197010000000006,-9999.000000000000000,0.050000000000000,0.056855000000000,1430.000000000000000,0.237133438142000,46.099997999999999,0.005952557469360,0.810000000000000,1870.000000000000000,0.252070142898000,2.960000000000000,4.234280000000000,5.180000000000000,6.041952000000000,60.399999999999999,-9999.000000000000000,36.100000000000001,0.008271829265840,3.100000000000000,-9999.000000000000000,1.250000000000000,1.462875000000000,-9999.000000000000000,40.390000000000001,44.170504000000001,-0.001000000000000,-9999.000000000000000,-9999.000000000000000,-0.010000000000000,0.680000000000000,0.903312000000000,6.000000000000000,-0.500000000000000,-9999.000000000000000,-9999.000000000000000,1.210000000000000,1.403116000000000,0.900000000000000,-9999.000000000000000,70.700000000000003,83.609765904499994,0.220000000000000,0.268642000000000,0.120000000000000,0.138120000000000,-0.010000000000000,1.200000000000000,1.365480000000000,260.000000000000000,0.043368895827400,0.170000000000000,0.050000000000000,0.057105000000000,0.300000000000000,0.353772750536000,83.000000000000000,148.170363785000006,0.900000000000000,1.134900000000000,3.080000000000000,3.911292000000000,0.320000000000000,0.364384000000000,25.000000000000000,31.120000000000001,63.299999999999997,85.504836494000003
120.092135158857,-33.5503373711582,"12153533",ROCKC,"114345",GSRK0262,-0.010000000000000,5319.999700000000303,1.005194076150000,1.700000000000000,0.014000000000000,0.000000000000000,173.000000000000000,193.153652055000009,0.580000000000000,0.030000000000000,-9999.000000000000000,-9999.000000000000000,1599.999900000000025,0.223869828088000,0.030000000000000,11.670000999999999,14.335429228400001,-9999.000000000000000,15.400000000000000,-9999.000000000000000,60.000000000000000,87.693400487000005,2.380000000000000,2.523276000000000,177.099999999999994,0.630000050000000,0.723051057385000,0.320000020000000,0.365920022870000,0.310000000000000,0.358949000000000,-9999.000000000000000,3689.999800000000050,-9999.000000000000000,0.474533974280000,-9999.000000000000000,17.120000000000001,23.012703999999999,0.960000040000000,1.106496046100000,0.090000000000000,-9999.000000000000000,-9999.000000000000000,1.760000000000000,0.000000000000000,0.120000005000000,0.137460005728000,-9999.000000000000000,0.021000000000000,-9999.000000000000000,1989.999900000000025,0.239716568263000,5.800000000000000,6.802240000000000,-9999.000000000000000,56.299999999999997,121.197010000000006,-9999.000000000000000,0.050000000000000,0.056855000000000,1430.000000000000000,0.237133438142000,46.099997999999999,0.005952557469360,0.810000000000000,1870.000000000000000,0.252070142898000,2.960000000000000,4.234280000000000,5180.000000000000000,6041.952000000000226,60.399999999999999,-9999.000000000000000,36.100000000000001,0.008271829265840,3.100000000000000,0.000000000000000,1.250000000000000,1.462875000000000,0.000000000000000,40.390000000000001,44.170504000000001,-0.001000000000000,-9999.000000000000000,-9999.000000000000000,0.000000000000000,0.680000000000000,0.903312000000000,6.000000000000000,-0.500000000000000,0.000000000000000,-9999.000000000000000,1.210000000000000,1.403116000000000,0.900000000000000,-9999.000000000000000,70.700000000000003,83.609765904499994,0.220000000000000,0.268642000000000,0.120000005000000,0.138120005755000,-0.010000000000000,1.200000000000000,1.365480000000000,260.000000000000000,0.043368895827400,0.170000000000000,0.050000000000000,0.057105000000000,0.300000000000000,0.353772750536000,83.000000000000000,148.170363785000006,0.900000000000000,1.134900000000000,3.080000000000000,3.911292000000000,0.320000020000000,0.364384022774000,25.000000000000000,31.120000000000001,63.299999999999997,85.504836494000003
120.094367160332,-33.5502363722455,"9926016",ROCKC,"101503",GSRK0119,0.400000000000000,8470.000000000000000,1.600374869380000,3.700000000000000,0.041000000000000,-9999.000000000000000,377.000000000000000,420.918652167000005,0.000000000000000,0.080000000000000,-9999.000000000000000,-9999.000000000000000,460.000000000000000,0.064362579598000,0.370000000000000,31.600000000000001,38.817439999999998,-9999.000000000000000,241.000000000000000,-9999.000000000000000,97.000000000000000,141.770997453999996,2.000000000000000,2.120400000000000,2473.900000000000091,3.340000000000000,3.833318000000000,1.790000000000000,2.046865000000000,0.980000000000000,1.134742000000000,-9999.000000000000000,15870.000000000000000,-9999.000000000000000,2.040882000000000,-9999.000000000000000,30.690000000000001,41.253498000000000,3.320000000000000,3.826632000000000,0.080000000000000,-9999.000000000000000,-9999.000000000000000,2.850000000000000,-9999.000000000000000,0.650000000000000,0.744575000000000,-9999.000000000000000,0.054000000000000,-9999.000000000000000,1610.000000000000000,0.193941554923000,15.800000000000001,18.530239999999999,-9999.000000000000000,50.100000000000001,107.850269999999995,-9999.000000000000000,0.280000000000000,0.318388000000000,3720.000000000000000,0.616878594326000,92.099993999999995,0.011892202407800,30.210000000000001,1160.000000000000000,0.156364366718000,5.070000000000000,7.252635000000000,11.640000000000001,13.576896000000000,160.599999999999994,-9999.000000000000000,19.899999999999999,0.004559817240720,4.900000000000000,-9999.000000000000000,198.000000000000000,231.719400000000007,-9999.000000000000000,69.250000000000000,75.731800000000007,0.003000000000000,-9999.000000000000000,-9999.000000000000000,0.110000000000000,0.120000000000000,0.159408000000000,20.800000000000001,0.900000000000000,-9999.000000000000000,-9999.000000000000000,2.790000000000000,3.235284000000000,2.200000000000000,0.274684799193000,1100.000000000000000,1300.859158340000022,0.450000000000000,0.549495000000000,0.530000000000000,0.610030000000000,0.170000000000000,1.800000000000000,2.048220000000000,430.000000000000000,0.071725481560700,0.210000000000000,0.230000000000000,0.262683000000000,2.190000000000000,2.582541078910000,181.000000000000000,323.118504158000007,0.980000000000000,1.235780000000000,15.699999999999999,19.937429999999999,1.750000000000000,1.992725000000000,149.000000000000000,185.475200000000001,101.900000000000006,137.645226519999994
120.094367160332,-33.5502363722455,"9926017",ROCKC,"101503",GSRK0120,0.100000000000000,8570.000000000000000,1.619269495930000,2.200000000000000,0.042000000000000,-9999.000000000000000,177.000000000000000,197.619632450000012,0.000000000000000,0.190000000000000,-9999.000000000000000,-9999.000000000000000,5160.000000000000000,0.721980240708000,0.350000000000000,4.300000000000000,5.282120000000000,-9999.000000000000000,81.000000000000000,-9999.000000000000000,208.000000000000000,304.003788354999983,1.000000000000000,1.060200000000000,651.899999999999977,3.170000000000000,3.638209000000000,2.000000000000000,2.287000000000000,0.830000000000000,0.961057000000000,-9999.000000000000000,12720.000000000000000,-9999.000000000000000,1.635792000000000,-9999.000000000000000,21.070000000000000,28.322293999999999,2.720000000000000,3.135072000000000,-0.050000000000000,-9999.000000000000000,-9999.000000000000000,1.240000000000000,-9999.000000000000000,0.700000000000000,0.801850000000000,-9999.000000000000000,0.132000000000000,-9999.000000000000000,1400.000000000000000,0.168644830368000,1.600000000000000,1.876480000000000,-9999.000000000000000,37.000000000000000,79.649900000000002,-9999.000000000000000,0.280000000000000,0.318388000000000,4680.000000000000000,0.776073070282000,118.599996000000004,0.015313954938900,0.240000000000000,1120.000000000000000,0.150972492003000,2.050000000000000,2.932525000000000,4.300000000000000,5.015520000000000,116.099999999999994,-9999.000000000000000,24.000000000000000,0.005499277074240,1.700000000000000,-9999.000000000000000,0.750000000000000,0.877725000000000,-9999.000000000000000,52.630000000000003,57.556168000000000,0.002000000000000,-9999.000000000000000,-9999.000000000000000,0.070000000000000,0.140000000000000,0.185976000000000,38.100000000000001,-0.500000000000000,-9999.000000000000000,-9999.000000000000000,1.680000000000000,1.948128000000000,4.200000000000000,0.174799417668000,40.000000000000000,47.303969394299997,0.260000000000000,0.317486000000000,0.470000000000000,0.540970000000000,0.090000000000000,0.200000000000000,0.227580000000000,550.000000000000000,0.091741895019500,0.190000000000000,0.280000000000000,0.319788000000000,0.240000000000000,0.283018200429000,267.000000000000000,476.644423259999996,0.350000000000000,0.441350000000000,18.430000000000000,23.404257000000001,1.930000000000000,2.197691000000000,137.000000000000000,170.537599999999998,41.500000000000000,56.057673214799998
120.094367160332,-33.5502363722455,"9926018",ROCKC,"101503",GSRK0121,-0.010000000000000,7440.000000000000000,1.405760215840000,3.000000000000000,0.013000000000000,-9999.000000000000000,285.000000000000000,318.201103096999987,0.000000000000000,0.050000000000000,-9999.000000000000000,-9999.000000000000000,360.000000000000000,0.050370714468000,0.280000000000000,33.500000000000000,41.151400000000002,-9999.000000000000000,66.000000000000000,-9999.000000000000000,29.000000000000000,42.385143568700002,3.000000000000000,3.180600000000000,595.600000000000023,2.900000000000000,3.328330000000000,1.440000000000000,1.646640000000000,1.070000000000000,1.238953000000000,-9999.000000000000000,9440.000000000000000,-9999.000000000000000,1.213984000000000,-9999.000000000000000,22.510000000000002,30.257942000000000,3.500000000000000,4.034100000000000,0.080000000000000,-9999.000000000000000,-9999.000000000000000,3.090000000000000,-9999.000000000000000,0.520000000000000,0.595660000000000,-9999.000000000000000,0.031000000000000,-9999.000000000000000,2460.000000000000000,0.296333059075000,18.899999999999999,22.165920000000000,-9999.000000000000000,64.700000000000003,139.279689999999988,-9999.000000000000000,0.210000000000000,0.238791000000000,2660.000000000000000,0.441101360459000,92.999994999999998,0.012008412991400,1.800000000000000,440.000000000000000,0.059310621858400,4.290000000000000,6.136845000000000,14.560000000000000,16.982783999999999,121.000000000000000,-9999.000000000000000,27.899999999999999,0.006392909598800,2.100000000000000,-9999.000000000000000,3.890000000000000,4.552467000000000,-9999.000000000000000,88.209999999999994,96.466455999999994,0.002000000000000,-9999.000000000000000,-9999.000000000000000,0.130000000000000,0.070000000000000,0.092988000000000,12.400000000000000,-0.500000000000000,-9999.000000000000000,-9999.000000000000000,3.220000000000000,3.733912000000000,1.000000000000000,0.324627489955000,31.100000000000001,36.778836204100003,0.360000000000000,0.439596000000000,0.490000000000000,0.563990000000000,0.030000000000000,3.800000000000000,4.324020000000000,300.000000000000000,0.050041033647000,0.320000000000000,0.190000000000000,0.216999000000000,1.070000000000000,1.261789476910000,93.000000000000000,166.022214843000000,0.490000000000000,0.617890000000000,13.670000000000000,17.359532999999999,1.390000000000000,1.582793000000000,56.000000000000000,69.708799999999997,115.200000000000003,155.610697694999999
120.094367160332,-33.5502363722455,"12153489",ROCKC,"114345",GSRK0119,0.400000000000000,8469.998999999999796,1.600374680430000,3.700000000000000,0.041000000000000,0.000000000000000,377.000000000000000,420.918652167000005,0.380000000000000,0.080000000000000,-9999.000000000000000,-9999.000000000000000,459.999979999999994,0.064362576799600,0.370000000000000,31.560001000000000,38.768305228400003,-9999.000000000000000,240.500000000000000,-9999.000000000000000,97.000000000000000,141.770997453999996,2.220000000000000,2.353644000000000,2473.900000000000091,3.340000200000000,3.833318229540000,1.790000100000000,2.046865114350000,0.980000000000000,1.134742000000000,-9999.000000000000000,15870.000000000000000,-9999.000000000000000,2.040882000000000,-9999.000000000000000,30.690000000000001,41.253498000000000,3.320000200000000,3.826632230520000,0.080000000000000,-9999.000000000000000,-9999.000000000000000,2.850000000000000,0.000000000000000,0.650000040000000,0.744575045820000,-9999.000000000000000,0.054000000000000,-9999.000000000000000,1610.000000000000000,0.193941554923000,15.800001000000000,18.530241172800000,-9999.000000000000000,50.100000000000001,107.850269999999995,-9999.000000000000000,0.280000000000000,0.318388000000000,3719.999800000000050,0.616878561161000,92.099993999999995,0.011892202407800,30.210000000000001,1160.000000000000000,0.156364366718000,5.070000000000000,7.252635000000000,11640.000000000000000,13576.896000000000640,160.599999999999994,-9999.000000000000000,19.899999999999999,0.004559817240720,4.900000000000000,0.000000000000000,2.990000200000000,3.499197234060000,0.000000000000000,69.250000000000000,75.731800000000007,0.003000000000000,-9999.000000000000000,-9999.000000000000000,0.110000000000000,0.120000000000000,0.159408000000000,20.800000000000001,0.900000000000000,0.000000000000000,-9999.000000000000000,2.790000200000000,3.235284231920000,2.200000000000000,0.274684799193000,58.799999999999997,69.536835009699999,0.450000000000000,0.549495000000000,0.530000030000000,0.610030034530000,0.170000000000000,1.800000000000000,2.048220000000000,430.000000000000000,0.071725481560700,0.210000000000000,0.230000000000000,0.262683000000000,2.190000000000000,2.582541078910000,181.000000000000000,323.118504158000007,0.980000000000000,1.235780000000000,15.699999999999999,19.937429999999999,1.750000100000000,1.992725113870000,149.000000000000000,185.475200000000001,101.900000000000006,137.645226519999994
120.094367160332,-33.5502363722455,"12153490",ROCKC,"114345",GSRK0120,0.080000000000000,8570.000000000000000,1.619269495930000,2.200000000000000,0.042000000000000,0.000000000000000,177.000000000000000,197.619632450000012,0.300000000000000,0.190000000000000,-9999.000000000000000,-9999.000000000000000,5160.000000000000000,0.721980240708000,0.350000000000000,4.290000400000001,5.269836491360000,-9999.000000000000000,81.000000000000000,-9999.000000000000000,208.000000000000000,304.003788354999983,1.020000000000000,1.081404000000000,651.899999999999977,3.170000000000000,3.638209000000000,2.000000000000000,2.287000000000000,0.830000040000000,0.961057046316000,-9999.000000000000000,12719.998999999999796,-9999.000000000000000,1.635791871400000,-9999.000000000000000,21.070000000000000,28.322293999999999,2.720000000000000,3.135072000000000,-0.050000000000000,-9999.000000000000000,-9999.000000000000000,1.240000000000000,0.000000000000000,0.700000050000000,0.801850057275000,-9999.000000000000000,0.132000000000000,-9999.000000000000000,1400.000000000000000,0.168644830368000,1.600000000000000,1.876480000000000,-9999.000000000000000,37.000000000000000,79.649900000000002,-9999.000000000000000,0.280000000000000,0.318388000000000,4680.000000000000000,0.776073070282000,118.599996000000004,0.015313954938900,0.240000000000000,1120.000000000000000,0.150972492003000,2.050000000000000,2.932525000000000,4300.000000000000000,5015.520000000000437,116.099999999999994,-9999.000000000000000,24.000000000000000,0.005499277074240,1.700000000000000,0.000000000000000,0.750000060000000,0.877725070218000,0.000000000000000,52.630000000000003,57.556168000000000,0.002000000000000,-9999.000000000000000,-9999.000000000000000,0.070000000000000,0.140000000000000,0.185976000000000,38.100000000000001,-0.500000000000000,0.000000000000000,-9999.000000000000000,1.680000100000000,1.948128115960000,4.200000000000000,0.174799417668000,40.000000000000000,47.303969394299997,0.260000000000000,0.317486000000000,0.470000030000000,0.540970034530000,0.090000000000000,0.200000000000000,0.227580000000000,550.000000000000000,0.091741895019500,0.190000000000000,0.280000000000000,0.319788000000000,0.240000000000000,0.283018200429000,267.000000000000000,476.644423259999996,0.350000000000000,0.441350000000000,18.430000000000000,23.404257000000001,1.930000100000000,2.197691113870000,137.000000000000000,170.537599999999998,41.500000000000000,56.057673214799998
120.094367160332,-33.5502363722455,"12153491",ROCKC,"114345",GSRK0121,-0.010000000000000,7439.999600000000100,1.405760140260000,3.000000000000000,0.013000000000000,0.000000000000000,285.000000000000000,318.201103096999987,0.340000000000000,0.050000000000000,-9999.000000000000000,-9999.000000000000000,359.999979999999994,0.050370711669600,0.280000000000000,33.520000000000003,41.175967999999997,-9999.000000000000000,65.500000000000000,-9999.000000000000000,29.000000000000000,42.385143568700002,2.540000000000000,2.692908000000000,595.600000000000023,2.900000000000000,3.328330000000000,1.440000000000000,1.646640000000000,1.070000000000000,1.238953000000000,-9999.000000000000000,9440.000000000000000,-9999.000000000000000,1.213984000000000,-9999.000000000000000,22.510000000000002,30.257942000000000,3.500000200000000,4.034100230520000,0.080000000000000,-9999.000000000000000,-9999.000000000000000,3.090000000000000,0.000000000000000,0.520000040000000,0.595660045820000,-9999.000000000000000,0.031000000000000,-9999.000000000000000,2460.000000000000000,0.296333059075000,18.900002000000001,22.165922345599999,-9999.000000000000000,64.700000000000003,139.279689999999988,-9999.000000000000000,0.210000010000000,0.238791011371000,2659.999800000000050,0.441101327294000,92.999994999999998,0.012008412991400,1.800000000000000,440.000000000000000,0.059310621858400,4.290000000000000,6.136845000000000,14560.000000000000000,16982.783999999999651,121.000000000000000,-9999.000000000000000,27.899999999999999,0.006392909598800,2.100000000000000,0.000000000000000,3.890000000000000,4.552467000000000,0.000000000000000,88.209999999999994,96.466455999999994,0.002000000000000,-9999.000000000000000,-9999.000000000000000,0.130000000000000,0.070000000000000,0.092988000000000,12.400000000000000,-0.500000000000000,0.000000000000000,-9999.000000000000000,3.220000300000000,3.733912347880000,1.000000000000000,0.324627489955000,31.100000000000001,36.778836204100003,0.360000000000000,0.439596000000000,0.490000000000000,0.563990000000000,0.030000000000000,3.800000000000000,4.324020000000000,300.000000000000000,0.050041033647000,0.320000000000000,0.190000010000000,0.216999011421000,1.070000000000000,1.261789476910000,93.000000000000000,166.022214843000000,0.490000000000000,0.617890000000000,13.670000000000000,17.359532999999999,1.390000100000000,1.582793113870000,56.000000000000000,69.708799999999997,115.200000000000003,155.610697694999999
120.095101160872,-33.5501993725401,"9926009",ROCKC,"101503",GSRK0096,47.969999999999999,1130.000000000000000,0.213509280094000,3.000000000000000,9.523999999999999,-9999.000000000000000,15.000000000000000,16.747426478800001,0.140000000000000,2.650000000000000,-9999.000000000000000,-9999.000000000000000,220.000000000000000,0.030782103286000,17.340000000000000,54.119999999999997,66.481008000000003,-9999.000000000000000,611.399999999999977,-9999.000000000000000,11.000000000000000,16.077123422600000,0.320000000000000,0.339264000000000,10000.000000000000000,3.110000000000000,3.569347000000000,1.600000000000000,1.829600000000000,0.840000000000000,0.972636000000000,-9999.000000000000000,9550.000000000000000,-9999.000000000000000,1.228130000000000,-9999.000000000000000,2.380000000000000,3.199196000000000,4.200000000000000,4.840920000000000,0.460000000000000,-9999.000000000000000,-9999.000000000000000,0.190000000000000,-9999.000000000000000,0.590000000000000,0.675845000000000,-9999.000000000000000,2.379000000000000,-9999.000000000000000,80.000000000000000,0.009636847449600,31.399999999999999,36.825920000000004,-9999.000000000000000,7.400000000000000,15.929980000000000,-9999.000000000000000,0.180000000000000,0.204678000000000,10890.000000000000000,1.805862336620000,43.199997000000003,0.005578101431130,2.450000000000000,60.000000000000000,0.008087812071600,0.360000000000000,0.514980000000000,20.170000000000002,23.526288000000001,117.200000000000003,-9999.000000000000000,27.199998000000001,0.006232513559200,37.600000000000001,-9999.000000000000000,269.000000000000000,314.810699999999997,-9999.000000000000000,2.320000000000000,2.537152000000000,0.001000000000000,-9999.000000000000000,-9999.000000000000000,0.510000000000000,0.910000000000000,1.208844000000000,3.200000000000000,4.200000000000000,-9999.000000000000000,-9999.000000000000000,4.460000000000000,5.171816000000000,3.800000000000000,1.273538614440000,5200.000000000000000,6149.516021260000343,0.030000000000000,0.036633000000000,0.560000000000000,0.644560000000000,4.160000000000000,0.800000000000000,0.910320000000000,30.000000000000000,0.005004103364700,0.060000000000000,0.210000000000000,0.239841000000000,1.200000000000000,1.415091002140000,18.000000000000000,32.133331905200002,0.590000000000000,0.743990000000000,13.740000000000000,17.448426000000001,1.290000000000000,1.468923000000000,446.000000000000000,555.180799999999977,7.700000000000000,10.401062259100000
120.095101160872,-33.5501993725401,"9926010",ROCKC,"101503",GSRK0097,0.300000000000000,5750.000000000000000,1.086441027030000,2.000000000000000,0.026000000000000,-9999.000000000000000,372.000000000000000,415.336176674000001,0.470000000000000,0.020000000000000,-9999.000000000000000,-9999.000000000000000,270.000000000000000,0.037778035851000,0.200000000000000,35.090000000000003,43.104556000000002,-9999.000000000000000,47.000000000000000,-9999.000000000000000,61.000000000000000,89.154957161799999,3.250000000000000,3.445650000000000,325.500000000000000,2.300000000000000,2.639710000000000,1.220000000000000,1.395070000000000,0.760000000000000,0.880004000000000,-9999.000000000000000,9140.000000000000000,-9999.000000000000000,1.175404000000000,-9999.000000000000000,15.150000000000000,20.364629999999998,2.810000000000000,3.238806000000000,0.330000000000000,-9999.000000000000000,-9999.000000000000000,2.890000000000000,-9999.000000000000000,0.430000000000000,0.492565000000000,-9999.000000000000000,0.059000000000000,-9999.000000000000000,2830.000000000000000,0.340903478530000,18.800000000000001,22.048639999999999,-9999.000000000000000,57.500000000000000,123.780249999999995,-9999.000000000000000,0.190000000000000,0.216049000000000,1460.000000000000000,0.242108265515000,48.200000000000003,0.006223715454900,3.770000000000000,1790.000000000000000,0.241286393469000,4.230000000000001,6.051015000000000,12.400000000000000,14.463360000000000,81.599999999999994,-9999.000000000000000,44.099997999999999,0.010104921165600,2.500000000000000,-9999.000000000000000,3.630000000000000,4.248189000000000,-9999.000000000000000,79.349999999999994,86.777159999999995,0.001000000000000,-9999.000000000000000,-9999.000000000000000,0.010000000000000,0.060000000000000,0.079704000000000,11.900000000000000,-0.500000000000000,-9999.000000000000000,-9999.000000000000000,2.560000000000000,2.968576000000000,1.700000000000000,0.024971345381200,39.500000000000000,46.712669776900000,0.340000000000000,0.415174000000000,0.390000000000000,0.448890000000000,0.030000000000000,2.200000000000000,2.503380000000000,260.000000000000000,0.043368895827400,0.330000000000000,0.180000000000000,0.205578000000000,1.890000000000000,2.228768328380000,82.000000000000000,146.385178679000006,1.960000000000000,2.471560000000000,11.230000000000000,14.260977000000000,1.160000000000000,1.320892000000000,92.000000000000000,114.521600000000007,118.799999999999997,160.473531997999999
120.095101160872,-33.5501993725401,"12153482",ROCKC,"114345",GSRK0096,47.969999999999999,1130.000000000000000,0.213509280094000,3.000000000000000,9.523999999999999,0.000000000000000,15.000000000000000,16.747426478800001,0.140000000000000,2.650000000000000,-9999.000000000000000,-9999.000000000000000,220.000000000000000,0.030782103286000,17.340000000000000,54.120002999999997,66.481011685200002,-9999.000000000000000,611.399999999999977,-9999.000000000000000,11.000000000000000,16.077123422600000,0.320000000000000,0.339264000000000,10000.000000000000000,3.110000100000000,3.569347114770000,1.600000000000000,1.829600000000000,0.840000030000000,0.972636034737000,-9999.000000000000000,9550.000000000000000,-9999.000000000000000,1.228130000000000,-9999.000000000000000,2.380000000000000,3.199196000000000,4.200000300000000,4.840920345780000,0.460000000000000,-9999.000000000000000,-9999.000000000000000,0.190000000000000,0.000000000000000,0.590000030000000,0.675845034365000,-9999.000000000000000,2.379000000000000,-9999.000000000000000,80.000000000000000,0.009636847449600,31.400002000000001,36.825922345599999,-9999.000000000000000,7.400000000000000,15.929980000000000,-9999.000000000000000,0.180000000000000,0.204678000000000,10889.998999999999796,1.805862170790000,43.199997000000003,0.005578101431130,2.450000000000000,60.000000000000000,0.008087812071600,0.360000000000000,0.514980000000000,20170.000000000000000,23526.288000000000466,117.200000000000003,-9999.000000000000000,27.199998000000001,0.006232513559200,37.600000000000001,0.000000000000000,5.840000000000000,6.834552000000000,0.000000000000000,2.320000000000000,2.537152000000000,0.001000000000000,-9999.000000000000000,-9999.000000000000000,0.510000000000000,0.910000000000000,1.208844000000000,3.200000000000000,4.200000000000000,0.000000000000000,-9999.000000000000000,4.460000000000000,5.171816000000000,3.800000000000000,1.273538614440000,24.800000000000001,29.328461024500001,0.030000000000000,0.036633000000000,0.560000000000000,0.644560000000000,4.160000000000000,0.800000000000000,0.910320000000000,30.000000000000000,0.005004103364700,0.060000000000000,0.210000010000000,0.239841011421000,1.200000000000000,1.415091002140000,18.000000000000000,32.133331905200002,0.590000000000000,0.743990000000000,13.740000000000000,17.448426000000001,1.290000100000000,1.468923113870000,446.000000000000000,555.180799999999977,7.700000000000000,10.401062259100000
120.095101160872,-33.5501993725401,"12153483",ROCKC,"114345",GSRK0097,0.300000000000000,5750.000000000000000,1.086441027030000,2.000000000000000,0.026000000000000,0.000000000000000,372.000000000000000,415.336176674000001,0.470000000000000,0.020000000000000,-9999.000000000000000,-9999.000000000000000,269.999979999999994,0.037778033052600,0.200000000000000,35.090000000000003,43.104556000000002,-9999.000000000000000,47.000000000000000,-9999.000000000000000,61.000000000000000,89.154957161799999,3.250000000000000,3.445650000000000,325.500000000000000,2.300000200000000,2.639710229540000,1.220000000000000,1.395070000000000,0.760000050000000,0.880004057895000,-9999.000000000000000,9139.998999999999796,-9999.000000000000000,1.175403871400000,-9999.000000000000000,15.150000000000000,20.364629999999998,2.810000200000000,3.238806230520000,0.330000000000000,-9999.000000000000000,-9999.000000000000000,2.890000000000000,0.000000000000000,0.430000000000000,0.492565000000000,-9999.000000000000000,0.059000000000000,-9999.000000000000000,2830.000000000000000,0.340903478530000,18.800001000000002,22.048641172800000,-9999.000000000000000,57.500000000000000,123.780249999999995,-9999.000000000000000,0.190000010000000,0.216049011371000,1459.999900000000025,0.242108248932000,48.200000000000003,0.006223715454900,3.770000000000000,1790.000000000000000,0.241286393469000,4.230000000000001,6.051015000000000,12400.000000000000000,14463.360000000000582,81.599999999999994,-9999.000000000000000,44.099997999999999,0.010104921165600,2.500000000000000,0.000000000000000,3.630000000000000,4.248189000000000,0.000000000000000,79.349999999999994,86.777159999999995,0.001000000000000,-9999.000000000000000,-9999.000000000000000,0.010000000000000,0.060000000000000,0.079704000000000,11.900000000000000,-0.500000000000000,0.000000000000000,-9999.000000000000000,2.560000200000000,2.968576231920000,1.700000000000000,0.024971345381200,39.500000000000000,46.712669776900000,0.340000000000000,0.415174000000000,0.390000020000000,0.448890023020000,0.030000000000000,2.200000000000000,2.503380000000000,260.000000000000000,0.043368895827400,0.330000000000000,0.180000000000000,0.205578000000000,1.890000000000000,2.228768328380000,82.000000000000000,146.385178679000006,1.960000000000000,2.471560000000000,11.230000000000000,14.260977000000000,1.160000100000000,1.320892113870000,92.000000000000000,114.521600000000007,118.799999999999997,160.473531997999999
120.092141159066,-33.550175371129,"9919960",ROCKC,"101425",GSRK0263,0.100000000000000,5760.000000000000000,1.088330489680000,0.700000000000000,0.013000000000000,-9999.000000000000000,190.000000000000000,212.134068731000013,0.600000000000000,0.060000000000000,-9999.000000000000000,-9999.000000000000000,3940.000000000000000,0.551279486122000,0.000000000000000,9.000000000000000,11.055600000000000,-9999.000000000000000,21.699999999999999,-9999.000000000000000,55.000000000000000,80.385617113099997,1.100000000000000,1.166220000000000,124.400000000000006,0.870000000000000,0.998499000000000,0.000000000000000,-9999.000000000000000,0.300000000000000,0.347370000000000,-9999.000000000000000,3250.000000000000000,-9999.000000000000000,0.417950000000000,-9999.000000000000000,18.260000000000002,24.545092000000000,0.870000000000000,1.002762000000000,-0.050000000000000,-9999.000000000000000,-9999.000000000000000,1.720000000000000,-9999.000000000000000,0.170000000000000,0.194735000000000,-9999.000000000000000,0.020000000000000,-9999.000000000000000,1070.000000000000000,0.128892834638000,4.500000000000000,5.277600000000000,-9999.000000000000000,20.600000000000001,44.345619999999997,-9999.000000000000000,0.070000000000000,0.079597000000000,1280.000000000000000,0.212259301274000,53.200000000000003,0.006869329091300,0.640000000000000,2030.000000000000000,0.273637641756000,3.140000000000000,4.491770000000000,3.940000000000000,4.595616000000000,56.000000000000000,-9999.000000000000000,34.899999999999999,0.007996865412120,2.500000000000000,-9999.000000000000000,0.940000000000000,1.100082000000000,-9999.000000000000000,25.449999999999999,27.832120000000000,-0.001000000000000,-9999.000000000000000,-9999.000000000000000,0.010000000000000,0.350000000000000,0.464940000000000,6.800000000000000,-0.500000000000000,-9999.000000000000000,-9999.000000000000000,0.760000000000000,0.881296000000000,0.900000000000000,0.024971345381200,75.299999999999997,89.049722384800006,0.230000000000000,0.280853000000000,0.130000000000000,0.149630000000000,-0.010000000000000,0.900000000000000,1.024110000000000,250.000000000000000,0.041700861372500,0.110000000000000,0.070000000000000,0.079947000000000,0.260000000000000,0.306603050465000,70.000000000000000,124.962957408999998,0.250000000000000,0.315250000000000,4.240000000000000,5.384376000000000,0.500000000000000,0.569350000000000,27.000000000000000,33.609600000000000,57.200000000000003,77.265033924999997
120.092141159066,-33.550175371129,"12153534",ROCKC,"114345",GSRK0263,0.120000000000000,5759.999799999999595,1.088330451890000,0.700000000000000,0.013000000000000,0.000000000000000,190.000000000000000,212.134068731000013,0.550000000000000,0.060000000000000,-9999.000000000000000,-9999.000000000000000,3939.999800000000050,0.551279458138000,0.030000000000000,8.500000000000000,10.441400000000000,-9999.000000000000000,21.699999999999999,-9999.000000000000000,55.000000000000000,80.385617113099997,1.140000000000000,1.208628000000000,124.400000000000006,0.870000060000000,0.998499068862000,0.490000000000000,0.560315000000000,0.280000000000000,0.324212000000000,-9999.000000000000000,3250.000000000000000,-9999.000000000000000,0.417950000000000,-9999.000000000000000,18.260000000000002,24.545092000000000,0.870000060000000,1.002762069160000,-0.050000000000000,-9999.000000000000000,-9999.000000000000000,1.720000000000000,0.000000000000000,0.170000000000000,0.194735000000000,-9999.000000000000000,0.020000000000000,-9999.000000000000000,1069.999900000000025,0.128892822592000,4.500000000000000,5.277600000000000,-9999.000000000000000,20.600000000000001,44.345619999999997,-9999.000000000000000,0.070000000000000,0.079597000000000,1280.000000000000000,0.212259301274000,53.200000000000003,0.006869329091300,0.640000000000000,2030.000000000000000,0.273637641756000,3.140000000000000,4.491770000000000,3940.000000000000000,4595.615999999999985,56.000000000000000,-9999.000000000000000,34.899999999999999,0.007996865412120,2.500000000000000,0.000000000000000,0.940000060000000,1.100082070220000,0.000000000000000,25.449999999999999,27.832120000000000,-0.001000000000000,-9999.000000000000000,-9999.000000000000000,0.010000000000000,0.350000000000000,0.464940000000000,6.800000000000000,-0.500000000000000,0.000000000000000,-9999.000000000000000,0.760000050000000,0.881296057980000,0.900000000000000,0.024971345381200,75.299999999999997,89.049722384800006,0.230000000000000,0.280853000000000,0.130000010000000,0.149630011510000,-0.010000000000000,0.900000000000000,1.024110000000000,250.000000000000000,0.041700861372500,0.110000000000000,0.070000000000000,0.079947000000000,0.260000000000000,0.306603050465000,70.000000000000000,124.962957408999998,0.250000000000000,0.315250000000000,4.240000000000000,5.384376000000000,0.500000000000000,0.569350000000000,27.000000000000000,33.609600000000000,57.200000000000003,77.265033924999997
120.092756159896,-33.5498103713536,"9919962",ROCKC,"101425",GSRK0265,2.100000000000000,1530.000000000000000,0.289087786322000,1.700000000000000,0.507000000000000,-9999.000000000000000,76.000000000000000,84.853627492599998,0.100000000000000,0.410000000000000,-9999.000000000000000,-9999.000000000000000,240.000000000000000,0.033580476312000,0.100000000000000,3.000000000000000,3.685200000000000,-9999.000000000000000,14.699999999999999,-9999.000000000000000,51.000000000000000,74.539390413899994,0.700000000000000,0.742140000000000,7343.100000000000364,0.300000000000000,0.344310000000000,0.000000000000000,-9999.000000000000000,0.100000000000000,0.115790000000000,-9999.000000000000000,3620.000000000000000,-9999.000000000000000,0.465532000000000,-9999.000000000000000,4.560000000000000,6.129552000000000,0.290000000000000,0.334254000000000,-0.050000000000000,-9999.000000000000000,-9999.000000000000000,0.230000000000000,-9999.000000000000000,0.060000000000000,0.068730000000000,-9999.000000000000000,0.181000000000000,-9999.000000000000000,540.000000000000000,0.065048720284800,1.600000000000000,1.876480000000000,-9999.000000000000000,7.400000000000000,15.929980000000000,-9999.000000000000000,0.020000000000000,0.022742000000000,480.000000000000000,0.079597237977600,12.399998999999999,0.001601121689150,4.190000000000001,90.000000000000000,0.012131718107400,0.650000000000000,0.929825000000000,1.150000000000000,1.341360000000000,33.299999999999997,-9999.000000000000000,19.500000000000000,0.004468162622820,0.900000000000000,-9999.000000000000000,0.280000000000000,0.327684000000000,-9999.000000000000000,25.010000000000002,27.350936000000001,-0.001000000000000,-9999.000000000000000,-9999.000000000000000,0.020000000000000,0.310000000000000,0.411804000000000,5.200000000000000,1.900000000000000,-9999.000000000000000,-9999.000000000000000,0.260000000000000,0.301496000000000,1.000000000000000,0.049942690762400,22.100000000000001,26.135443090399999,0.030000000000000,0.036633000000000,0.040000000000000,0.046040000000000,0.410000000000000,0.100000000000000,0.113790000000000,80.000000000000000,0.013344275639200,0.080000000000000,0.030000000000000,0.034263000000000,0.130000000000000,0.153301525232000,40.000000000000000,71.407404233700007,0.230000000000000,0.290030000000000,1.450000000000000,1.841355000000000,0.180000000000000,0.204966000000000,12.000000000000000,14.937600000000000,6.900000000000000,9.320432414030000
120.092756159896,-33.5498103713536,"12153536",ROCKC,"114345",GSRK0265,2.130000000000000,1530.000000000000000,0.289087786322000,1.700000000000000,0.507000030000000,0.000000000000000,76.000000000000000,84.853627492599998,0.060000000000000,0.410000000000000,-9999.000000000000000,-9999.000000000000000,240.000000000000000,0.033580476312000,0.050000000000000,2.700000000000000,3.316680000000000,-9999.000000000000000,14.699999999999999,-9999.000000000000000,51.000000000000000,74.539390413899994,0.710000000000000,0.752742000000000,7343.100000000000364,0.300000000000000,0.344310000000000,0.160000010000000,0.182960011435000,0.090000000000000,0.104211000000000,-9999.000000000000000,3620.000000000000000,-9999.000000000000000,0.465532000000000,-9999.000000000000000,4.560000000000000,6.129552000000000,0.290000020000000,0.334254023052000,-0.050000000000000,-9999.000000000000000,-9999.000000000000000,0.230000000000000,0.000000000000000,0.060000002000000,0.068730002291000,-9999.000000000000000,0.181000000000000,-9999.000000000000000,539.999959999999987,0.065048715466400,1.600000000000000,1.876480000000000,-9999.000000000000000,7.400000000000000,15.929980000000000,-9999.000000000000000,0.020000001000000,0.022742001137100,480.000000000000000,0.079597237977600,12.399998999999999,0.001601121689150,4.190000000000001,89.999995999999996,0.012131717568200,0.650000000000000,0.929825000000000,1150.000000000000000,1341.359999999999900,33.299999999999997,-9999.000000000000000,19.500000000000000,0.004468162622820,0.900000000000000,0.000000000000000,0.280000000000000,0.327684000000000,0.000000000000000,25.010000000000002,27.350936000000001,-0.001000000000000,-9999.000000000000000,-9999.000000000000000,0.020000000000000,0.310000000000000,0.411804000000000,5.200000000000000,1.900000000000000,0.000000000000000,-9999.000000000000000,0.260000020000000,0.301496023192000,1.000000000000000,0.049942690762400,22.100000000000001,26.135443090399999,0.030000000000000,0.036633000000000,0.040000003000000,0.046040003453000,0.410000000000000,0.100000000000000,0.113790000000000,80.000000000000000,0.013344275639200,0.080000000000000,0.030000001000000,0.034263001142100,0.130000000000000,0.153301525232000,40.000000000000000,71.407404233700007,0.230000000000000,0.290030000000000,1.450000000000000,1.841355000000000,0.180000000000000,0.204966000000000,12.000000000000000,14.937600000000000,6.900000000000000,9.320432414030000
120.092143159559,-33.5497873710528,"9919961",ROCKC,"101425",GSRK0264,0.100000000000000,7240.000000000000000,1.367970962730000,4.500000000000000,0.002000000000000,-9999.000000000000000,204.000000000000000,227.765000111999996,0.500000000000000,0.010000000000000,-9999.000000000000000,-9999.000000000000000,2880.000000000000000,0.402965715744000,0.100000000000000,13.000000000000000,15.969200000000001,-9999.000000000000000,13.900000000000000,-9999.000000000000000,52.000000000000000,76.000947088700002,0.900000000000000,0.954180000000000,25.100000000000001,1.280000000000000,1.469056000000000,1.000000000000000,1.143500000000000,0.400000000000000,0.463160000000000,-9999.000000000000000,3560.000000000000000,-9999.000000000000000,0.457816000000000,-9999.000000000000000,16.129999999999999,21.681946000000000,1.310000000000000,1.509906000000000,0.060000000000000,-9999.000000000000000,-9999.000000000000000,1.530000000000000,-9999.000000000000000,0.230000000000000,0.263465000000000,-9999.000000000000000,0.021000000000000,-9999.000000000000000,760.000000000000000,0.091550050771200,6.300000000000000,7.388640000000000,-9999.000000000000000,16.600000000000001,35.734819999999999,-9999.000000000000000,0.100000000000000,0.113710000000000,1920.000000000000000,0.318388951910000,65.299994999999996,0.008431713445770,0.470000000000000,3180.000000000000000,0.428654039795000,2.980000000000000,4.262890000000000,5.900000000000000,6.881760000000000,50.000000000000000,-9999.000000000000000,40.100000000000001,0.009188375444880,3.300000000000000,-9999.000000000000000,1.430000000000000,1.673529000000000,-9999.000000000000000,26.190000000000001,28.641383999999999,-0.001000000000000,-9999.000000000000000,-9999.000000000000000,-0.010000000000000,0.220000000000000,0.292248000000000,7.800000000000000,-0.500000000000000,-9999.000000000000000,-9999.000000000000000,1.300000000000000,1.507480000000000,0.900000000000000,-9999.000000000000000,142.800000000000011,168.875170738000008,0.230000000000000,0.280853000000000,0.200000000000000,0.230200000000000,-0.010000000000000,1.500000000000000,1.706850000000000,260.000000000000000,0.043368895827400,0.100000000000000,0.100000000000000,0.114210000000000,0.290000000000000,0.341980325518000,73.000000000000000,130.318512727000012,0.180000000000000,0.226980000000000,6.270000000000000,7.962273000000000,0.650000000000000,0.740155000000000,41.000000000000000,51.036799999999999,48.799999999999997,65.918420551400004
120.092143159559,-33.5497873710528,"12153535",ROCKC,"114345",GSRK0264,0.050000000000000,7240.000000000000000,1.367970962730000,4.500000000000000,0.002000000000000,0.000000000000000,204.000000000000000,227.765000111999996,0.520000000000000,0.010000000000000,-9999.000000000000000,-9999.000000000000000,2879.999899999999798,0.402965701752000,0.050000000000000,13.110001000000000,16.104325228400000,-9999.000000000000000,13.900000000000000,-9999.000000000000000,52.000000000000000,76.000947088700002,0.900000000000000,0.954180000000000,25.100000000000001,1.280000100000000,1.469056114770000,0.670000000000000,0.766145000000000,0.440000030000000,0.509476034737000,-9999.000000000000000,3560.000000000000000,-9999.000000000000000,0.457816000000000,-9999.000000000000000,16.129999999999999,21.681946000000000,1.310000100000000,1.509906115260000,0.060000000000000,-9999.000000000000000,-9999.000000000000000,1.530000000000000,0.000000000000000,0.230000000000000,0.263465000000000,-9999.000000000000000,0.021000000000000,-9999.000000000000000,760.000000000000000,0.091550050771200,6.300000000000000,7.388640000000000,-9999.000000000000000,16.600000000000001,35.734819999999999,-9999.000000000000000,0.100000000000000,0.113710000000000,1920.000000000000000,0.318388951910000,65.299994999999996,0.008431713445770,0.470000000000000,3179.999800000000050,0.428654012835000,2.980000000000000,4.262890000000000,5900.000000000000000,6881.760000000000218,50.000000000000000,-9999.000000000000000,40.100000000000001,0.009188375444880,3.300000000000000,0.000000000000000,1.430000100000000,1.673529117030000,0.000000000000000,26.190000000000001,28.641383999999999,-0.001000000000000,-9999.000000000000000,-9999.000000000000000,0.000000000000000,0.220000000000000,0.292248000000000,7.800000000000000,-0.500000000000000,0.000000000000000,-9999.000000000000000,1.300000100000000,1.507480115960000,0.900000000000000,-9999.000000000000000,142.800000000000011,168.875170738000008,0.230000000000000,0.280853000000000,0.200000000000000,0.230200000000000,-0.010000000000000,1.500000000000000,1.706850000000000,260.000000000000000,0.043368895827400,0.100000000000000,0.100000000000000,0.114210000000000,0.290000000000000,0.341980325518000,73.000000000000000,130.318512727000012,0.180000000000000,0.226980000000000,6.270000000000000,7.962273000000000,0.650000040000000,0.740155045548000,41.000000000000000,51.036799999999999,48.799999999999997,65.918420551400004
120.092801160001,-33.5497483713617,"3762768",ROCKC,"92488",RVR1303,-9999.000000000000000,-9999.000000000000000,-9999.000000000000000,-9999.000000000000000,1.130000000000000,-9999.000000000000000,-9999.000000000000000,-9999.000000000000000,-9999.000000000000000,-9999.000000000000000,-9999.000000000000000,-9999.000000000000000,-9999.000000000000000,-9999.000000000000000,-9999.000000000000000,-9999.000000000000000,-9999.000000000000000,-9999.000000000000000,-9999.000000000000000,-9999.000000000000000,-9999.000000000000000,-9999.000000000000000,-9999.000000000000000,-9999.000000000000000,8856.000000000000000,-9999.000000000000000,-9999.000000000000000,-9999.000000000000000,-9999.000000000000000,-9999.000000000000000,-9999.000000000000000,-9999.000000000000000,-9999.000000000000000,-9999.000000000000000,-9999.000000000000000,-9999.000000000000000,-9999.000000000000000,-9999.000000000000000,-9999.000000000000000,-9999.000000000000000,-9999.000000000000000,-9999.000000000000000,-9999.000000000000000,-9999.000000000000000,-9999.000000000000000,-9999.000000000000000,-9999.000000000000000,-9999.000000000000000,-9999.000000000000000,-9999.000000000000000,-9999.000000000000000,-9999.000000000000000,-9999.000000000000000,-9999.000000000000000,-9999.000000000000000,-9999.000000000000000,-9999.000000000000000,-9999.000000000000000,-9999.000000000000000,-9999.000000000000000,-9999.000000000000000,-9999.000000000000000,-9999.000000000000000,-9999.000000000000000,-9999.000000000000000,-9999.000000000000000,-9999.000000000000000,-9999.000000000000000,-9999.000000000000000,-9999.000000000000000,-9999.000000000000000,-9999.000000000000000,-9999.000000000000000,-9999.000000000000000,-9999.000000000000000,7.000000000000000,-9999.000000000000000,-9999.000000000000000,-9999.000000000000000,-9999.000000000000000,-9999.000000000000000,-9999.000000000000000,-9999.000000000000000,-9999.000000000000000,-9999.000000000000000,-9999.000000000000000,-9999.000000000000000,-9999.000000000000000,-9999.000000000000000,-9999.000000000000000,-9999.000000000000000,-9999.000000000000000,-9999.000000000000000,-9999.000000000000000,-9999.000000000000000,-9999.000000000000000,-9999.000000000000000,-9999.000000000000000,-9999.000000000000000,-9999.000000000000000,-9999.000000000000000,-9999.000000000000000,-9999.000000000000000,-9999.000000000000000,-9999.000000000000000,-9999.000000000000000,-9999.000000000000000,-9999.000000000000000,-9999.000000000000000,-9999.000000000000000,-9999.000000000000000,-9999.000000000000000,-9999.000000000000000,-9999.000000000000000,-9999.000000000000000,-9999.000000000000000,-9999.000000000000000,-9999.000000000000000,-9999.000000000000000,-9999.000000000000000,5.000000000000000,6.224000000000000,-9999.000000000000000,-9999.000000000000000
120.092801160001,-33.5497483713617,"12149529",ROCKC,"114345",RVR1303,0.000000000000000,0.000000000000000,-9999.000000000000000,-3.000000000000000,1.130000000000000,0.000000000000000,0.000000000000000,-9999.000000000000000,0.000000000000000,0.000000000000000,-9999.000000000000000,-9999.000000000000000,0.000000000000000,-9999.000000000000000,0.000000000000000,0.000000000000000,-9999.000000000000000,-9999.000000000000000,0.000000000000000,-9999.000000000000000,0.000000000000000,-9999.000000000000000,0.000000000000000,-9999.000000000000000,8860.000000000000000,0.000000000000000,-9999.000000000000000,0.000000000000000,-9999.000000000000000,0.000000000000000,-9999.000000000000000,-9999.000000000000000,0.000000000000000,-9999.000000000000000,-9999.000000000000000,-9999.000000000000000,0.000000000000000,-9999.000000000000000,0.000000000000000,-9999.000000000000000,0.000000000000000,-9999.000000000000000,-9999.000000000000000,0.000000000000000,0.000000000000000,0.000000000000000,-9999.000000000000000,-9999.000000000000000,0.000000000000000,-9999.000000000000000,0.000000000000000,-9999.000000000000000,0.000000000000000,-9999.000000000000000,-9999.000000000000000,0.000000000000000,-9999.000000000000000,-9999.000000000000000,0.000000000000000,-9999.000000000000000,0.000000000000000,-9999.000000000000000,0.000000000000000,-9999.000000000000000,0.000000000000000,0.000000000000000,-9999.000000000000000,0.000000000000000,-9999.000000000000000,0.000000000000000,-9999.000000000000000,0.000000000000000,-9999.000000000000000,0.000000000000000,-9999.000000000000000,7.000000000000000,0.000000000000000,0.000000000000000,-9999.000000000000000,0.000000000000000,0.000000000000000,-9999.000000000000000,0.000000000000000,-9999.000000000000000,-9999.000000000000000,0.000000000000000,0.000000000000000,-9999.000000000000000,0.000000000000000,0.000000000000000,0.000000000000000,-9999.000000000000000,0.000000000000000,-9999.000000000000000,0.000000000000000,-9999.000000000000000,0.000000000000000,-9999.000000000000000,0.000000000000000,-9999.000000000000000,0.000000000000000,-9999.000000000000000,0.000000000000000,0.000000000000000,-9999.000000000000000,0.000000000000000,-9999.000000000000000,0.000000000000000,0.000000000000000,-9999.000000000000000,0.000000000000000,-9999.000000000000000,0.000000000000000,-9999.000000000000000,0.000000000000000,-9999.000000000000000,0.000000000000000,-9999.000000000000000,0.000000000000000,-9999.000000000000000,5.000000000000000,6.224000000000000,0.000000000000000,-9999.000000000000000
120.093387160524,-33.549609371611,"9926019",ROCKC,"101503",GSRK0122,0.100000000000000,870.000000000000000,0.164383251046000,1.600000000000000,0.045000000000000,-9999.000000000000000,7.000000000000000,7.815465690110000,-0.050000000000000,0.190000000000000,-9999.000000000000000,-9999.000000000000000,50.000000000000000,0.006995932565000,0.070000000000000,9.000000000000000,11.055600000000000,-9999.000000000000000,75.000000000000000,-9999.000000000000000,13.000000000000000,19.000236772200001,0.000000000000000,-9999.000000000000000,2597.300000000000182,0.630000000000000,0.723051000000000,0.270000000000000,0.308745000000000,0.210000000000000,0.243159000000000,-9999.000000000000000,50000.000000000000000,-9999.000000000000000,6.430000000000000,-9999.000000000000000,40.109999999999999,53.915861999999997,0.980000000000000,1.129548000000000,0.130000000000000,-9999.000000000000000,-9999.000000000000000,0.230000000000000,-9999.000000000000000,0.110000000000000,0.126005000000000,-9999.000000000000000,0.234000000000000,-9999.000000000000000,40.000000000000000,0.004818423724800,5.700000000000000,6.684960000000000,-9999.000000000000000,1.800000000000000,3.874860000000000,-9999.000000000000000,0.030000000000000,0.034113000000000,310.000000000000000,0.051406549527200,29.500000000000000,0.003809120454760,14.440000000000000,30.000000000000000,0.004043906035800,1.020000000000000,1.459110000000000,4.010000000000000,4.677264000000000,110.900000000000006,-9999.000000000000000,12.000000000000000,0.002749638537120,1.500000000000000,-9999.000000000000000,1.030000000000000,1.205409000000000,-9999.000000000000000,1.970000000000000,2.154392000000000,0.002000000000000,-9999.000000000000000,-9999.000000000000000,-0.010000000000000,0.060000000000000,0.079704000000000,6.800000000000000,0.900000000000000,-9999.000000000000000,-9999.000000000000000,0.900000000000000,1.043640000000000,5.600000000000000,-9999.000000000000000,3.100000000000000,3.666057628060000,0.120000000000000,0.146532000000000,0.130000000000000,0.149630000000000,0.380000000000000,0.200000000000000,0.227580000000000,60.000000000000000,0.010008206729400,0.030000000000000,0.030000000000000,0.034263000000000,0.710000000000000,0.837262176268000,71.000000000000000,126.748142514999998,2.700000000000000,3.404700000000000,2.690000000000000,3.416031000000000,0.210000000000000,0.239127000000000,45.000000000000000,56.015999999999998,9.699999999999999,13.102636871900000
120.093387160524,-33.549609371611,"9926020",ROCKC,"101503",GSRK0123,0.100000000000000,7170.000000000000000,1.354744724140000,-0.500000000000000,0.012000000000000,-9999.000000000000000,116.000000000000000,129.513431435999991,1.000000000000000,0.020000000000000,-9999.000000000000000,-9999.000000000000000,1190.000000000000000,0.166503195047000,0.110000000000000,31.600000000000001,38.817439999999998,-9999.000000000000000,77.000000000000000,-9999.000000000000000,72.000000000000000,105.232080584000002,1.000000000000000,1.060200000000000,3396.800000000000182,2.360000000000000,2.708572000000000,1.330000000000000,1.520855000000000,1.250000000000000,1.447375000000000,-9999.000000000000000,9250.000000000000000,-9999.000000000000000,1.189550000000000,-9999.000000000000000,18.340000000000000,24.652628000000000,2.960000000000000,3.411696000000000,0.060000000000000,-9999.000000000000000,-9999.000000000000000,3.560000000000000,-9999.000000000000000,0.450000000000000,0.515475000000000,-9999.000000000000000,0.042000000000000,-9999.000000000000000,860.000000000000000,0.103596110083000,15.699999999999999,18.412960000000002,-9999.000000000000000,20.100000000000001,43.269269999999999,-9999.000000000000000,0.230000000000000,0.261533000000000,2830.000000000000000,0.469292048910000,38.200000000000003,0.004932488182100,2.440000000000000,1280.000000000000000,0.172539990861000,6.740000000000000,9.641570000000000,14.240000000000000,16.609535999999999,106.700000000000003,-9999.000000000000000,55.499997000000000,0.012717077546800,2.600000000000000,-9999.000000000000000,3.790000000000000,4.435437000000001,-9999.000000000000000,31.449999999999999,34.393720000000002,0.002000000000000,-9999.000000000000000,-9999.000000000000000,0.010000000000000,-0.050000000000000,-9999.000000000000000,9.800000000000001,-0.500000000000000,-9999.000000000000000,-9999.000000000000000,3.020000000000000,3.501992000000000,1.400000000000000,0.024971345381200,39.899999999999999,47.185709470799999,0.550000000000000,0.671605000000000,0.410000000000000,0.471910000000000,0.030000000000000,5.500000000000000,6.258450000000000,330.000000000000000,0.055045137011700,0.100000000000000,0.180000000000000,0.205578000000000,1.120000000000000,1.320751602000000,69.000000000000000,123.177772302999998,1.080000000000000,1.361880000000000,11.770000000000000,14.946723000000000,1.410000000000000,1.605567000000000,48.000000000000000,59.750399999999999,125.599999999999994,169.658885682000005
120.093387160524,-33.549609371611,"12153492",ROCKC,"114345",GSRK0122,0.100000000000000,870.000000000000000,0.164383251046000,1.600000000000000,0.045000000000000,0.000000000000000,7.000000000000000,7.815465690110000,-0.050000000000000,0.190000000000000,-9999.000000000000000,-9999.000000000000000,49.999997000000000,0.006995932145240,0.070000000000000,8.980000499999999,11.031032614200001,-9999.000000000000000,74.700000000000003,-9999.000000000000000,13.000000000000000,19.000236772200001,0.150000000000000,0.159030000000000,2597.300000000000182,0.630000050000000,0.723051057385000,0.270000000000000,0.308745000000000,0.210000010000000,0.243159011579000,-9999.000000000000000,50000.000000000000000,-9999.000000000000000,6.430000000000000,-9999.000000000000000,40.109999999999999,53.915861999999997,0.980000000000000,1.129548000000000,0.130000000000000,-9999.000000000000000,-9999.000000000000000,0.230000000000000,0.000000000000000,0.110000010000000,0.126005011455000,-9999.000000000000000,0.234000000000000,-9999.000000000000000,40.000000000000000,0.004818423724800,5.700000300000000,6.684960351840000,-9999.000000000000000,1.800000000000000,3.874860000000000,-9999.000000000000000,0.030000001000000,0.034113001137100,310.000000000000000,0.051406549527200,29.500000000000000,0.003809120454760,14.440000000000000,30.000000000000000,0.004043906035800,1.020000000000000,1.459110000000000,4010.000000000000000,4677.264000000000124,110.900000000000006,-9999.000000000000000,12.000000000000000,0.002749638537120,1.500000000000000,0.000000000000000,1.030000100000000,1.205409117030000,0.000000000000000,1.970000000000000,2.154392000000000,0.002000000000000,-9999.000000000000000,-9999.000000000000000,0.000000000000000,0.060000000000000,0.079704000000000,6.800000000000000,0.900000000000000,0.000000000000000,-9999.000000000000000,0.900000040000000,1.043640046380000,5.600000000000000,-9999.000000000000000,3.100000000000000,3.666057628060000,0.120000000000000,0.146532000000000,0.130000010000000,0.149630011510000,0.380000000000000,0.200000000000000,0.227580000000000,60.000000000000000,0.010008206729400,0.030000000000000,0.030000001000000,0.034263001142100,0.710000000000000,0.837262176268000,71.000000000000000,126.748142514999998,2.700000000000000,3.404700000000000,2.690000000000000,3.416031000000000,0.210000010000000,0.239127011387000,45.000000000000000,56.015999999999998,9.699999999999999,13.102636871900000
120.093387160524,-33.549609371611,"12153493",ROCKC,"114345",GSRK0123,0.060000000000000,7169.999600000000100,1.354744648560000,-0.500000000000000,0.012000000000000,0.000000000000000,116.000000000000000,129.513431435999991,0.630000000000000,0.020000000000000,-9999.000000000000000,-9999.000000000000000,1189.999900000000025,0.166503181055000,0.110000000000000,31.560001000000000,38.768305228400003,-9999.000000000000000,76.599999999999994,-9999.000000000000000,72.000000000000000,105.232080584000002,0.800000000000000,0.848160000000000,3396.800000000000182,2.360000100000000,2.708572114770000,1.330000000000000,1.520855000000000,1.250000000000000,1.447375000000000,-9999.000000000000000,9250.000000000000000,-9999.000000000000000,1.189550000000000,-9999.000000000000000,18.340000000000000,24.652628000000000,2.960000000000000,3.411696000000000,0.060000000000000,-9999.000000000000000,-9999.000000000000000,3.560000000000000,0.000000000000000,0.450000020000000,0.515475022910000,-9999.000000000000000,0.042000000000000,-9999.000000000000000,859.999950000000013,0.103596104060000,15.700001000000000,18.412961172799999,-9999.000000000000000,20.100000000000001,43.269269999999999,-9999.000000000000000,0.230000000000000,0.261533000000000,2830.000000000000000,0.469292048910000,38.200000000000003,0.004932488182100,2.440000000000000,1280.000000000000000,0.172539990861000,6.740000000000000,9.641570000000000,14240.000000000000000,16609.536000000000058,106.700000000000003,-9999.000000000000000,55.499997000000000,0.012717077546800,2.600000000000000,0.000000000000000,3.790000200000000,4.435437234060000,0.000000000000000,31.449999999999999,34.393720000000002,0.002000000000000,-9999.000000000000000,-9999.000000000000000,0.010000000000000,-0.050000000000000,-9999.000000000000000,9.800000000000001,-0.500000000000000,0.000000000000000,-9999.000000000000000,3.020000200000000,3.501992231920000,1.400000000000000,0.024971345381200,39.899999999999999,47.185709470799999,0.550000000000000,0.671605000000000,0.410000030000000,0.471910034530000,0.030000000000000,5.500000000000000,6.258450000000000,330.000000000000000,0.055045137011700,0.100000000000000,0.180000000000000,0.205578000000000,1.120000000000000,1.320751602000000,69.000000000000000,123.177772302999998,1.080000000000000,1.361880000000000,11.770000000000000,14.946723000000000,1.410000100000000,1.605567113870000,48.000000000000000,59.750399999999999,125.599999999999994,169.658885682000005
120.103325170963,-33.5495993712956,"9919990",ROCKC,"101425",GSRK0332,0.000000000000000,4360.000000000000000,0.823805717885000,3.400000000000000,0.002000000000000,-9999.000000000000000,63.000000000000000,70.339191210999999,0.400000000000000,0.030000000000000,-9999.000000000000000,-9999.000000000000000,90.000000000000000,0.012592678617000,0.100000000000000,25.000000000000000,30.710000000000001,-9999.000000000000000,10.699999999999999,-9999.000000000000000,14.000000000000000,20.461793447000002,0.400000000000000,0.424080000000000,131.099999999999994,1.240000000000000,1.423148000000000,1.000000000000000,1.143500000000000,0.500000000000000,0.578950000000000,-9999.000000000000000,2340.000000000000000,-9999.000000000000000,0.300924000000000,-9999.000000000000000,11.699999999999999,15.727140000000000,2.040000000000000,2.351304000000000,0.150000000000000,-9999.000000000000000,-9999.000000000000000,4.760000000000000,-9999.000000000000000,0.210000000000000,0.240555000000000,-9999.000000000000000,0.015000000000000,-9999.000000000000000,880.000000000000000,0.106005321946000,11.900000000000000,13.956320000000000,-9999.000000000000000,8.900000000000000,19.159030000000001,-9999.000000000000000,0.130000000000000,0.147823000000000,420.000000000000000,0.069647583230400,17.300000000000001,0.002233823181940,0.540000000000000,980.000000000000000,0.132100930503000,6.260000000000000,8.954929999999999,11.400000000000000,13.296960000000000,25.600000000000001,-9999.000000000000000,13.400000000000000,0.003070429699780,5.600000000000000,-9999.000000000000000,2.730000000000000,3.194919000000000,-9999.000000000000000,31.370000000000001,34.306232000000001,-0.001000000000000,-9999.000000000000000,-9999.000000000000000,-0.010000000000000,0.300000000000000,0.398520000000000,2.500000000000000,-0.500000000000000,-9999.000000000000000,-9999.000000000000000,2.480000000000000,2.875808000000000,1.400000000000000,-9999.000000000000000,28.000000000000000,33.112778575999997,0.650000000000000,0.793715000000000,0.230000000000000,0.264730000000000,0.020000000000000,4.700000000000000,5.348130000000000,320.000000000000000,0.053377102556800,0.060000000000000,0.100000000000000,0.114210000000000,2.030000000000000,2.393862278630000,34.000000000000000,60.696293598700002,1.420000000000000,1.790620000000000,5.460000000000000,6.933654000000000,0.750000000000000,0.854025000000000,14.000000000000000,17.427199999999999,197.800000000000011,267.185729202000005
120.103371171081,-33.5495013712909,"9919991",ROCKC,"101425",GSRK0333,0.000000000000000,5280.000000000000000,0.997636282210000,5.600000000000000,-0.001000000000000,-9999.000000000000000,119.000000000000000,132.862916732000002,0.300000000000000,-0.010000000000000,-9999.000000000000000,-9999.000000000000000,10.000000000000000,0.001399186513000,0.100000000000000,24.000000000000000,29.481600000000000,-9999.000000000000000,1.400000000000000,-9999.000000000000000,15.000000000000000,21.923350121700000,0.200000000000000,0.212040000000000,28.699999999999999,1.110000000000000,1.273947000000000,0.000000000000000,-9999.000000000000000,0.600000000000000,0.694740000000000,-9999.000000000000000,520.000000000000000,-9999.000000000000000,0.066872000000000,-9999.000000000000000,11.390000000000001,15.310438000000000,2.160000000000000,2.489616000000000,0.170000000000000,-9999.000000000000000,-9999.000000000000000,6.490000000000000,-9999.000000000000000,0.160000000000000,0.183280000000000,-9999.000000000000000,0.005000000000000,-9999.000000000000000,1940.000000000000000,0.233693550653000,11.699999999999999,13.721760000000000,-9999.000000000000000,10.400000000000000,22.388079999999999,-9999.000000000000000,0.060000000000000,0.068226000000000,30.000000000000000,0.004974827373600,4.799999800000000,0.000619789065119,0.450000000000000,210.000000000000000,0.028307342250600,7.880000000000000,11.272340000000000,11.310000000000000,13.191984000000000,4.100000000000000,-9999.000000000000000,8.800000000000002,0.002016401593890,3.100000000000000,-9999.000000000000000,87.000000000000000,101.816100000000006,-9999.000000000000000,33.719999999999999,36.876192000000003,-0.001000000000000,-9999.000000000000000,-9999.000000000000000,-0.010000000000000,0.440000000000000,0.584496000000000,1.900000000000000,-0.500000000000000,-9999.000000000000000,-9999.000000000000000,2.610000000000000,3.026556000000000,0.600000000000000,-9999.000000000000000,4.500000000000000,5.321696556860000,0.770000000000000,0.940247000000000,0.230000000000000,0.264730000000000,-0.010000000000000,5.600000000000000,6.372240000000000,380.000000000000000,0.063385309286200,0.040000000000000,0.070000000000000,0.079947000000000,1.460000000000000,1.721694052610000,44.000000000000000,78.548144657099996,2.280000000000000,2.875080000000000,3.400000000000000,4.317660000000000,0.450000000000000,0.512415000000000,4.000000000000000,4.979200000000000,245.300000000000011,331.348126255000011
120.095093161754,-33.5494693723349,"9926059",ROCKC,"101503",GSRK0274,0.100000000000000,7660.000000000000000,1.447328394270000,2.000000000000000,0.832000000000000,-9999.000000000000000,139.000000000000000,155.192818703999990,0.500000000000000,0.030000000000000,-9999.000000000000000,-9999.000000000000000,40.000000000000000,0.005596746052000,0.100000000000000,18.000000000000000,22.111200000000000,-9999.000000000000000,72.900000000000006,-9999.000000000000000,239.000000000000000,349.312045273000024,1.000000000000000,1.060200000000000,7746.600000000000364,1.150000000000000,1.319855000000000,1.000000000000000,1.143500000000000,0.500000000000000,0.578950000000000,-9999.000000000000000,7000.000000000000000,-9999.000000000000000,0.900200000000000,-9999.000000000000000,18.000000000000000,24.195599999999999,1.580000000000000,1.821108000000000,0.070000000000000,-9999.000000000000000,-9999.000000000000000,2.130000000000000,-9999.000000000000000,0.190000000000000,0.217645000000000,-9999.000000000000000,0.658000000000000,-9999.000000000000000,1400.000000000000000,0.168644830368000,10.100000000000000,11.845280000000001,-9999.000000000000000,16.100000000000001,34.658470000000001,-9999.000000000000000,0.100000000000000,0.113710000000000,3080.000000000000000,0.510748943690000,30.499998000000001,0.003938242923800,0.460000000000000,340.000000000000000,0.045830935072400,2.900000000000000,4.148450000000001,8.880000000000003,10.357632000000001,186.699999999999989,-9999.000000000000000,13.499999000000001,0.003093343125120,4.000000000000000,-9999.000000000000000,2.170000000000000,2.539551000000000,-9999.000000000000000,40.200000000000003,43.962719999999997,-0.001000000000000,-9999.000000000000000,-9999.000000000000000,0.010000000000000,0.460000000000000,0.611064000000000,14.000000000000000,0.500000000000000,-9999.000000000000000,-9999.000000000000000,2.020000000000000,2.342392000000000,1.700000000000000,0.024971345381200,26.500000000000000,31.338879723700000,0.300000000000000,0.366330000000000,0.200000000000000,0.230200000000000,0.250000000000000,1.400000000000000,1.593060000000000,230.000000000000000,0.038364792462700,0.170000000000000,0.090000000000000,0.102789000000000,0.370000000000000,0.436319725661000,74.000000000000000,132.103697831999995,0.940000000000000,1.185340000000000,4.590000000000000,5.828841000000000,0.610000000000000,0.694607000000000,35.000000000000000,43.567999999999998,78.700000000000003,106.306961012000002
120.095093161754,-33.5494693723349,"9926060",ROCKC,"101503",GSRK0275,10.100000000000000,4400.000000000000000,0.831363568508000,6.100000000000000,2.952000000000000,-9999.000000000000000,96.000000000000000,107.183529464000003,0.900000000000000,3.140000000000000,-9999.000000000000000,-9999.000000000000000,230.000000000000000,0.032181289799000,0.100000000000000,8.000000000000000,9.827199999999999,-9999.000000000000000,35.100000000000001,-9999.000000000000000,110.000000000000000,160.771234225999990,1.100000000000000,1.166220000000000,59816.000000000000000,0.780000000000000,0.895206000000000,0.000000000000000,-9999.000000000000000,0.300000000000000,0.347370000000000,-9999.000000000000000,11010.000000000000000,-9999.000000000000000,1.415886000000000,-9999.000000000000000,16.660000000000000,22.394372000000001,0.820000000000000,0.945132000000000,0.180000000000000,-9999.000000000000000,-9999.000000000000000,1.370000000000000,-9999.000000000000000,0.150000000000000,0.171825000000000,-9999.000000000000000,2.087000000000000,-9999.000000000000000,1280.000000000000000,0.154189559194000,5.100000000000000,5.981280000000000,-9999.000000000000000,4.800000000000000,10.332960000000000,-9999.000000000000000,0.070000000000000,0.079597000000000,1310.000000000000000,0.217234128647000,43.700000000000003,0.005642663182140,2.320000000000000,310.000000000000000,0.041787029036600,1.950000000000000,2.789475000000000,3.800000000000000,4.432320000000000,41.200000000000003,-9999.000000000000000,44.000000000000000,0.010082007969400,4.100000000000000,-9999.000000000000000,453.000000000000000,530.145899999999983,-9999.000000000000000,52.159999999999997,57.042175999999998,-0.001000000000000,-9999.000000000000000,-9999.000000000000000,0.040000000000000,0.470000000000000,0.624348000000000,10.100000000000000,10.900000000000000,-9999.000000000000000,-9999.000000000000000,0.970000000000000,1.124812000000000,14.000000000000000,0.099885381524700,400.000000000000000,473.039693942999975,0.210000000000000,0.256431000000000,0.120000000000000,0.138120000000000,13.160000000000000,1.100000000000000,1.251690000000000,150.000000000000000,0.025020516823500,0.190000000000000,0.060000000000000,0.068526000000000,0.740000000000000,0.872639451322000,49.000000000000000,87.474070186299997,5.350000000000000,6.746350000000000,3.660000000000000,4.647834000000000,0.480000000000000,0.546576000000000,22.000000000000000,27.385600000000000,49.000000000000000,66.188578012700006
120.095093161754,-33.5494693723349,"12153545",ROCKC,"114345",GSRK0274,0.120000000000000,7660.000000000000000,1.447328394270000,2.000000000000000,0.832000000000000,0.000000000000000,139.000000000000000,155.192818703999990,0.500000000000000,0.030000000000000,-9999.000000000000000,-9999.000000000000000,40.000000000000000,0.005596746052000,0.060000000000000,17.949999999999999,22.049779999999998,-9999.000000000000000,72.900000000000006,-9999.000000000000000,239.000000000000000,349.312045273000024,0.950000000000000,1.007190000000000,7746.600000000000364,1.150000100000000,1.319855114770000,0.550000000000000,0.628925000000000,0.520000040000000,0.602108046316000,-9999.000000000000000,7000.000000000000000,-9999.000000000000000,0.900200000000000,-9999.000000000000000,18.000000000000000,24.195599999999999,1.580000000000000,1.821108000000000,0.070000000000000,-9999.000000000000000,-9999.000000000000000,2.130000000000000,0.000000000000000,0.190000010000000,0.217645011455000,-9999.000000000000000,0.658000000000000,-9999.000000000000000,1400.000000000000000,0.168644830368000,10.100000000000000,11.845280000000001,-9999.000000000000000,16.100000000000001,34.658470000000001,-9999.000000000000000,0.100000000000000,0.113710000000000,3080.000000000000000,0.510748943690000,30.499998000000001,0.003938242923800,0.460000000000000,340.000000000000000,0.045830935072400,2.900000000000000,4.148450000000001,8880.000000000000000,10357.631999999999607,186.699999999999989,-9999.000000000000000,13.499999000000001,0.003093343125120,4.000000000000000,0.000000000000000,2.170000000000000,2.539551000000000,0.000000000000000,40.200000000000003,43.962719999999997,-0.001000000000000,-9999.000000000000000,-9999.000000000000000,0.010000000000000,0.460000000000000,0.611064000000000,14.000000000000000,0.500000000000000,0.000000000000000,-9999.000000000000000,2.020000000000000,2.342392000000000,1.700000000000000,0.024971345381200,26.500000000000000,31.338879723700000,0.300000000000000,0.366330000000000,0.200000000000000,0.230200000000000,0.250000000000000,1.400000000000000,1.593060000000000,230.000000000000000,0.038364792462700,0.170000000000000,0.090000000000000,0.102789000000000,0.370000000000000,0.436319725661000,74.000000000000000,132.103697831999995,0.940000000000000,1.185340000000000,4.590000000000000,5.828841000000000,0.610000000000000,0.694607000000000,35.000000000000000,43.567999999999998,78.700000000000003,106.306961012000002
120.095093161754,-33.5494693723349,"12153546",ROCKC,"114345",GSRK0275,10.119999999999999,4400.000000000000000,0.831363568508000,6.100000000000000,2.952000000000000,0.000000000000000,96.000000000000000,107.183529464000003,0.850000000000000,3.140000000000000,-9999.000000000000000,-9999.000000000000000,229.999989999999997,0.032181288399800,0.140000000000000,8.150001000000000,10.011461228400000,-9999.000000000000000,35.100000000000001,-9999.000000000000000,110.000000000000000,160.771234225999990,1.140000000000000,1.208628000000000,59816.000000000000000,0.780000030000000,0.895206034431000,0.430000000000000,0.491705000000000,0.310000000000000,0.358949000000000,-9999.000000000000000,11009.998999999999796,-9999.000000000000000,1.415885871400000,-9999.000000000000000,16.660000000000000,22.394372000000001,0.820000050000000,0.945132057630000,0.180000000000000,-9999.000000000000000,-9999.000000000000000,1.370000000000000,0.000000000000000,0.150000000000000,0.171825000000000,-9999.000000000000000,2.087000000000000,-9999.000000000000000,1280.000000000000000,0.154189559194000,5.100000400000000,5.981280469120000,-9999.000000000000000,4.800000000000000,10.332960000000000,-9999.000000000000000,0.070000000000000,0.079597000000000,1310.000000000000000,0.217234128647000,43.700000000000003,0.005642663182140,2.320000000000000,310.000000000000000,0.041787029036600,1.950000000000000,2.789475000000000,3800.000000000000000,4432.319999999999709,41.200000000000003,-9999.000000000000000,44.000000000000000,0.010082007969400,4.100000000000000,0.000000000000000,0.920000000000000,1.076676000000000,0.000000000000000,52.159999999999997,57.042175999999998,-0.001000000000000,-9999.000000000000000,-9999.000000000000000,0.040000000000000,0.470000000000000,0.624348000000000,10.100000000000000,10.900000000000000,0.000000000000000,-9999.000000000000000,0.970000000000000,1.124812000000000,14.000000000000000,0.099885381524700,25.699999999999999,30.392800335899999,0.210000000000000,0.256431000000000,0.120000005000000,0.138120005755000,13.160000000000000,1.100000000000000,1.251690000000000,150.000000000000000,0.025020516823500,0.190000000000000,0.060000002000000,0.068526002284200,0.740000000000000,0.872639451322000,49.000000000000000,87.474070186299997,5.350000000000000,6.746350000000000,3.660000000000000,4.647834000000000,0.480000020000000,0.546576022774000,22.000000000000000,27.385600000000000,49.000000000000000,66.188578012700006
120.092944160591,-33.5493463713409,"9926021",ROCKC,"101503",GSRK0124,13.699999999999999,340.000000000000000,0.064241730293800,2.400000000000000,3.542000000000000,-9999.000000000000000,14.000000000000000,15.630931380200000,-0.050000000000000,1.350000000000000,-9999.000000000000000,-9999.000000000000000,70.000000000000000,0.009794305591000,2.070000000000000,1.500000000000000,1.842600000000000,-9999.000000000000000,34.000000000000000,-9999.000000000000000,18.000000000000000,26.308020146099999,0.000000000000000,-9999.000000000000000,10000.000000000000000,0.330000000000000,0.378741000000000,0.230000000000000,0.263005000000000,0.050000000000000,0.057895000000000,-9999.000000000000000,8040.000000000000000,-9999.000000000000000,1.033944000000000,-9999.000000000000000,1.510000000000000,2.029742000000000,0.270000000000000,0.311202000000000,0.080000000000000,-9999.000000000000000,-9999.000000000000000,0.050000000000000,-9999.000000000000000,0.070000000000000,0.080185000000000,-9999.000000000000000,1.273000000000000,-9999.000000000000000,90.000000000000000,0.010841453380800,1.000000000000000,1.172800000000000,-9999.000000000000000,1.700000000000000,3.659590000000000,-9999.000000000000000,0.040000000000000,0.045484000000000,50.000000000000000,0.008291378956000,9.599999499999999,0.001239578117330,13.650000000000000,60.000000000000000,0.008087812071600,0.160000000000000,0.228880000000000,0.700000000000000,0.816480000000000,44.399999999999999,-9999.000000000000000,22.300000000000001,0.005109744948150,3.400000000000000,-9999.000000000000000,0.170000000000000,0.198951000000000,-9999.000000000000000,3.600000000000000,3.936960000000000,0.003000000000000,-9999.000000000000000,-9999.000000000000000,5.000000000000000,0.140000000000000,0.185976000000000,0.700000000000000,10.699999999999999,-9999.000000000000000,-9999.000000000000000,0.180000000000000,0.208728000000000,5.100000000000000,12.485672690600000,5.500000000000000,6.504295791720000,0.020000000000000,0.024422000000000,0.050000000000000,0.057550000000000,3.480000000000000,-0.100000000000000,-9999.000000000000000,10.000000000000000,0.001668034454900,0.070000000000000,0.030000000000000,0.034263000000000,0.210000000000000,0.247640925375000,9.000000000000000,16.066665952600001,0.290000000000000,0.365690000000000,2.000000000000000,2.539800000000000,0.190000000000000,0.216353000000000,152.000000000000000,189.209599999999995,2.200000000000000,2.971732074040000
120.092944160591,-33.5493463713409,"12153494",ROCKC,"114345",GSRK0124,13.670000000000000,340.000000000000000,0.064241730293800,2.400000000000000,3.542000000000000,0.000000000000000,14.000000000000000,15.630931380200000,-0.050000000000000,1.350000000000000,-9999.000000000000000,-9999.000000000000000,70.000000000000000,0.009794305591000,2.070000000000000,1.470000000000000,1.805748000000000,-9999.000000000000000,34.299999999999997,-9999.000000000000000,18.000000000000000,26.308020146099999,0.220000000000000,0.233244000000000,10000.000000000000000,0.330000000000000,0.378741000000000,0.230000000000000,0.263005000000000,0.050000000000000,0.057895000000000,-9999.000000000000000,8040.000000000000000,-9999.000000000000000,1.033944000000000,-9999.000000000000000,1.510000000000000,2.029742000000000,0.270000000000000,0.311202000000000,0.080000000000000,-9999.000000000000000,-9999.000000000000000,0.050000000000000,0.000000000000000,0.070000000000000,0.080185000000000,-9999.000000000000000,1.273000000000000,-9999.000000000000000,89.999995999999996,0.010841452899000,1.000000000000000,1.172800000000000,-9999.000000000000000,1.700000000000000,3.659590000000000,-9999.000000000000000,0.040000003000000,0.045484003411300,49.999997000000000,0.008291378458520,9.599999499999999,0.001239578117330,13.650000000000000,60.000000000000000,0.008087812071600,0.160000000000000,0.228880000000000,700.000000000000000,816.480000000000018,44.399999999999999,-9999.000000000000000,22.300000000000001,0.005109744948150,3.400000000000000,0.000000000000000,0.170000000000000,0.198951000000000,0.000000000000000,3.600000000000000,3.936960000000000,0.003000000000000,-9999.000000000000000,-9999.000000000000000,5.000000000000000,0.140000000000000,0.185976000000000,0.700000000000000,10.699999999999999,0.000000000000000,-9999.000000000000000,0.180000000000000,0.208728000000000,5.100000000000000,12.485672690600000,5.500000000000000,6.504295791720000,0.020000000000000,0.024422000000000,0.050000000000000,0.057550000000000,3.480000000000000,-0.100000000000000,-9999.000000000000000,10.000000000000000,0.001668034454900,0.070000000000000,0.030000001000000,0.034263001142100,0.210000000000000,0.247640925375000,9.000000000000000,16.066665952600001,0.290000000000000,0.365690000000000,2.000000000000000,2.539800000000000,0.190000010000000,0.216353011387000,152.000000000000000,189.209599999999995,2.200000000000000,2.971732074040000
120.092825160525,-33.5493433712845,"9926022",ROCKC,"101503",GSRK0125,0.400000000000000,7170.000000000000000,1.354744724140000,1.100000000000000,0.064000000000000,-9999.000000000000000,244.000000000000000,272.424804054999981,0.000000000000000,0.040000000000000,-9999.000000000000000,-9999.000000000000000,840.000000000000000,0.117531667092000,0.370000000000000,4.700000000000000,5.773480000000000,-9999.000000000000000,88.000000000000000,-9999.000000000000000,189.000000000000000,276.234211533999996,3.000000000000000,3.180600000000000,3341.199999999999818,1.170000000000000,1.342809000000000,1.090000000000000,1.246415000000000,0.330000000000000,0.382107000000000,-9999.000000000000000,15380.000000000000000,-9999.000000000000000,1.977868000000000,-9999.000000000000000,25.949999999999999,34.881990000000002,1.090000000000000,1.256334000000000,0.120000000000000,-9999.000000000000000,-9999.000000000000000,2.470000000000000,-9999.000000000000000,0.300000000000000,0.343650000000000,-9999.000000000000000,0.145000000000000,-9999.000000000000000,3050.000000000000000,0.367404809016000,2.500000000000000,2.932000000000000,-9999.000000000000000,43.700000000000003,94.072990000000004,-9999.000000000000000,0.250000000000000,0.284275000000000,2280.000000000000000,0.378086880394000,51.799998000000002,0.006688557014860,3.860000000000000,1000.000000000000000,0.134796867860000,3.670000000000000,5.249935000000000,2.970000000000000,3.464208000000000,169.900000000000006,-9999.000000000000000,27.999998999999999,0.006415823024140,8.800000000000002,-9999.000000000000000,0.680000000000000,0.795804000000000,-9999.000000000000000,83.159999999999997,90.943776000000000,0.002000000000000,-9999.000000000000000,-9999.000000000000000,0.120000000000000,-0.050000000000000,-9999.000000000000000,20.699999999999999,0.700000000000000,-9999.000000000000000,-9999.000000000000000,0.820000000000000,0.950872000000000,2.100000000000000,0.299656144574000,42.299999999999997,50.023947634499997,0.300000000000000,0.366330000000000,0.170000000000000,0.195670000000000,0.100000000000000,1.000000000000000,1.137900000000000,640.000000000000000,0.106754205114000,0.320000000000000,0.180000000000000,0.205578000000000,1.910000000000000,2.252353178410000,251.000000000000000,448.081461567000019,0.560000000000000,0.706160000000000,8.109999999999999,10.298889000000001,1.470000000000000,1.673889000000000,266.000000000000000,331.116800000000012,88.500000000000000,119.544676615000000
120.092825160525,-33.5493433712845,"12153495",ROCKC,"114345",GSRK0125,0.370000000000000,7169.999600000000100,1.354744648560000,1.100000000000000,0.064000000000000,0.000000000000000,244.000000000000000,272.424804054999981,0.370000000000000,0.040000000000000,-9999.000000000000000,-9999.000000000000000,840.000000000000000,0.117531667092000,0.370000000000000,4.680000300000000,5.748912368520000,-9999.000000000000000,88.099999999999994,-9999.000000000000000,189.000000000000000,276.234211533999996,2.540000000000000,2.692908000000000,3341.199999999999818,1.170000100000000,1.342809114770000,1.090000000000000,1.246415000000000,0.330000000000000,0.382107000000000,-9999.000000000000000,15379.998999999999796,-9999.000000000000000,1.977867871400000,-9999.000000000000000,25.949999999999999,34.881990000000002,1.090000000000000,1.256334000000000,0.120000000000000,-9999.000000000000000,-9999.000000000000000,2.470000000000000,0.000000000000000,0.300000000000000,0.343650000000000,-9999.000000000000000,0.145000000000000,-9999.000000000000000,3050.000000000000000,0.367404809016000,2.500000000000000,2.932000000000000,-9999.000000000000000,43.700000000000003,94.072990000000004,-9999.000000000000000,0.250000000000000,0.284275000000000,2280.000000000000000,0.378086880394000,51.799998000000002,0.006688557014860,3.860000000000000,1000.000000000000000,0.134796867860000,3.670000000000000,5.249935000000000,2970.000000000000000,3464.208000000000084,169.900000000000006,-9999.000000000000000,27.999998999999999,0.006415823024140,8.800000000000002,0.000000000000000,0.680000000000000,0.795804000000000,0.000000000000000,83.159999999999997,90.943776000000000,0.002000000000000,-9999.000000000000000,-9999.000000000000000,0.120000000000000,-0.050000000000000,-9999.000000000000000,20.699999999999999,0.700000000000000,0.000000000000000,-9999.000000000000000,0.820000050000000,0.950872057980000,2.100000000000000,0.299656144574000,42.299999999999997,50.023947634499997,0.300000000000000,0.366330000000000,0.170000000000000,0.195670000000000,0.100000000000000,1.000000000000000,1.137900000000000,640.000000000000000,0.106754205114000,0.320000000000000,0.180000000000000,0.205578000000000,1.910000000000000,2.252353178410000,251.000000000000000,448.081461567000019,0.560000000000000,0.706160000000000,8.109999999999999,10.298889000000001,1.470000000000000,1.673889000000000,266.000000000000000,331.116800000000012,88.500000000000000,119.544676615000000
120.091221159972,-33.5490353704795,"9926051",ROCKC,"101503",GSRK0266,0.100000000000000,4700.000000000000000,0.888047448179000,3.500000000000000,0.005000000000000,-9999.000000000000000,463.000000000000000,516.937230645999989,0.700000000000000,0.030000000000000,-9999.000000000000000,-9999.000000000000000,1870.000000000000000,0.261647877931000,0.100000000000000,12.000000000000000,14.740800000000000,-9999.000000000000000,11.500000000000000,-9999.000000000000000,22.000000000000000,32.154246845199999,0.700000000000000,0.742140000000000,59.399999999999999,1.020000000000000,1.170654000000000,1.000000000000000,1.143500000000000,0.300000000000000,0.347370000000000,-9999.000000000000000,2920.000000000000000,-9999.000000000000000,0.375512000000000,-9999.000000000000000,17.350000000000001,23.321870000000001,1.130000000000000,1.302438000000000,-0.050000000000000,-9999.000000000000000,-9999.000000000000000,2.810000000000000,-9999.000000000000000,0.190000000000000,0.217645000000000,-9999.000000000000000,0.024000000000000,-9999.000000000000000,1190.000000000000000,0.143348105813000,6.500000000000000,7.623200000000000,-9999.000000000000000,12.600000000000000,27.124020000000002,-9999.000000000000000,0.080000000000000,0.090968000000000,970.000000000000000,0.160852751746000,47.599997000000002,0.006146241431160,1.170000000000000,3000.000000000000000,0.404390603580000,3.810000000000000,5.450205000000000,5.230000000000000,6.100272000000000,27.300000000000001,-9999.000000000000000,33.799999999999997,0.007744815212890,5.200000000000000,-9999.000000000000000,1.260000000000000,1.474578000000000,-9999.000000000000000,40.680000000000000,44.487648000000000,-0.001000000000000,-9999.000000000000000,-9999.000000000000000,-0.010000000000000,0.220000000000000,0.292248000000000,5.600000000000000,-0.500000000000000,-9999.000000000000000,-9999.000000000000000,1.060000000000000,1.229176000000000,1.000000000000000,-9999.000000000000000,151.199999999999989,178.809004310999995,0.300000000000000,0.366330000000000,0.160000000000000,0.184160000000000,-0.010000000000000,2.000000000000000,2.275800000000000,260.000000000000000,0.043368895827400,0.160000000000000,0.080000000000000,0.091368000000000,0.650000000000000,0.766507626161000,62.000000000000000,110.681476562000000,0.410000000000000,0.517010000000000,4.930000000000000,6.260607000000000,0.520000000000000,0.592124000000000,56.000000000000000,69.708799999999997,101.900000000000006,137.645226519999994
120.091221159972,-33.5490353704795,"12153537",ROCKC,"114345",GSRK0266,0.120000000000000,4700.000000000000000,0.888047448179000,3.500000000000000,0.005000000000000,0.000000000000000,463.000000000000000,516.937230645999989,0.740000000000000,0.030000000000000,-9999.000000000000000,-9999.000000000000000,1870.000000000000000,0.261647877931000,0.050000000000000,12.140000000000001,14.912775999999999,-9999.000000000000000,11.500000000000000,-9999.000000000000000,22.000000000000000,32.154246845199999,0.670000000000000,0.710334000000000,59.399999999999999,1.020000100000000,1.170654114770000,0.530000030000000,0.606055034305000,0.340000000000000,0.393686000000000,-9999.000000000000000,2919.999800000000050,-9999.000000000000000,0.375511974280000,-9999.000000000000000,17.350000000000001,23.321870000000001,1.130000000000000,1.302438000000000,-0.050000000000000,-9999.000000000000000,-9999.000000000000000,2.810000000000000,0.000000000000000,0.190000010000000,0.217645011455000,-9999.000000000000000,0.024000000000000,-9999.000000000000000,1189.999900000000025,0.143348093767000,6.500000500000000,7.623200586400000,-9999.000000000000000,12.600000000000000,27.124020000000002,-9999.000000000000000,0.080000006000000,0.090968006822600,969.999969999999962,0.160852746772000,47.599997000000002,0.006146241431160,1.170000000000000,3000.000000000000000,0.404390603580000,3.810000000000000,5.450205000000000,5230.000000000000000,6100.271999999999935,27.300000000000001,-9999.000000000000000,33.799999999999997,0.007744815212890,5.200000000000000,0.000000000000000,1.260000100000000,1.474578117030000,0.000000000000000,40.680000000000000,44.487648000000000,-0.001000000000000,-9999.000000000000000,-9999.000000000000000,0.000000000000000,0.220000000000000,0.292248000000000,5.600000000000000,-0.500000000000000,0.000000000000000,-9999.000000000000000,1.060000100000000,1.229176115960000,1.000000000000000,-9999.000000000000000,151.199999999999989,178.809004310999995,0.300000000000000,0.366330000000000,0.160000010000000,0.184160011510000,-0.010000000000000,2.000000000000000,2.275800000000000,260.000000000000000,0.043368895827400,0.160000000000000,0.080000006000000,0.091368006852600,0.650000000000000,0.766507626161000,62.000000000000000,110.681476562000000,0.410000000000000,0.517010000000000,4.930000000000000,6.260607000000000,0.520000040000000,0.592124045548000,56.000000000000000,69.708799999999997,101.900000000000006,137.645226519999994
120.103487171576,-33.5489443712864,"9919970",ROCKC,"101425",GSRK0289,29.899999999999999,1780.000000000000000,0.336324352715000,3.300000000000000,4.370000000000000,-9999.000000000000000,42.000000000000000,46.892794140600003,0.100000000000000,3.700000000000000,-9999.000000000000000,-9999.000000000000000,1330.000000000000000,0.186091806229000,1.600000000000000,6.000000000000000,7.370400000000000,-9999.000000000000000,97.099999999999994,-9999.000000000000000,23.000000000000000,33.615803520000000,1.000000000000000,1.060200000000000,70129.000000000000000,1.410000000000000,1.618257000000000,1.000000000000000,1.143500000000000,0.200000000000000,0.231580000000000,-9999.000000000000000,6030.000000000000000,-9999.000000000000000,0.775458000000000,-9999.000000000000000,5.780000000000000,7.769476000000000,1.300000000000000,1.498380000000000,0.150000000000000,-9999.000000000000000,-9999.000000000000000,0.380000000000000,-9999.000000000000000,0.280000000000000,0.320740000000000,-9999.000000000000000,2.132000000000000,-9999.000000000000000,180.000000000000000,0.021682906761600,3.300000000000000,3.870240000000000,-9999.000000000000000,3.300000000000000,7.103910000000000,-9999.000000000000000,0.080000000000000,0.090968000000000,1330.000000000000000,0.220550680230000,25.399999999999999,0.003279717272910,16.699999999999999,120.000000000000000,0.016175624143200,0.670000000000000,0.958435000000000,4.010000000000000,4.677264000000000,94.599999999999994,-9999.000000000000000,102.699995000000001,0.023532322001200,4.500000000000000,-9999.000000000000000,1055.000000000000000,1234.666500000000042,-9999.000000000000000,8.289999999999999,9.065944000000000,0.007000000000000,-9999.000000000000000,-9999.000000000000000,2.010000000000000,0.560000000000000,0.743904000000000,4.300000000000000,8.400000000000000,-9999.000000000000000,-9999.000000000000000,1.040000000000000,1.205984000000000,6.800000000000000,5.019240421620000,19800.000000000000000,23415.464850199998182,0.040000000000000,0.048844000000000,0.200000000000000,0.230200000000000,4.890000000000000,0.300000000000000,0.341370000000000,40.000000000000000,0.006672137819600,0.160000000000000,0.100000000000000,0.114210000000000,0.500000000000000,0.589621250893000,26.000000000000000,46.414812751900001,0.280000000000000,0.353080000000000,7.270000000000000,9.232173000000000,0.600000000000000,0.683220000000000,45.000000000000000,56.015999999999998,18.399999999999999,24.854486437399999
120.103487171576,-33.5489443712864,"9919971",ROCKC,"101425",GSRK0290,0.200000000000000,8640.000000000000000,1.632495734520000,1.500000000000000,0.026000000000000,-9999.000000000000000,194.000000000000000,216.600049125999988,0.500000000000000,0.040000000000000,-9999.000000000000000,-9999.000000000000000,2840.000000000000000,0.397368969692000,0.100000000000000,10.000000000000000,12.284000000000001,-9999.000000000000000,43.000000000000000,-9999.000000000000000,233.000000000000000,340.542705223999974,1.800000000000000,1.908360000000000,881.500000000000000,2.940000000000000,3.374238000000000,2.000000000000000,2.287000000000000,0.600000000000000,0.694740000000000,-9999.000000000000000,9760.000000000000000,-9999.000000000000000,1.255136000000000,-9999.000000000000000,16.980000000000000,22.824515999999999,2.430000000000000,2.800818000000000,0.170000000000000,-9999.000000000000000,-9999.000000000000000,2.610000000000000,-9999.000000000000000,0.600000000000000,0.687300000000000,-9999.000000000000000,0.063000000000000,-9999.000000000000000,1990.000000000000000,0.239716580309000,4.200000000000000,4.925760000000000,-9999.000000000000000,32.399999999999999,69.747479999999996,-9999.000000000000000,0.300000000000000,0.341130000000000,3480.000000000000000,0.577079975338000,103.599995000000007,0.013377113900600,1.680000000000000,1860.000000000000000,0.250722174220000,4.560000000000000,6.523080000000000,6.410000000000000,7.476624000000000,170.699999999999989,-9999.000000000000000,71.799999999999997,0.016452003913800,2.400000000000000,-9999.000000000000000,1.320000000000000,1.544796000000000,-9999.000000000000000,67.269999999999996,73.566472000000005,-0.001000000000000,-9999.000000000000000,-9999.000000000000000,0.010000000000000,0.750000000000000,0.996300000000000,23.000000000000000,-0.500000000000000,-9999.000000000000000,-9999.000000000000000,1.800000000000000,2.087280000000000,3.200000000000000,0.024971345381200,88.400000000000006,104.541772361000000,0.270000000000000,0.329697000000000,0.390000000000000,0.448890000000000,-0.010000000000000,1.000000000000000,1.137900000000000,460.000000000000000,0.076729584925400,0.210000000000000,0.280000000000000,0.319788000000000,0.760000000000000,0.896224301358000,167.000000000000000,298.125912675999984,0.570000000000000,0.718770000000000,15.560000000000000,19.759644000000002,1.940000000000000,2.209078000000000,38.000000000000000,47.302399999999999,102.799999999999997,138.860935095999992
120.095413162789,-33.5489083721424,"9926011",ROCKC,"101503",GSRK0098,7.260000000000000,6760.000000000000000,1.277276755250000,6.500000000000000,2.225000000000000,-9999.000000000000000,131.000000000000000,146.260857915000003,0.570000000000000,7.890000000000000,-9999.000000000000000,-9999.000000000000000,1590.000000000000000,0.222470655567000,0.160000000000000,3.460000000000000,4.250264000000000,-9999.000000000000000,91.099999999999994,-9999.000000000000000,126.000000000000000,184.156141023000004,7.260000000000000,7.697052000000000,10000.000000000000000,1.910000000000000,2.192107000000000,1.250000000000000,1.429375000000000,0.400000000000000,0.463160000000000,-9999.000000000000000,12500.000000000000000,-9999.000000000000000,1.607500000000000,-9999.000000000000000,24.010000000000002,32.274242000000001,1.420000000000000,1.636692000000000,0.290000000000000,-9999.000000000000000,-9999.000000000000000,2.420000000000000,-9999.000000000000000,0.410000000000000,0.469655000000000,-9999.000000000000000,0.780000000000000,-9999.000000000000000,1840.000000000000000,0.221647491341000,2.000000000000000,2.345600000000000,-9999.000000000000000,88.299999999999997,190.083409999999986,-9999.000000000000000,0.200000000000000,0.227420000000000,3700.000000000000000,0.613562042744000,71.499995999999996,0.009232274484030,5.620000000000000,880.000000000000000,0.118621243717000,4.960000000000000,7.095280000000000,2.440000000000000,2.846016000000000,151.300000000000011,-9999.000000000000000,11.299999000000000,0.002589242726650,2.700000000000000,-9999.000000000000000,115.000000000000000,134.584499999999991,-9999.000000000000000,29.430000000000000,32.184648000000003,0.001000000000000,-9999.000000000000000,-9999.000000000000000,-0.010000000000000,0.270000000000000,0.358668000000000,13.100000000000000,4.600000000000000,-9999.000000000000000,-9999.000000000000000,0.790000000000000,0.916084000000000,7.700000000000000,-9999.000000000000000,38.000000000000000,44.938770924600000,0.350000000000000,0.427385000000000,0.270000000000000,0.310770000000000,1.900000000000000,1.100000000000000,1.251690000000000,220.000000000000000,0.036696758007800,0.220000000000000,0.190000000000000,0.216999000000000,1.580000000000000,1.863203152820000,92.000000000000000,164.237029737999990,1.140000000000000,1.437540000000000,10.020000000000000,12.724398000000001,1.270000000000000,1.446149000000000,70.000000000000000,87.135999999999996,92.000000000000000,124.272432187000007
120.095413162789,-33.5489083721424,"12153484",ROCKC,"114345",GSRK0098,7.260000000000000,6759.999799999999595,1.277276717460000,6.500000000000000,2.225000000000000,0.000000000000000,131.000000000000000,146.260857915000003,0.570000000000000,7.890000000000000,-9999.000000000000000,-9999.000000000000000,1589.999900000000025,0.222470641575000,0.160000000000000,3.460000300000000,4.250264368520000,-9999.000000000000000,91.099999999999994,-9999.000000000000000,126.000000000000000,184.156141023000004,7.260000000000000,7.697052000000000,10000.000000000000000,1.910000100000000,2.192107114770000,1.250000000000000,1.429375000000000,0.400000000000000,0.463160000000000,-9999.000000000000000,12500.000000000000000,-9999.000000000000000,1.607500000000000,-9999.000000000000000,24.010000000000002,32.274242000000001,1.420000100000000,1.636692115260000,0.290000000000000,-9999.000000000000000,-9999.000000000000000,2.420000000000000,0.000000000000000,0.410000030000000,0.469655034365000,-9999.000000000000000,0.780000000000000,-9999.000000000000000,1839.999900000000025,0.221647479295000,2.000000000000000,2.345600000000000,-9999.000000000000000,88.299999999999997,190.083409999999986,-9999.000000000000000,0.200000000000000,0.227420000000000,3699.999800000000050,0.613562009578000,71.499995999999996,0.009232274484030,5.620000000000000,880.000000000000000,0.118621243717000,4.960000000000000,7.095280000000000,2440.000000000000000,2846.016000000000076,151.300000000000011,-9999.000000000000000,11.299999000000000,0.002589242726650,2.700000000000000,0.000000000000000,0.590000030000000,0.690477035109000,0.000000000000000,29.430000000000000,32.184648000000003,0.001000000000000,-9999.000000000000000,-9999.000000000000000,0.000000000000000,0.270000000000000,0.358668000000000,13.100000000000000,4.600000000000000,0.000000000000000,-9999.000000000000000,0.790000000000000,0.916084000000000,7.700000000000000,-9999.000000000000000,38.000000000000000,44.938770924600000,0.350000000000000,0.427385000000000,0.270000000000000,0.310770000000000,1.900000000000000,1.100000000000000,1.251690000000000,220.000000000000000,0.036696758007800,0.220000000000000,0.190000010000000,0.216999011421000,1.580000000000000,1.863203152820000,92.000000000000000,164.237029737999990,1.140000000000000,1.437540000000000,10.020000000000000,12.724398000000001,1.270000100000000,1.446149113870000,70.000000000000000,87.135999999999996,92.000000000000000,124.272432187000007
120.103015171098,-33.548888371337,"9919972",ROCKC,"101425",GSRK0291,16.800000000000001,1720.000000000000000,0.324987576780000,2.800000000000000,1.780000000000000,-9999.000000000000000,22.000000000000000,24.562892168899999,0.100000000000000,8.560000000000000,-9999.000000000000000,-9999.000000000000000,60.000000000000000,0.008395119078000,0.500000000000000,6.000000000000000,7.370400000000000,-9999.000000000000000,108.700000000000003,-9999.000000000000000,24.000000000000000,35.077360194800001,0.400000000000000,0.424080000000000,66957.000000000000000,1.560000000000000,1.790412000000000,1.000000000000000,1.143500000000000,0.300000000000000,0.347370000000000,-9999.000000000000000,10080.000000000000000,-9999.000000000000000,1.296288000000000,-9999.000000000000000,5.900000000000000,7.930780000000000,1.330000000000000,1.532958000000000,0.120000000000000,-9999.000000000000000,-9999.000000000000000,0.580000000000000,-9999.000000000000000,0.330000000000000,0.378015000000000,-9999.000000000000000,2.712000000000000,-9999.000000000000000,70.000000000000000,0.008432241518400,3.200000000000000,3.752960000000000,-9999.000000000000000,2.600000000000000,5.597020000000000,-9999.000000000000000,0.140000000000000,0.159194000000000,720.000000000000000,0.119395856966000,23.100000000000001,0.002982735000170,7.630000000000000,40.000000000000000,0.005391874714400,0.510000000000000,0.729555000000000,3.800000000000000,4.432320000000000,192.599999999999994,-9999.000000000000000,62.899999999999999,0.014412688665400,4.200000000000000,-9999.000000000000000,643.000000000000000,752.502899999999954,-9999.000000000000000,2.800000000000000,3.062080000000000,-0.001000000000000,-9999.000000000000000,-9999.000000000000000,0.060000000000000,0.710000000000000,0.943164000000000,9.699999999999999,3.000000000000000,-9999.000000000000000,-9999.000000000000000,1.030000000000000,1.194388000000000,9.600000000000000,0.149828072287000,600.000000000000000,709.559540914999957,0.040000000000000,0.048844000000000,0.210000000000000,0.241710000000000,8.070000000000000,0.500000000000000,0.568950000000000,30.000000000000000,0.005004103364700,-0.020000000000000,0.150000000000000,0.171315000000000,2.340000000000000,2.759427454180000,39.000000000000000,69.622219127899996,0.360000000000000,0.453960000000000,9.010000000000000,11.441799000000000,0.930000000000000,1.058991000000000,53.000000000000000,65.974400000000003,33.200000000000003,44.846138571899999
120.103015171098,-33.548888371337,"9919973",ROCKC,"101425",GSRK0292,0.100000000000000,7430.000000000000000,1.403870753190000,1.300000000000000,0.012000000000000,-9999.000000000000000,83.000000000000000,92.669093182699996,0.900000000000000,0.020000000000000,-9999.000000000000000,-9999.000000000000000,1850.000000000000000,0.258849504905000,0.100000000000000,9.000000000000000,11.055600000000000,-9999.000000000000000,33.500000000000000,-9999.000000000000000,330.000000000000000,482.313702678000027,0.500000000000000,0.530100000000000,280.800000000000011,1.330000000000000,1.526441000000000,1.000000000000000,1.143500000000000,0.600000000000000,0.694740000000000,-9999.000000000000000,6700.000000000000000,-9999.000000000000000,0.861620000000000,-9999.000000000000000,20.050000000000001,26.951210000000000,1.400000000000000,1.613640000000000,0.140000000000000,-9999.000000000000000,-9999.000000000000000,3.110000000000000,-9999.000000000000000,0.260000000000000,0.297830000000000,-9999.000000000000000,0.036000000000000,-9999.000000000000000,970.000000000000000,0.116846775326000,3.100000000000000,3.635680000000000,-9999.000000000000000,22.800000000000001,49.081560000000003,-9999.000000000000000,0.130000000000000,0.147823000000000,2910.000000000000000,0.482558255239000,88.700000000000003,0.011453185909700,0.900000000000000,2360.000000000000000,0.318120608150000,5.710000000000000,8.168155000000000,4.710000000000000,5.493744000000000,95.599999999999994,-9999.000000000000000,89.899994000000007,0.020599373999100,3.400000000000000,-9999.000000000000000,1.000000000000000,1.170300000000000,-9999.000000000000000,25.050000000000001,27.394680000000001,-0.001000000000000,-9999.000000000000000,-9999.000000000000000,-0.010000000000000,1.130000000000000,1.501092000000000,21.199999999999999,-0.500000000000000,-9999.000000000000000,-9999.000000000000000,1.440000000000000,1.669824000000000,1.000000000000000,-9999.000000000000000,75.299999999999997,89.049722384800006,0.450000000000000,0.549495000000000,0.220000000000000,0.253220000000000,0.010000000000000,0.800000000000000,0.910320000000000,580.000000000000000,0.096745998384200,0.080000000000000,0.120000000000000,0.137052000000000,0.190000000000000,0.224056075339000,228.000000000000000,407.022204132000013,0.690000000000000,0.870090000000000,5.500000000000000,6.984450000000000,0.840000000000000,0.956508000000000,25.000000000000000,31.120000000000001,117.700000000000003,158.987665961000005
120.103662171822,-33.5488583712697,"3763418",ROCKC,"92490",RVR1306,-9999.000000000000000,-9999.000000000000000,-9999.000000000000000,3.000000000000000,0.810000000000000,-9999.000000000000000,-9999.000000000000000,-9999.000000000000000,-9999.000000000000000,-9999.000000000000000,-9999.000000000000000,-9999.000000000000000,-9999.000000000000000,-9999.000000000000000,-9999.000000000000000,-9999.000000000000000,-9999.000000000000000,-9999.000000000000000,-9999.000000000000000,-9999.000000000000000,-9999.000000000000000,-9999.000000000000000,-9999.000000000000000,-9999.000000000000000,33300.000000000000000,-9999.000000000000000,-9999.000000000000000,-9999.000000000000000,-9999.000000000000000,-9999.000000000000000,-9999.000000000000000,-9999.000000000000000,-9999.000000000000000,-9999.000000000000000,-9999.000000000000000,-9999.000000000000000,-9999.000000000000000,-9999.000000000000000,-9999.000000000000000,-9999.000000000000000,-9999.000000000000000,-9999.000000000000000,-9999.000000000000000,-9999.000000000000000,-9999.000000000000000,-9999.000000000000000,-9999.000000000000000,-9999.000000000000000,-9999.000000000000000,-9999.000000000000000,-9999.000000000000000,-9999.000000000000000,-9999.000000000000000,-9999.000000000000000,-9999.000000000000000,-9999.000000000000000,-9999.000000000000000,-9999.000000000000000,-9999.000000000000000,-9999.000000000000000,-9999.000000000000000,-9999.000000000000000,-9999.000000000000000,-9999.000000000000000,-9999.000000000000000,-9999.000000000000000,-9999.000000000000000,-9999.000000000000000,-9999.000000000000000,-9999.000000000000000,-9999.000000000000000,-9999.000000000000000,-9999.000000000000000,-9999.000000000000000,-9999.000000000000000,21.000000000000000,-9999.000000000000000,-9999.000000000000000,-9999.000000000000000,-9999.000000000000000,-9999.000000000000000,-9999.000000000000000,-9999.000000000000000,-9999.000000000000000,-9999.000000000000000,-9999.000000000000000,-9999.000000000000000,-9999.000000000000000,-9999.000000000000000,-9999.000000000000000,-9999.000000000000000,-9999.000000000000000,-9999.000000000000000,-9999.000000000000000,-9999.000000000000000,-9999.000000000000000,-9999.000000000000000,-9999.000000000000000,-9999.000000000000000,-9999.000000000000000,-9999.000000000000000,-9999.000000000000000,-9999.000000000000000,-9999.000000000000000,-9999.000000000000000,-9999.000000000000000,-9999.000000000000000,-9999.000000000000000,-9999.000000000000000,-9999.000000000000000,-9999.000000000000000,-9999.000000000000000,-9999.000000000000000,-9999.000000000000000,-9999.000000000000000,-9999.000000000000000,-9999.000000000000000,-9999.000000000000000,-9999.000000000000000,-9999.000000000000000,70.000000000000000,87.135999999999996,-9999.000000000000000,-9999.000000000000000
120.094802162311,-33.5488403720712,"9926063",ROCKC,"101503",GSRK0285,0.300000000000000,5210.000000000000000,0.984410043620000,1.700000000000000,0.100000000000000,-9999.000000000000000,178.000000000000000,198.736127548000013,0.500000000000000,-0.010000000000000,-9999.000000000000000,-9999.000000000000000,1020.000000000000000,0.142717024326000,0.100000000000000,44.000000000000000,54.049599999999998,-9999.000000000000000,40.000000000000000,-9999.000000000000000,119.000000000000000,173.925244299000013,1.900000000000000,2.014380000000000,773.899999999999977,1.160000000000000,1.331332000000000,1.000000000000000,1.143500000000000,0.700000000000000,0.810530000000000,-9999.000000000000000,9410.000000000000000,-9999.000000000000000,1.210126000000000,-9999.000000000000000,18.100000000000001,24.330020000000001,1.940000000000000,2.236044000000000,0.170000000000000,-9999.000000000000000,-9999.000000000000000,3.370000000000000,-9999.000000000000000,0.200000000000000,0.229100000000000,-9999.000000000000000,0.035000000000000,-9999.000000000000000,1980.000000000000000,0.238511974378000,24.600000000000001,28.850880000000000,-9999.000000000000000,23.000000000000000,49.512099999999997,-9999.000000000000000,0.120000000000000,0.136452000000000,1710.000000000000000,0.283565160295000,25.399999999999999,0.003279717272910,1.540000000000000,1860.000000000000000,0.250722174220000,5.810000000000000,8.311204999999999,14.789999999999999,17.251055999999998,87.900000000000006,-9999.000000000000000,25.600000000000001,0.005865895545860,2.300000000000000,-9999.000000000000000,3.830000000000000,4.482249000000001,-9999.000000000000000,82.549999999999997,90.276679999999999,-0.001000000000000,-9999.000000000000000,-9999.000000000000000,0.010000000000000,2.170000000000000,2.882628000000000,7.200000000000000,-0.500000000000000,-9999.000000000000000,-9999.000000000000000,2.410000000000000,2.794636000000000,5.300000000000000,0.024971345381200,53.899999999999999,63.742098758899999,0.400000000000000,0.488440000000000,0.220000000000000,0.253220000000000,0.020000000000000,2.000000000000000,2.275800000000000,350.000000000000000,0.058381205921500,0.250000000000000,0.090000000000000,0.102789000000000,1.000000000000000,1.179242501790000,79.000000000000000,141.029623361999995,0.670000000000000,0.844870000000000,5.070000000000000,6.438393000000000,0.770000000000000,0.876799000000000,21.000000000000000,26.140799999999999,121.599999999999994,164.255736455999994
120.094802162311,-33.5488403720712,"12153549",ROCKC,"114345",GSRK0285,0.250000000000000,5210.000000000000000,0.984410043620000,1.700000000000000,0.100000000000000,0.000000000000000,178.000000000000000,198.736127548000013,0.520000000000000,-0.010000000000000,-9999.000000000000000,-9999.000000000000000,1020.000000000000000,0.142717024326000,0.060000000000000,43.570003999999997,53.521392913600003,-9999.000000000000000,40.000000000000000,-9999.000000000000000,119.000000000000000,173.925244299000013,1.920000000000000,2.035584000000000,773.899999999999977,1.160000100000000,1.331332114770000,0.600000000000000,0.686100000000000,0.740000000000000,0.856846000000000,-9999.000000000000000,9410.000000000000000,-9999.000000000000000,1.210126000000000,-9999.000000000000000,18.100000000000001,24.330020000000001,1.940000000000000,2.236044000000000,0.170000000000000,-9999.000000000000000,-9999.000000000000000,3.370000000000000,0.000000000000000,0.200000000000000,0.229100000000000,-9999.000000000000000,0.035000000000000,-9999.000000000000000,1979.999900000000025,0.238511962332000,24.600000000000001,28.850880000000000,-9999.000000000000000,23.000000000000000,49.512099999999997,-9999.000000000000000,0.120000005000000,0.136452005686000,1709.999900000000025,0.283565143712000,25.399999999999999,0.003279717272910,1.540000000000000,1859.999900000000025,0.250722160740000,5.810000000000000,8.311204999999999,14790.000000000000000,17251.056000000000495,87.900000000000006,-9999.000000000000000,25.600000000000001,0.005865895545860,2.300000000000000,0.000000000000000,3.830000200000000,4.482249234060000,0.000000000000000,82.549999999999997,90.276679999999999,-0.001000000000000,-9999.000000000000000,-9999.000000000000000,0.010000000000000,2.170000000000000,2.882628000000000,7.200000000000000,-0.500000000000000,0.000000000000000,-9999.000000000000000,2.410000000000000,2.794636000000000,5.300000000000000,0.024971345381200,53.899999999999999,63.742098758899999,0.400000000000000,0.488440000000000,0.220000010000000,0.253220011510000,0.020000000000000,2.000000000000000,2.275800000000000,350.000000000000000,0.058381205921500,0.250000000000000,0.090000000000000,0.102789000000000,1.000000000000000,1.179242501790000,79.000000000000000,141.029623361999995,0.670000000000000,0.844870000000000,5.070000000000000,6.438393000000000,0.770000040000000,0.876799045548000,21.000000000000000,26.140799999999999,121.599999999999994,164.255736455999994
120.102975171111,-33.5488063713412,"3763419",ROCKC,"92490",RVR1307,-9999.000000000000000,-9999.000000000000000,-9999.000000000000000,-9999.000000000000000,0.150000000000000,-9999.000000000000000,-9999.000000000000000,-9999.000000000000000,-9999.000000000000000,-9999.000000000000000,-9999.000000000000000,-9999.000000000000000,-9999.000000000000000,-9999.000000000000000,-9999.000000000000000,-9999.000000000000000,-9999.000000000000000,-9999.000000000000000,-9999.000000000000000,-9999.000000000000000,-9999.000000000000000,-9999.000000000000000,-9999.000000000000000,-9999.000000000000000,3154.000000000000000,-9999.000000000000000,-9999.000000000000000,-9999.000000000000000,-9999.000000000000000,-9999.000000000000000,-9999.000000000000000,-9999.000000000000000,-9999.000000000000000,-9999.000000000000000,-9999.000000000000000,-9999.000000000000000,-9999.000000000000000,-9999.000000000000000,-9999.000000000000000,-9999.000000000000000,-9999.000000000000000,-9999.000000000000000,-9999.000000000000000,-9999.000000000000000,-9999.000000000000000,-9999.000000000000000,-9999.000000000000000,-9999.000000000000000,-9999.000000000000000,-9999.000000000000000,-9999.000000000000000,-9999.000000000000000,-9999.000000000000000,-9999.000000000000000,-9999.000000000000000,-9999.000000000000000,-9999.000000000000000,-9999.000000000000000,-9999.000000000000000,-9999.000000000000000,-9999.000000000000000,-9999.000000000000000,-9999.000000000000000,-9999.000000000000000,-9999.000000000000000,-9999.000000000000000,-9999.000000000000000,-9999.000000000000000,-9999.000000000000000,-9999.000000000000000,-9999.000000000000000,-9999.000000000000000,-9999.000000000000000,-9999.000000000000000,-9999.000000000000000,-9999.000000000000000,-9999.000000000000000,-9999.000000000000000,-9999.000000000000000,-9999.000000000000000,-9999.000000000000000,-9999.000000000000000,-9999.000000000000000,-9999.000000000000000,-9999.000000000000000,-9999.000000000000000,-9999.000000000000000,-9999.000000000000000,-9999.000000000000000,-9999.000000000000000,-9999.000000000000000,-9999.000000000000000,-9999.000000000000000,-9999.000000000000000,-9999.000000000000000,-9999.000000000000000,-9999.000000000000000,-9999.000000000000000,-9999.000000000000000,-9999.000000000000000,-9999.000000000000000,-9999.000000000000000,-9999.000000000000000,-9999.000000000000000,-9999.000000000000000,-9999.000000000000000,-9999.000000000000000,-9999.000000000000000,-9999.000000000000000,-9999.000000000000000,-9999.000000000000000,-9999.000000000000000,-9999.000000000000000,-9999.000000000000000,-9999.000000000000000,-9999.000000000000000,-9999.000000000000000,-9999.000000000000000,-9999.000000000000000,-9999.000000000000000,22.000000000000000,27.385600000000000,-9999.000000000000000,-9999.000000000000000
120.097876165733,-33.548660371836,"9926058",ROCKC,"101503",GSRK0273,0.300000000000000,500.000000000000000,0.094473132785000,4.300000000000000,13.440000000000000,-9999.000000000000000,20.000000000000000,22.329901971700000,-0.050000000000000,2.440000000000000,-9999.000000000000000,-9999.000000000000000,30.000000000000000,0.004197559539000,0.100000000000000,8.000000000000000,9.827199999999999,-9999.000000000000000,1.900000000000000,-9999.000000000000000,15.000000000000000,21.923350121700000,0.100000000000000,0.106020000000000,103.799999999999997,0.200000000000000,0.229540000000000,0.000000000000000,-9999.000000000000000,0.100000000000000,0.115790000000000,-9999.000000000000000,1150.000000000000000,-9999.000000000000000,0.147890000000000,-9999.000000000000000,0.870000000000000,1.169454000000000,0.350000000000000,0.403410000000000,-0.050000000000000,-9999.000000000000000,-9999.000000000000000,0.100000000000000,-9999.000000000000000,0.030000000000000,0.034365000000000,-9999.000000000000000,-0.005000000000000,-9999.000000000000000,50.000000000000000,0.006023029656000,6.200000000000000,7.271360000000000,-9999.000000000000000,0.800000000000000,1.722160000000000,-9999.000000000000000,-0.010000000000000,-9999.000000000000000,50.000000000000000,0.008291378956000,11.600000000000000,0.001497823636450,0.590000000000000,70.000000000000000,0.009435780750200,-0.050000000000000,-9999.000000000000000,2.800000000000000,3.265920000000000,28.800000000000001,-9999.000000000000000,2.200000000000000,0.000504100398472,8.600000000000000,-9999.000000000000000,0.750000000000000,0.877725000000000,-9999.000000000000000,2.780000000000000,3.040208000000000,-0.001000000000000,-9999.000000000000000,-9999.000000000000000,0.010000000000000,35.609999999999999,47.304324000000001,0.600000000000000,-0.500000000000000,-9999.000000000000000,-9999.000000000000000,0.440000000000000,0.510224000000000,0.500000000000000,0.024971345381200,15.900000000000000,18.803327834200001,0.080000000000000,0.097688000000000,0.040000000000000,0.046040000000000,-0.010000000000000,0.100000000000000,0.113790000000000,20.000000000000000,0.003336068909800,-0.020000000000000,-0.010000000000000,-9999.000000000000000,0.030000000000000,0.035377275053600,6.000000000000000,10.711110635100001,0.220000000000000,0.277420000000000,0.660000000000000,0.838134000000000,0.040000000000000,0.045548000000000,6.000000000000000,7.468800000000000,3.400000000000000,4.592676841700000
120.097876165733,-33.548660371836,"12153544",ROCKC,"114345",GSRK0273,0.340000000000000,500.000000000000000,0.094473132785000,4.300000000000000,13.440000000000000,0.000000000000000,20.000000000000000,22.329901971700000,-0.050000000000000,2.440000000000000,-9999.000000000000000,-9999.000000000000000,30.000000000000000,0.004197559539000,0.120000000000000,8.310000000000000,10.208004000000001,-9999.000000000000000,1.900000000000000,-9999.000000000000000,15.000000000000000,21.923350121700000,0.090000000000000,0.095418000000000,103.799999999999997,0.200000000000000,0.229540000000000,0.070000000000000,0.080045000000000,0.100000000000000,0.115790000000000,-9999.000000000000000,1150.000000000000000,-9999.000000000000000,0.147890000000000,-9999.000000000000000,0.870000000000000,1.169454000000000,0.350000020000000,0.403410023052000,-0.050000000000000,-9999.000000000000000,-9999.000000000000000,0.100000000000000,0.000000000000000,0.030000001000000,0.034365001145500,-9999.000000000000000,-0.005000000000000,-9999.000000000000000,49.999997000000000,0.006023029294620,6.200000300000000,7.271360351840000,-9999.000000000000000,0.800000000000000,1.722160000000000,-9999.000000000000000,-0.010000001000000,-9999.000000000000000,49.999997000000000,0.008291378458520,11.600000000000000,0.001497823636450,0.590000000000000,70.000000000000000,0.009435780750200,-0.050000000000000,-9999.000000000000000,2800.000000000000000,3265.920000000000073,28.800000000000001,-9999.000000000000000,2.200000000000000,0.000504100398472,8.600000000000000,0.000000000000000,0.750000060000000,0.877725070218000,0.000000000000000,2.780000000000000,3.040208000000000,-0.001000000000000,-9999.000000000000000,-9999.000000000000000,0.010000000000000,35.609999999999999,47.304324000000001,0.600000000000000,-0.500000000000000,0.000000000000000,-9999.000000000000000,0.440000030000000,0.510224034788000,0.500000000000000,0.024971345381200,15.900000000000000,18.803327834200001,0.080000000000000,0.097688000000000,0.040000003000000,0.046040003453000,-0.010000000000000,0.100000000000000,0.113790000000000,20.000000000000000,0.003336068909800,-0.020000000000000,-0.010000001000000,-9999.000000000000000,0.030000000000000,0.035377275053600,6.000000000000000,10.711110635100001,0.220000000000000,0.277420000000000,0.660000000000000,0.838134000000000,0.040000003000000,0.045548003416100,6.000000000000000,7.468800000000000,3.400000000000000,4.592676841700000
120.095045163081,-33.54834137202,"9926064",ROCKC,"101503",GSRK0286,-0.010000000000000,3120.000000000000000,0.589512348578000,3.200000000000000,0.002000000000000,-9999.000000000000000,191.000000000000000,213.250563830000004,0.600000000000000,-0.010000000000000,-9999.000000000000000,-9999.000000000000000,620.000000000000000,0.086749563806000,0.000000000000000,18.000000000000000,22.111200000000000,-9999.000000000000000,7.700000000000000,-9999.000000000000000,70.000000000000000,102.308967234999997,0.700000000000000,0.742140000000000,46.799999999999997,0.630000000000000,0.723051000000000,0.000000000000000,-9999.000000000000000,0.400000000000000,0.463160000000000,-9999.000000000000000,2760.000000000000000,-9999.000000000000000,0.354936000000000,-9999.000000000000000,12.859999999999999,17.286411999999999,1.200000000000000,1.383120000000000,0.160000000000000,-9999.000000000000000,-9999.000000000000000,3.100000000000000,-9999.000000000000000,0.100000000000000,0.114550000000000,-9999.000000000000000,0.011000000000000,-9999.000000000000000,760.000000000000000,0.091550050771200,8.400000000000000,9.851520000000001,-9999.000000000000000,9.100000000000000,19.589569999999998,-9999.000000000000000,0.050000000000000,0.056855000000000,410.000000000000000,0.067989307439200,17.600000000000001,0.002272560000130,0.550000000000000,3450.000000000000000,0.465049194117000,4.020000000000000,5.750610000000000,7.300000000000000,8.514720000000002,20.899999999999999,-9999.000000000000000,12.999999000000001,0.002978774852740,2.700000000000000,-9999.000000000000000,1.730000000000000,2.024619000000000,-9999.000000000000000,37.969999999999999,41.523992000000000,-0.001000000000000,-9999.000000000000000,-9999.000000000000000,0.010000000000000,0.550000000000000,0.730620000000000,5.000000000000000,-0.500000000000000,-9999.000000000000000,-9999.000000000000000,1.440000000000000,1.669824000000000,1.200000000000000,0.024971345381200,51.399999999999999,60.785600671700003,0.290000000000000,0.354119000000000,0.140000000000000,0.161140000000000,-0.010000000000000,1.600000000000000,1.820640000000000,280.000000000000000,0.046704964737200,0.040000000000000,0.040000000000000,0.045684000000000,0.670000000000000,0.790092476197000,93.000000000000000,166.022214843000000,0.350000000000000,0.441350000000000,2.330000000000000,2.958867000000000,0.300000000000000,0.341610000000000,9.000000000000000,11.203200000000001,119.500000000000000,161.419083112999999
120.095045163081,-33.54834137202,"12153550",ROCKC,"114345",GSRK0286,-0.010000000000000,3120.000000000000000,0.589512348578000,3.200000000000000,0.002000000000000,0.000000000000000,191.000000000000000,213.250563830000004,0.590000000000000,-0.010000000000000,-9999.000000000000000,-9999.000000000000000,620.000000000000000,0.086749563806000,0.040000000000000,17.720001000000000,21.767249228400001,-9999.000000000000000,7.700000000000000,-9999.000000000000000,70.000000000000000,102.308967234999997,0.650000000000000,0.689130000000000,46.799999999999997,0.630000050000000,0.723051057385000,0.260000020000000,0.297310022870000,0.380000030000000,0.440002034737000,-9999.000000000000000,2760.000000000000000,-9999.000000000000000,0.354936000000000,-9999.000000000000000,12.859999999999999,17.286411999999999,1.200000000000000,1.383120000000000,0.160000000000000,-9999.000000000000000,-9999.000000000000000,3.100000000000000,0.000000000000000,0.100000000000000,0.114550000000000,-9999.000000000000000,0.011000000000000,-9999.000000000000000,760.000000000000000,0.091550050771200,8.400001000000000,9.851521172800000,-9999.000000000000000,9.100000000000000,19.589569999999998,-9999.000000000000000,0.050000000000000,0.056855000000000,410.000000000000000,0.067989307439200,17.600000000000001,0.002272560000130,0.550000000000000,3449.999800000000050,0.465049167158000,4.020000000000000,5.750610000000000,7300.000000000000000,8514.719999999999345,20.899999999999999,-9999.000000000000000,12.999999000000001,0.002978774852740,2.700000000000000,0.000000000000000,1.730000100000000,2.024619117030000,0.000000000000000,37.969999999999999,41.523992000000000,-0.001000000000000,-9999.000000000000000,-9999.000000000000000,0.010000000000000,0.550000000000000,0.730620000000000,5.000000000000000,-0.500000000000000,0.000000000000000,-9999.000000000000000,1.440000000000000,1.669824000000000,1.200000000000000,0.024971345381200,51.399999999999999,60.785600671700003,0.290000000000000,0.354119000000000,0.140000000000000,0.161140000000000,-0.010000000000000,1.600000000000000,1.820640000000000,280.000000000000000,0.046704964737200,0.040000000000000,0.040000003000000,0.045684003426300,0.670000000000000,0.790092476197000,93.000000000000000,166.022214843000000,0.350000000000000,0.441350000000000,2.330000000000000,2.958867000000000,0.300000000000000,0.341610000000000,9.000000000000000,11.203200000000001,119.500000000000000,161.419083112999999
120.094216164587,-33.5467263712522,"9926012",ROCKC,"101503",GSRK0099,0.500000000000000,5820.000000000000000,1.099667265620000,2.900000000000000,0.052000000000000,-9999.000000000000000,342.000000000000000,381.841323717000023,0.680000000000000,0.500000000000000,-9999.000000000000000,-9999.000000000000000,240.000000000000000,0.033580476312000,0.180000000000000,27.820000000000000,34.174087999999998,-9999.000000000000000,47.500000000000000,-9999.000000000000000,112.000000000000000,163.694347576000013,4.550000000000000,4.823910000000000,1004.799999999999955,1.060000000000000,1.216562000000000,0.600000000000000,0.686100000000000,0.480000000000000,0.555792000000000,-9999.000000000000000,13130.000000000000000,-9999.000000000000000,1.688518000000000,-9999.000000000000000,21.829999999999998,29.343886000000001,1.690000000000000,1.947894000000000,0.320000000000000,-9999.000000000000000,-9999.000000000000000,3.610000000000000,-9999.000000000000000,0.200000000000000,0.229100000000000,-9999.000000000000000,0.077000000000000,-9999.000000000000000,2560.000000000000000,0.308379118387000,13.100000000000000,15.363680000000000,-9999.000000000000000,25.399999999999999,54.678579999999997,-9999.000000000000000,0.110000000000000,0.125081000000000,1340.000000000000000,0.222208956021000,6.600000000000000,0.000852210000048,2.900000000000000,520.000000000000000,0.070094371287200,4.750000000000000,6.794875000000000,10.510000000000000,12.258864000000001,61.200000000000003,-9999.000000000000000,20.299999000000000,0.004651471629490,3.700000000000000,-9999.000000000000000,2.970000000000000,3.475791000000000,-9999.000000000000000,124.659999999999997,136.328176000000013,0.002000000000000,-9999.000000000000000,-9999.000000000000000,0.020000000000000,0.310000000000000,0.411804000000000,9.300000000000001,1.800000000000000,-9999.000000000000000,-9999.000000000000000,2.140000000000000,2.481544000000000,3.500000000000000,0.049942690762400,32.000000000000000,37.843175515500000,0.420000000000000,0.512862000000000,0.190000000000000,0.218690000000000,0.140000000000000,3.100000000000000,3.527490000000000,320.000000000000000,0.053377102556800,0.230000000000000,0.090000000000000,0.102789000000000,2.920000000000000,3.443388105220000,100.000000000000000,178.518510584000012,1.240000000000000,1.563640000000000,4.320000000000001,5.485968000000000,0.680000000000000,0.774316000000000,42.000000000000000,52.281599999999997,141.400000000000006,191.001325121999997
120.094216164587,-33.5467263712522,"12153485",ROCKC,"114345",GSRK0099,0.500000000000000,5819.999700000000303,1.099667208930000,2.900000000000000,0.052000000000000,0.000000000000000,342.000000000000000,381.841323717000023,0.680000000000000,0.500000000000000,-9999.000000000000000,-9999.000000000000000,240.000000000000000,0.033580476312000,0.180000000000000,27.820001999999999,34.174090456800002,-9999.000000000000000,47.500000000000000,-9999.000000000000000,112.000000000000000,163.694347576000013,4.550000000000000,4.823910000000000,1004.799999999999955,1.060000100000000,1.216562114770000,0.600000000000000,0.686100000000000,0.480000020000000,0.555792023158000,-9999.000000000000000,13130.000000000000000,-9999.000000000000000,1.688518000000000,-9999.000000000000000,21.829999999999998,29.343886000000001,1.690000000000000,1.947894000000000,0.320000000000000,-9999.000000000000000,-9999.000000000000000,3.610000000000000,0.000000000000000,0.200000000000000,0.229100000000000,-9999.000000000000000,0.077000000000000,-9999.000000000000000,2560.000000000000000,0.308379118387000,13.100000000000000,15.363680000000000,-9999.000000000000000,25.399999999999999,54.678579999999997,-9999.000000000000000,0.110000010000000,0.125081011371000,1339.999900000000025,0.222208939438000,6.600000000000000,0.000852210000048,2.900000000000000,520.000000000000000,0.070094371287200,4.750000000000000,6.794875000000000,10510.000000000000000,12258.863999999999578,61.200000000000003,-9999.000000000000000,20.299999000000000,0.004651471629490,3.700000000000000,0.000000000000000,2.970000000000000,3.475791000000000,0.000000000000000,124.659999999999997,136.328176000000013,0.002000000000000,-9999.000000000000000,-9999.000000000000000,0.020000000000000,0.310000000000000,0.411804000000000,9.300000000000001,1.800000000000000,0.000000000000000,-9999.000000000000000,2.140000000000000,2.481544000000000,3.500000000000000,0.049942690762400,32.000000000000000,37.843175515500000,0.420000000000000,0.512862000000000,0.190000010000000,0.218690011510000,0.140000000000000,3.100000000000000,3.527490000000000,320.000000000000000,0.053377102556800,0.230000000000000,0.090000000000000,0.102789000000000,2.920000000000000,3.443388105220000,100.000000000000000,178.518510584000012,1.240000000000000,1.563640000000000,4.320000000000001,5.485968000000000,0.680000000000000,0.774316000000000,42.000000000000000,52.281599999999997,141.400000000000006,191.001325121999997
120.101541171536,-33.5462843713579,"9926071",ROCKC,"101503",GSRK0334,0.000000000000000,7160.000000000000000,1.352855261480000,1.800000000000000,-0.001000000000000,-9999.000000000000000,75.000000000000000,83.737132394000000,0.600000000000000,0.080000000000000,-9999.000000000000000,-9999.000000000000000,5840.000000000000000,0.817124923592000,0.100000000000000,9.000000000000000,11.055600000000000,-9999.000000000000000,40.000000000000000,-9999.000000000000000,201.000000000000000,293.772891630999993,0.600000000000000,0.636120000000000,10.400000000000000,3.370000000000000,3.867749000000000,2.000000000000000,2.287000000000000,0.800000000000000,0.926320000000000,-9999.000000000000000,8330.000000000000000,-9999.000000000000000,1.071238000000000,-9999.000000000000000,18.010000000000002,24.209042000000000,2.830000000000000,3.261858000000000,0.090000000000000,-9999.000000000000000,-9999.000000000000000,2.080000000000000,-9999.000000000000000,0.670000000000000,0.767485000000000,-9999.000000000000000,0.115000000000000,-9999.000000000000000,400.000000000000000,0.048184237248000,4.300000000000000,5.043040000000000,-9999.000000000000000,10.000000000000000,21.527000000000001,-9999.000000000000000,0.300000000000000,0.341130000000000,2750.000000000000000,0.456025842580000,174.099999999999994,0.022480266819400,0.340000000000000,2350.000000000000000,0.316772639471000,3.680000000000000,5.264240000000000,7.070000000000000,8.246447999999999,131.300000000000011,-9999.000000000000000,43.100000000000001,0.009875785079160,2.000000000000000,-9999.000000000000000,1.350000000000000,1.579905000000000,-9999.000000000000000,7.650000000000000,8.366040000000000,-0.001000000000000,-9999.000000000000000,-9999.000000000000000,-0.010000000000000,0.380000000000000,0.504792000000000,26.100000000000001,-0.500000000000000,-9999.000000000000000,-9999.000000000000000,2.140000000000000,2.481544000000000,6.100000000000000,-9999.000000000000000,105.099999999999994,124.291179584000005,0.360000000000000,0.439596000000000,0.470000000000000,0.540970000000000,-0.010000000000000,0.900000000000000,1.024110000000000,680.000000000000000,0.113426342933000,0.040000000000000,0.300000000000000,0.342630000000000,0.310000000000000,0.365565175554000,298.000000000000000,531.985161541000025,0.380000000000000,0.479180000000000,16.600000000000001,21.080340000000000,1.930000000000000,2.197691000000000,37.000000000000000,46.057600000000001,81.799999999999997,110.494401662000001
120.101541171536,-33.5462843713579,"12153556",ROCKC,"114345",GSRK0334,0.040000000000000,7160.000000000000000,1.352855261480000,1.800000000000000,0.000000000000000,0.000000000000000,75.000000000000000,83.737132394000000,0.580000000000000,0.080000000000000,-9999.000000000000000,-9999.000000000000000,5839.999700000000303,0.817124881616000,0.050000000000000,9.030001000000000,11.092453228400000,-9999.000000000000000,40.000000000000000,-9999.000000000000000,201.000000000000000,293.772891630999993,0.560000000000000,0.593712000000000,10.400000000000000,3.370000100000000,3.867749114770000,1.960000000000000,2.241260000000000,0.780000030000000,0.903162034737000,-9999.000000000000000,8330.000000000000000,-9999.000000000000000,1.071238000000000,-9999.000000000000000,18.010000000000002,24.209042000000000,2.830000200000000,3.261858230520000,0.090000000000000,-9999.000000000000000,-9999.000000000000000,2.080000000000000,0.000000000000000,0.670000000000000,0.767485000000000,-9999.000000000000000,0.115000000000000,-9999.000000000000000,399.999979999999994,0.048184234838800,4.300000000000000,5.043040000000000,-9999.000000000000000,10.000000000000000,21.527000000000001,-9999.000000000000000,0.300000000000000,0.341130000000000,2750.000000000000000,0.456025842580000,174.099999999999994,0.022480266819400,0.340000000000000,2350.000000000000000,0.316772639471000,3.680000000000000,5.264240000000000,7070.000000000000000,8246.448000000000320,131.300000000000011,-9999.000000000000000,43.100000000000001,0.009875785079160,2.000000000000000,0.000000000000000,1.350000000000000,1.579905000000000,0.000000000000000,7.650000000000000,8.366040000000000,-0.001000000000000,-9999.000000000000000,-9999.000000000000000,0.000000000000000,0.380000000000000,0.504792000000000,26.100000000000001,-0.500000000000000,0.000000000000000,-9999.000000000000000,2.140000000000000,2.481544000000000,6.100000000000000,-9999.000000000000000,105.099999999999994,124.291179584000005,0.360000000000000,0.439596000000000,0.470000030000000,0.540970034530000,-0.010000000000000,0.900000000000000,1.024110000000000,680.000000000000000,0.113426342933000,0.040000000000000,0.300000000000000,0.342630000000000,0.310000000000000,0.365565175554000,298.000000000000000,531.985161541000025,0.380000000000000,0.479180000000000,16.600000000000001,21.080340000000000,1.930000100000000,2.197691113870000,37.000000000000000,46.057600000000001,81.799999999999997,110.494401662000001
120.094665165922,-33.5458443711843,"9926053",ROCKC,"101503",GSRK0268,0.000000000000000,5030.000000000000000,0.950399715817000,26.800000000000001,0.256000000000000,-9999.000000000000000,392.000000000000000,437.666078646000017,0.300000000000000,0.450000000000000,-9999.000000000000000,-9999.000000000000000,160.000000000000000,0.022386984208000,0.100000000000000,14.000000000000000,17.197600000000001,-9999.000000000000000,0.600000000000000,-9999.000000000000000,13.000000000000000,19.000236772200001,0.700000000000000,0.742140000000000,50.399999999999999,0.910000000000000,1.044407000000000,1.000000000000000,1.143500000000000,0.200000000000000,0.231580000000000,-9999.000000000000000,1330.000000000000000,-9999.000000000000000,0.171038000000000,-9999.000000000000000,14.070000000000000,18.912894000000001,1.080000000000000,1.244808000000000,0.060000000000000,-9999.000000000000000,-9999.000000000000000,4.310000000000000,-9999.000000000000000,0.180000000000000,0.206190000000000,-9999.000000000000000,0.075000000000000,-9999.000000000000000,2240.000000000000000,0.269831728589000,8.199999999999999,9.616960000000001,-9999.000000000000000,14.800000000000001,31.859960000000001,-9999.000000000000000,0.100000000000000,0.113710000000000,140.000000000000000,0.023215861076800,8.900000000000000,0.001149192272790,1.180000000000000,700.000000000000000,0.094357807502000,4.420000000000000,6.322810000000000,6.310000000000000,7.359984000000000,3.400000000000000,-9999.000000000000000,6.799999600000000,0.001558128412710,4.100000000000000,-9999.000000000000000,1.610000000000000,1.884183000000000,-9999.000000000000000,46.820000000000000,51.202351999999998,-0.001000000000000,-9999.000000000000000,-9999.000000000000000,0.240000000000000,0.180000000000000,0.239112000000000,2.600000000000000,-0.500000000000000,-9999.000000000000000,-9999.000000000000000,1.300000000000000,1.507480000000000,2.500000000000000,0.599312289148000,17.000000000000000,20.104186992599999,0.340000000000000,0.415174000000000,0.140000000000000,0.161140000000000,-0.010000000000000,2.400000000000000,2.730960000000000,140.000000000000000,0.023352482368600,0.110000000000000,0.090000000000000,0.102789000000000,0.740000000000000,0.872639451322000,16.000000000000000,28.562961693500000,2.730000000000000,3.442530000000000,4.690000000000000,5.955831000000000,0.620000000000000,0.705994000000000,3.000000000000000,3.734400000000000,157.199999999999989,212.343764563000008
120.094665165922,-33.5458443711843,"9926054",ROCKC,"101503",GSRK0269,0.100000000000000,2790.000000000000000,0.527160080940000,2.300000000000000,0.003000000000000,-9999.000000000000000,98.000000000000000,109.416519660999995,0.200000000000000,0.050000000000000,-9999.000000000000000,-9999.000000000000000,630.000000000000000,0.088148750319000,0.100000000000000,8.000000000000000,9.827199999999999,-9999.000000000000000,4.500000000000000,-9999.000000000000000,8.000000000000000,11.692453398300000,2.600000000000000,2.756520000000000,30.600000000000001,0.720000000000000,0.826344000000000,0.000000000000000,-9999.000000000000000,0.200000000000000,0.231580000000000,-9999.000000000000000,2960.000000000000000,-9999.000000000000000,0.380656000000000,-9999.000000000000000,16.050000000000001,21.574410000000000,0.770000000000000,0.887502000000000,0.080000000000000,-9999.000000000000000,-9999.000000000000000,5.970000000000000,-9999.000000000000000,0.140000000000000,0.160370000000000,-9999.000000000000000,0.032000000000000,-9999.000000000000000,1170.000000000000000,0.140938893950000,3.600000000000000,4.222080000000000,-9999.000000000000000,23.600000000000001,50.803719999999998,-9999.000000000000000,0.110000000000000,0.125081000000000,560.000000000000000,0.092863444307200,35.399999999999999,0.004570944545710,0.660000000000000,1080.000000000000000,0.145580617289000,7.300000000000000,10.442650000000000,3.670000000000000,4.280688000000000,9.300000000000001,-9999.000000000000000,7.999999000000000,0.001833092128940,3.700000000000000,-9999.000000000000000,0.830000000000000,0.971349000000000,-9999.000000000000000,43.390000000000001,47.451304000000000,-0.001000000000000,-9999.000000000000000,-9999.000000000000000,0.010000000000000,0.160000000000000,0.212544000000000,5.100000000000000,-0.500000000000000,-9999.000000000000000,-9999.000000000000000,0.810000000000000,0.939276000000000,1.800000000000000,0.024971345381200,17.199999999999999,20.340706839599999,0.580000000000000,0.708238000000000,0.110000000000000,0.126610000000000,-0.010000000000000,2.100000000000000,2.389590000000000,350.000000000000000,0.058381205921500,0.140000000000000,0.080000000000000,0.091368000000000,0.750000000000000,0.884431876340000,41.000000000000000,73.192589339600005,0.550000000000000,0.693550000000000,3.600000000000000,4.571640000000000,0.610000000000000,0.694607000000000,7.000000000000000,8.713600000000000,212.900000000000006,287.582617529000004
120.094665165922,-33.5458443711843,"12153539",ROCKC,"114345",GSRK0268,0.030000000000000,5029.999700000000303,0.950399659133000,26.800000000000001,0.256000000000000,0.000000000000000,392.000000000000000,437.666078646000017,0.260000000000000,0.450000000000000,-9999.000000000000000,-9999.000000000000000,160.000000000000000,0.022386984208000,0.050000000000000,14.440001000000001,17.738097228400001,-9999.000000000000000,0.600000000000000,-9999.000000000000000,13.000000000000000,19.000236772200001,0.710000000000000,0.752742000000000,50.399999999999999,0.910000000000000,1.044407000000000,0.560000000000000,0.640360000000000,0.230000000000000,0.266317000000000,-9999.000000000000000,1329.999900000000025,-9999.000000000000000,0.171037987140000,-9999.000000000000000,14.070000000000000,18.912894000000001,1.080000000000000,1.244808000000000,0.060000000000000,-9999.000000000000000,-9999.000000000000000,4.310000000000000,0.000000000000000,0.180000000000000,0.206190000000000,-9999.000000000000000,0.075000000000000,-9999.000000000000000,2240.000000000000000,0.269831728589000,8.200001000000000,9.616961172800000,-9999.000000000000000,14.800000000000001,31.859960000000001,-9999.000000000000000,0.100000000000000,0.113710000000000,140.000000000000000,0.023215861076800,8.900000000000000,0.001149192272790,1.180000000000000,700.000000000000000,0.094357807502000,4.420000000000000,6.322810000000000,6310.000000000000000,7359.984000000000378,3.400000000000000,-9999.000000000000000,6.799999600000000,0.001558128412710,4.100000000000000,0.000000000000000,1.610000100000000,1.884183117030000,0.000000000000000,46.820000000000000,51.202351999999998,-0.001000000000000,-9999.000000000000000,-9999.000000000000000,0.240000000000000,0.180000000000000,0.239112000000000,2.600000000000000,-0.500000000000000,0.000000000000000,-9999.000000000000000,1.300000100000000,1.507480115960000,2.500000000000000,0.599312289148000,17.000000000000000,20.104186992599999,0.340000000000000,0.415174000000000,0.140000000000000,0.161140000000000,-0.010000000000000,2.400000000000000,2.730960000000000,140.000000000000000,0.023352482368600,0.110000000000000,0.090000000000000,0.102789000000000,0.740000000000000,0.872639451322000,16.000000000000000,28.562961693500000,2.730000000000000,3.442530000000000,4.690000000000000,5.955831000000000,0.620000000000000,0.705994000000000,3.000000000000000,3.734400000000000,157.199999999999989,212.343764563000008
120.094665165922,-33.5458443711843,"12153540",ROCKC,"114345",GSRK0269,0.050000000000000,2790.000000000000000,0.527160080940000,2.300000000000000,0.003000000000000,0.000000000000000,98.000000000000000,109.416519660999995,0.210000000000000,0.050000000000000,-9999.000000000000000,-9999.000000000000000,630.000000000000000,0.088148750319000,0.070000000000000,7.880000600000000,9.679792737040000,-9999.000000000000000,4.500000000000000,-9999.000000000000000,8.000000000000000,11.692453398300000,2.620000000000000,2.777724000000000,30.600000000000001,0.720000000000000,0.826344000000000,0.470000030000000,0.537445034305000,0.180000000000000,0.208422000000000,-9999.000000000000000,2960.000000000000000,-9999.000000000000000,0.380656000000000,-9999.000000000000000,16.050000000000001,21.574410000000000,0.770000040000000,0.887502046104000,0.080000000000000,-9999.000000000000000,-9999.000000000000000,5.970000000000000,0.000000000000000,0.140000000000000,0.160370000000000,-9999.000000000000000,0.032000000000000,-9999.000000000000000,1170.000000000000000,0.140938893950000,3.600000100000000,4.222080117280000,-9999.000000000000000,23.600000000000001,50.803719999999998,-9999.000000000000000,0.110000010000000,0.125081011371000,560.000000000000000,0.092863444307200,35.399999999999999,0.004570944545710,0.660000000000000,1079.999900000000025,0.145580603809000,7.300000000000000,10.442650000000000,3670.000000000000000,4280.688000000000102,9.300000000000001,-9999.000000000000000,7.999999000000000,0.001833092128940,3.700000000000000,0.000000000000000,0.830000040000000,0.971349046812000,0.000000000000000,43.390000000000001,47.451304000000000,-0.001000000000000,-9999.000000000000000,-9999.000000000000000,0.010000000000000,0.160000000000000,0.212544000000000,5.100000000000000,-0.500000000000000,0.000000000000000,-9999.000000000000000,0.810000060000000,0.939276069576000,1.800000000000000,0.024971345381200,17.199999999999999,20.340706839599999,0.580000000000000,0.708238000000000,0.110000010000000,0.126610011510000,-0.010000000000000,2.100000000000000,2.389590000000000,350.000000000000000,0.058381205921500,0.140000000000000,0.080000006000000,0.091368006852600,0.750000000000000,0.884431876340000,41.000000000000000,73.192589339600005,0.550000000000000,0.693550000000000,3.600000000000000,4.571640000000000,0.610000000000000,0.694607000000000,7.000000000000000,8.713600000000000,212.900000000000006,287.582617529000004
120.095623166997,-33.5455513712346,"9926055",ROCKC,"101503",GSRK0270,0.000000000000000,5310.000000000000000,1.003304670180000,3.600000000000000,-0.001000000000000,-9999.000000000000000,10.000000000000000,11.164950985899999,13.000000000000000,0.030000000000000,-9999.000000000000000,-9999.000000000000000,100.000000000000000,0.013991865130000,-0.010000000000000,0.000000000000000,-9999.000000000000000,-9999.000000000000000,0.500000000000000,-9999.000000000000000,8.000000000000000,11.692453398300000,16.899999999999999,17.917380000000001,13.400000000000000,0.250000000000000,0.286925000000000,0.000000000000000,-9999.000000000000000,0.000000000000000,-9999.000000000000000,-9999.000000000000000,310.000000000000000,-9999.000000000000000,0.039866000000000,-9999.000000000000000,23.820000000000000,32.018844000000001,0.200000000000000,0.230520000000000,0.090000000000000,-9999.000000000000000,-9999.000000000000000,1.570000000000000,-9999.000000000000000,0.030000000000000,0.034365000000000,-9999.000000000000000,-0.005000000000000,-9999.000000000000000,720.000000000000000,0.086731627046400,0.200000000000000,0.234560000000000,-9999.000000000000000,17.100000000000001,36.811169999999997,-9999.000000000000000,-0.010000000000000,-9999.000000000000000,10.000000000000000,0.001658275791200,160.599989999999991,0.020737108709900,0.270000000000000,4950.000000000000000,0.667244495907000,86.400000000000006,123.595200000000006,0.190000000000000,0.221616000000000,2.500000000000000,-9999.000000000000000,17.199998999999998,0.003941148340740,6.000000000000000,-9999.000000000000000,0.040000000000000,0.046812000000000,-9999.000000000000000,409.660000000000025,448.004175999999973,-0.001000000000000,-9999.000000000000000,-9999.000000000000000,-0.010000000000000,0.280000000000000,0.371952000000000,-0.100000000000000,-0.500000000000000,-9999.000000000000000,-9999.000000000000000,0.160000000000000,0.185536000000000,16.100000000000001,-9999.000000000000000,2.100000000000000,2.483458393200000,50.729999999999997,61.946402999999997,0.050000000000000,0.057550000000000,-0.010000000000000,0.500000000000000,0.568950000000000,10.000000000000000,0.001668034454900,2.430000000000000,-0.010000000000000,-9999.000000000000000,2.850000000000000,3.360841130090000,-2.000000000000000,-9999.000000000000000,0.810000000000000,1.021410000000000,0.980000000000000,1.244502000000000,0.070000000000000,0.079709000000000,4.000000000000000,4.979200000000000,10.400000000000000,14.048187986400000
120.095623166997,-33.5455513712346,"12153541",ROCKC,"114345",GSRK0270,0.040000000000000,5310.000000000000000,1.003304670180000,3.600000000000000,0.000000000000000,0.000000000000000,10.000000000000000,11.164950985899999,12.960000000000001,0.030000000000000,-9999.000000000000000,-9999.000000000000000,99.999994000000001,0.013991864290500,-0.010000000000000,0.430000000000000,0.528212000000000,-9999.000000000000000,0.500000000000000,-9999.000000000000000,8.000000000000000,11.692453398300000,16.859999999999999,17.874972000000000,13.400000000000000,0.250000000000000,0.286925000000000,0.060000002000000,0.068610002287000,0.010000001000000,0.011579001157900,-9999.000000000000000,310.000000000000000,-9999.000000000000000,0.039866000000000,-9999.000000000000000,23.820000000000000,32.018844000000001,0.200000000000000,0.230520000000000,0.090000000000000,-9999.000000000000000,-9999.000000000000000,1.570000000000000,0.000000000000000,0.030000001000000,0.034365001145500,-9999.000000000000000,-0.005000000000000,-9999.000000000000000,719.999969999999962,0.086731623432600,0.200000000000000,0.234560000000000,-9999.000000000000000,17.100000000000001,36.811169999999997,-9999.000000000000000,-0.010000001000000,-9999.000000000000000,10.000000000000000,0.001658275791200,160.599989999999991,0.020737108709900,0.270000000000000,4950.000000000000000,0.667244495907000,86.400000000000006,123.595200000000006,190.000000000000000,221.616000000000014,2.500000000000000,-9999.000000000000000,17.199998999999998,0.003941148340740,6.000000000000000,0.000000000000000,0.040000003000000,0.046812003510900,0.000000000000000,409.660000000000025,448.004175999999973,-0.001000000000000,-9999.000000000000000,-9999.000000000000000,0.000000000000000,0.280000000000000,0.371952000000000,-0.100000000000000,-0.500000000000000,0.000000000000000,-9999.000000000000000,0.160000010000000,0.185536011596000,16.100000000000001,-9999.000000000000000,2.100000000000000,2.483458393200000,50.729999999999997,61.946402999999997,0.050000000000000,0.057550000000000,-0.010000000000000,0.500000000000000,0.568950000000000,10.000000000000000,0.001668034454900,2.430000000000000,-0.010000001000000,-9999.000000000000000,2.850000000000000,3.360841130090000,-2.000000000000000,-9999.000000000000000,0.810000000000000,1.021410000000000,0.980000000000000,1.244502000000000,0.070000000000000,0.079709000000000,4.000000000000000,4.979200000000000,10.400000000000000,14.048187986400000
120.093832166114,-33.545328370753,"9926052",ROCKC,"101503",GSRK0267,0.100000000000000,4990.000000000000000,0.942841865194000,1.500000000000000,0.049000000000000,-9999.000000000000000,198.000000000000000,221.066029520000001,0.500000000000000,0.520000000000000,-9999.000000000000000,-9999.000000000000000,990.000000000000000,0.138519464787000,0.100000000000000,20.000000000000000,24.568000000000001,-9999.000000000000000,19.300000000000001,-9999.000000000000000,17.000000000000000,24.846463471300002,2.000000000000000,2.120400000000000,1505.099999999999909,1.600000000000000,1.836320000000000,1.000000000000000,1.143500000000000,0.600000000000000,0.694740000000000,-9999.000000000000000,3970.000000000000000,-9999.000000000000000,0.510542000000000,-9999.000000000000000,16.629999999999999,22.354046000000000,1.950000000000000,2.247570000000000,0.070000000000000,-9999.000000000000000,-9999.000000000000000,4.440000000000001,-9999.000000000000000,0.300000000000000,0.343650000000000,-9999.000000000000000,0.092000000000000,-9999.000000000000000,2220.000000000000000,0.267422516726000,9.800000000000001,11.493440000000000,-9999.000000000000000,42.299999999999997,91.059209999999993,-9999.000000000000000,0.200000000000000,0.227420000000000,1330.000000000000000,0.220550680230000,24.500000000000000,0.003163506818360,0.560000000000000,1300.000000000000000,0.175235928218000,5.440000000000000,7.781920000000000,9.970000000000001,11.629008000000001,31.399999999999999,-9999.000000000000000,23.199999999999999,0.005315967838430,2.800000000000000,-9999.000000000000000,2.320000000000000,2.715096000000000,-9999.000000000000000,62.240000000000002,68.065663999999998,-0.001000000000000,-9999.000000000000000,-9999.000000000000000,-0.010000000000000,0.210000000000000,0.278964000000000,6.300000000000000,-0.500000000000000,-9999.000000000000000,-9999.000000000000000,2.100000000000000,2.435160000000000,4.300000000000000,-9999.000000000000000,21.000000000000000,24.834583932000001,0.430000000000000,0.525073000000000,0.260000000000000,0.299260000000000,0.110000000000000,3.500000000000000,3.982650000000000,280.000000000000000,0.046704964737200,0.160000000000000,0.150000000000000,0.171315000000000,1.090000000000000,1.285374326950000,37.000000000000000,66.051848916200001,2.330000000000000,2.938130000000000,8.560000000000000,10.870343999999999,1.080000000000000,1.229796000000000,16.000000000000000,19.916799999999999,168.300000000000011,227.337503663999996
120.093832166114,-33.545328370753,"12153538",ROCKC,"114345",GSRK0267,0.140000000000000,4990.000000000000000,0.942841865194000,1.500000000000000,0.049000000000000,0.000000000000000,198.000000000000000,221.066029520000001,0.540000000000000,0.520000000000000,-9999.000000000000000,-9999.000000000000000,989.999950000000013,0.138519457791000,0.060000000000000,19.560001000000000,24.027505228399999,-9999.000000000000000,19.300000000000001,-9999.000000000000000,17.000000000000000,24.846463471300002,2.020000000000000,2.141604000000000,1505.099999999999909,1.600000000000000,1.836320000000000,0.890000050000000,1.017715057170000,0.560000000000000,0.648424000000000,-9999.000000000000000,3969.999800000000050,-9999.000000000000000,0.510541974280000,-9999.000000000000000,16.629999999999999,22.354046000000000,1.950000000000000,2.247570000000000,0.070000000000000,-9999.000000000000000,-9999.000000000000000,4.440000000000001,0.000000000000000,0.300000000000000,0.343650000000000,-9999.000000000000000,0.092000000000000,-9999.000000000000000,2220.000000000000000,0.267422516726000,9.800000000000001,11.493440000000000,-9999.000000000000000,42.299999999999997,91.059209999999993,-9999.000000000000000,0.200000000000000,0.227420000000000,1329.999900000000025,0.220550663647000,24.500000000000000,0.003163506818360,0.560000000000000,1300.000000000000000,0.175235928218000,5.440000000000000,7.781920000000000,9970.000000000000000,11629.007999999999811,31.399999999999999,-9999.000000000000000,23.199999999999999,0.005315967838430,2.800000000000000,0.000000000000000,2.320000200000000,2.715096234060000,0.000000000000000,62.240000000000002,68.065663999999998,-0.001000000000000,-9999.000000000000000,-9999.000000000000000,0.000000000000000,0.210000000000000,0.278964000000000,6.300000000000000,-0.500000000000000,0.000000000000000,-9999.000000000000000,2.100000100000000,2.435160115960000,4.300000000000000,-9999.000000000000000,21.000000000000000,24.834583932000001,0.430000000000000,0.525073000000000,0.260000020000000,0.299260023020000,0.110000000000000,3.500000000000000,3.982650000000000,280.000000000000000,0.046704964737200,0.160000000000000,0.150000000000000,0.171315000000000,1.090000000000000,1.285374326950000,37.000000000000000,66.051848916200001,2.330000000000000,2.938130000000000,8.560000000000000,10.870343999999999,1.080000000000000,1.229796000000000,16.000000000000000,19.916799999999999,168.300000000000011,227.337503663999996
120.095580167734,-33.5449003710613,"9926057",ROCKC,"101503",GSRK0272,-0.010000000000000,5560.000000000000000,1.050541236570000,-0.500000000000000,-0.001000000000000,-9999.000000000000000,70.000000000000000,78.154656901099997,0.700000000000000,0.040000000000000,-9999.000000000000000,-9999.000000000000000,4080.000000000000000,0.570868097304000,0.100000000000000,11.000000000000000,13.512400000000000,-9999.000000000000000,9.900000000000000,-9999.000000000000000,54.000000000000000,78.924060438300003,1.600000000000000,1.696320000000000,8.500000000000000,1.420000000000000,1.629734000000000,1.000000000000000,1.143500000000000,0.500000000000000,0.578950000000000,-9999.000000000000000,2450.000000000000000,-9999.000000000000000,0.315070000000000,-9999.000000000000000,17.600000000000001,23.657920000000001,1.430000000000000,1.648218000000000,-0.050000000000000,-9999.000000000000000,-9999.000000000000000,2.910000000000000,-9999.000000000000000,0.280000000000000,0.320740000000000,-9999.000000000000000,0.033000000000000,-9999.000000000000000,260.000000000000000,0.031319754211200,5.500000000000000,6.450400000000000,-9999.000000000000000,47.799999999999997,102.899060000000006,-9999.000000000000000,0.120000000000000,0.136452000000000,1480.000000000000000,0.245424817098000,53.299996999999998,0.006882240976660,0.280000000000000,3400.000000000000000,0.458309350724000,5.510000000000000,7.882055000000000,6.350000000000000,7.406640000000000,54.000000000000000,-9999.000000000000000,45.100000000000001,0.010334058168700,2.500000000000000,-9999.000000000000000,1.400000000000000,1.638420000000000,-9999.000000000000000,17.250000000000000,18.864599999999999,-0.001000000000000,-9999.000000000000000,-9999.000000000000000,-0.010000000000000,0.320000000000000,0.425088000000000,8.500000000000000,-0.500000000000000,-9999.000000000000000,-9999.000000000000000,1.370000000000000,1.588652000000000,4.300000000000000,-9999.000000000000000,129.300000000000011,152.910081066999993,1.020000000000000,1.245522000000000,0.220000000000000,0.253220000000000,-0.010000000000000,1.100000000000000,1.251690000000000,270.000000000000000,0.045036930282300,0.140000000000000,0.120000000000000,0.137052000000000,0.480000000000000,0.566036400858000,73.000000000000000,130.318512727000012,0.430000000000000,0.542230000000000,7.130000000000000,9.054387000000000,0.800000000000000,0.910960000000000,18.000000000000000,22.406400000000001,113.200000000000003,152.909123082000008
120.095580167734,-33.5449003710613,"12153543",ROCKC,"114345",GSRK0272,-0.010000000000000,5560.000000000000000,1.050541236570000,-0.500000000000000,0.000000000000000,0.000000000000000,70.000000000000000,78.154656901099997,0.710000000000000,0.040000000000000,-9999.000000000000000,-9999.000000000000000,4080.000000000000000,0.570868097304000,0.060000000000000,11.270000000000000,13.844068000000000,-9999.000000000000000,9.900000000000000,-9999.000000000000000,54.000000000000000,78.924060438300003,1.620000000000000,1.717524000000000,8.500000000000000,1.420000100000000,1.629734114770000,0.820000050000000,0.937670057175000,0.540000000000000,0.625266000000000,-9999.000000000000000,2450.000000000000000,-9999.000000000000000,0.315070000000000,-9999.000000000000000,17.600000000000001,23.657920000000001,1.430000100000000,1.648218115260000,-0.050000000000000,-9999.000000000000000,-9999.000000000000000,2.910000000000000,0.000000000000000,0.280000000000000,0.320740000000000,-9999.000000000000000,0.033000000000000,-9999.000000000000000,260.000000000000000,0.031319754211200,5.500000500000000,6.450400586400000,-9999.000000000000000,47.799999999999997,102.899060000000006,-9999.000000000000000,0.120000005000000,0.136452005686000,1480.000000000000000,0.245424817098000,53.299996999999998,0.006882240976660,0.280000000000000,3399.999899999999798,0.458309337244000,5.510000000000000,7.882055000000000,6350.000000000000000,7406.640000000000327,54.000000000000000,-9999.000000000000000,45.100000000000001,0.010334058168700,2.500000000000000,0.000000000000000,1.400000100000000,1.638420117030000,0.000000000000000,17.250000000000000,18.864599999999999,-0.001000000000000,-9999.000000000000000,-9999.000000000000000,0.000000000000000,0.320000000000000,0.425088000000000,8.500000000000000,-0.500000000000000,0.000000000000000,-9999.000000000000000,1.370000100000000,1.588652115960000,4.300000000000000,-9999.000000000000000,129.300000000000011,152.910081066999993,1.020000000000000,1.245522000000000,0.220000010000000,0.253220011510000,-0.010000000000000,1.100000000000000,1.251690000000000,270.000000000000000,0.045036930282300,0.140000000000000,0.120000005000000,0.137052005710000,0.480000000000000,0.566036400858000,73.000000000000000,130.318512727000012,0.430000000000000,0.542230000000000,7.130000000000000,9.054387000000000,0.800000000000000,0.910960000000000,18.000000000000000,22.406400000000001,113.200000000000003,152.909123082000008
120.093083168316,-33.5432553700218,"9926056",ROCKC,"101503",GSRK0271,0.100000000000000,8340.000000000000000,1.575811854850000,1.100000000000000,-0.001000000000000,-9999.000000000000000,32.000000000000000,35.727843154799999,5.000000000000000,-0.010000000000000,-9999.000000000000000,-9999.000000000000000,80.000000000000000,0.011193492104000,0.000000000000000,1.000000000000000,1.228400000000000,-9999.000000000000000,0.900000000000000,-9999.000000000000000,12.000000000000000,17.538680097400000,30.500000000000000,32.336100000000002,12.400000000000000,0.080000000000000,0.091816000000000,0.000000000000000,-9999.000000000000000,0.000000000000000,-9999.000000000000000,-9999.000000000000000,320.000000000000000,-9999.000000000000000,0.041152000000000,-9999.000000000000000,46.930000000000000,63.083306000000000,0.090000000000000,0.103734000000000,0.100000000000000,-9999.000000000000000,-9999.000000000000000,0.300000000000000,-9999.000000000000000,0.010000000000000,0.011455000000000,-9999.000000000000000,0.010000000000000,-9999.000000000000000,2430.000000000000000,0.292719241282000,0.300000000000000,0.351840000000000,-9999.000000000000000,59.500000000000000,128.085649999999987,-9999.000000000000000,-0.010000000000000,-9999.000000000000000,40.000000000000000,0.006633103164800,13.400000000000000,0.001730244545550,0.310000000000000,3680.000000000000000,0.496052473725000,34.079999999999998,48.751440000000002,0.320000000000000,0.373248000000000,4.600000000000000,-9999.000000000000000,8.100000000000000,0.001856006012560,7.000000000000000,-9999.000000000000000,0.060000000000000,0.070218000000000,-9999.000000000000000,895.269999999999982,979.067272000000003,-0.001000000000000,-9999.000000000000000,-9999.000000000000000,-0.010000000000000,0.340000000000000,0.451656000000000,0.200000000000000,-0.500000000000000,-9999.000000000000000,-9999.000000000000000,0.100000000000000,0.115960000000000,43.700000000000003,-9999.000000000000000,2.200000000000000,2.601718316690000,24.949999999999999,30.466445000000000,0.010000000000000,0.011510000000000,-0.010000000000000,0.200000000000000,0.227580000000000,10.000000000000000,0.001668034454900,5.400000000000000,-0.010000000000000,-9999.000000000000000,1.060000000000000,1.249997051890000,6.000000000000000,10.711110635100001,1.720000000000000,2.168920000000000,0.240000000000000,0.304776000000000,0.030000000000000,0.034161000000000,4.000000000000000,4.979200000000000,3.000000000000000,4.052361919140000
120.093083168316,-33.5432553700218,"12153542",ROCKC,"114345",GSRK0271,0.080000000000000,8340.000000000000000,1.575811854850000,1.100000000000000,0.000000000000000,0.000000000000000,32.000000000000000,35.727843154799999,5.000000000000000,-0.010000000000000,-9999.000000000000000,-9999.000000000000000,80.000000000000000,0.011193492104000,0.010000000000000,1.030000100000000,1.265252122840000,-9999.000000000000000,0.900000000000000,-9999.000000000000000,12.000000000000000,17.538680097400000,30.520000000000000,32.357303999999999,12.400000000000000,0.080000006000000,0.091816006886200,0.030000001000000,0.034305001143500,0.030000001000000,0.034737001157900,-9999.000000000000000,320.000000000000000,-9999.000000000000000,0.041152000000000,-9999.000000000000000,46.930000000000000,63.083306000000000,0.090000000000000,0.103734000000000,0.100000000000000,-9999.000000000000000,-9999.000000000000000,0.300000000000000,0.000000000000000,0.010000001000000,0.011455001145500,-9999.000000000000000,0.010000000000000,-9999.000000000000000,2429.999800000000050,0.292719217189000,0.300000000000000,0.351840000000000,-9999.000000000000000,59.500000000000000,128.085649999999987,-9999.000000000000000,-0.010000001000000,-9999.000000000000000,40.000000000000000,0.006633103164800,13.400000000000000,0.001730244545550,0.310000000000000,3679.999800000000050,0.496052446765000,34.079999999999998,48.751440000000002,320.000000000000000,373.247999999999990,4.600000000000000,-9999.000000000000000,8.100000000000000,0.001856006012560,7.000000000000000,0.000000000000000,0.060000002000000,0.070218002340600,0.000000000000000,895.269999999999982,979.067272000000003,-0.001000000000000,-9999.000000000000000,-9999.000000000000000,0.000000000000000,0.340000000000000,0.451656000000000,0.200000000000000,-0.500000000000000,0.000000000000000,-9999.000000000000000,0.100000000000000,0.115960000000000,43.700000000000003,-9999.000000000000000,2.200000000000000,2.601718316690000,24.949999999999999,30.466445000000000,0.010000001000000,0.011510001151000,-0.010000000000000,0.200000000000000,0.227580000000000,10.000000000000000,0.001668034454900,5.400000000000000,-0.010000001000000,-9999.000000000000000,1.060000000000000,1.249997051890000,6.000000000000000,10.711110635100001,1.720000000000000,2.168920000000000,0.240000000000000,0.304776000000000,0.030000001000000,0.034161001138700,4.000000000000000,4.979200000000000,3.000000000000000,4.052361919140000
